M	0	0	minecraft:air	
M	1	0	minecraft:air	
M	2	0	minecraft:air	
M	3	0	minecraft:air	
M	4	0	minecraft:air	
M	5	0	minecraft:air	
M	6	0	minecraft:air	
M	7	0	minecraft:air	
M	8	0	minecraft:air	
M	9	0	minecraft:air	
M	10	0	minecraft:air	
M	11	0	minecraft:air	
M	12	0	minecraft:air	
M	13	0	minecraft:air	
M	14	0	minecraft:air	
M	15	0	minecraft:air	
M	16	1	minecraft:stone	
M	17	2	minecraft:granite	
M	18	3	minecraft:polished_granite	
M	19	4	minecraft:diorite	
M	20	5	minecraft:polished_diorite	
M	21	6	minecraft:andesite	
M	22	7	minecraft:polished_andesite	
M	23	1	minecraft:stone	
M	24	1	minecraft:stone	
M	25	1	minecraft:stone	
M	26	1	minecraft:stone	
M	27	1	minecraft:stone	
M	28	1	minecraft:stone	
M	29	1	minecraft:stone	
M	30	1	minecraft:stone	
M	31	1	minecraft:stone	
M	32	8	minecraft:grass_block	snowy=false
M	33	8	minecraft:grass_block	snowy=false
M	34	8	minecraft:grass_block	snowy=false
M	35	8	minecraft:grass_block	snowy=false
M	36	8	minecraft:grass_block	snowy=false
M	37	8	minecraft:grass_block	snowy=false
M	38	8	minecraft:grass_block	snowy=false
M	39	8	minecraft:grass_block	snowy=false
M	40	8	minecraft:grass_block	snowy=false
M	41	8	minecraft:grass_block	snowy=false
M	42	8	minecraft:grass_block	snowy=false
M	43	8	minecraft:grass_block	snowy=false
M	44	8	minecraft:grass_block	snowy=false
M	45	8	minecraft:grass_block	snowy=false
M	46	8	minecraft:grass_block	snowy=false
M	47	8	minecraft:grass_block	snowy=false
M	48	9	minecraft:dirt	
M	49	10	minecraft:coarse_dirt	
M	50	11	minecraft:podzol	snowy=false
M	51	9	minecraft:dirt	
M	52	9	minecraft:dirt	
M	53	9	minecraft:dirt	
M	54	9	minecraft:dirt	
M	55	9	minecraft:dirt	
M	56	9	minecraft:dirt	
M	57	9	minecraft:dirt	
M	58	9	minecraft:dirt	
M	59	9	minecraft:dirt	
M	60	9	minecraft:dirt	
M	61	9	minecraft:dirt	
M	62	9	minecraft:dirt	
M	63	9	minecraft:dirt	
M	64	12	minecraft:cobblestone	
M	65	12	minecraft:cobblestone	
M	66	12	minecraft:cobblestone	
M	67	12	minecraft:cobblestone	
M	68	12	minecraft:cobblestone	
M	69	12	minecraft:cobblestone	
M	70	12	minecraft:cobblestone	
M	71	12	minecraft:cobblestone	
M	72	12	minecraft:cobblestone	
M	73	12	minecraft:cobblestone	
M	74	12	minecraft:cobblestone	
M	75	12	minecraft:cobblestone	
M	76	12	minecraft:cobblestone	
M	77	12	minecraft:cobblestone	
M	78	12	minecraft:cobblestone	
M	79	12	minecraft:cobblestone	
M	80	13	minecraft:oak_planks	
M	81	14	minecraft:spruce_planks	
M	82	15	minecraft:birch_planks	
M	83	16	minecraft:jungle_planks	
M	84	17	minecraft:acacia_planks	
M	85	18	minecraft:dark_oak_planks	
M	86	13	minecraft:oak_planks	
M	87	13	minecraft:oak_planks	
M	88	13	minecraft:oak_planks	
M	89	13	minecraft:oak_planks	
M	90	13	minecraft:oak_planks	
M	91	13	minecraft:oak_planks	
M	92	13	minecraft:oak_planks	
M	93	13	minecraft:oak_planks	
M	94	13	minecraft:oak_planks	
M	95	13	minecraft:oak_planks	
M	96	19	minecraft:oak_sapling	stage=0
M	97	20	minecraft:spruce_sapling	stage=0
M	98	21	minecraft:birch_sapling	stage=0
M	99	22	minecraft:jungle_sapling	stage=0
M	100	23	minecraft:acacia_sapling	stage=0
M	101	24	minecraft:dark_oak_sapling	stage=0
M	102	19	minecraft:oak_sapling	stage=0
M	103	19	minecraft:oak_sapling	stage=0
M	104	25	minecraft:oak_sapling	stage=1
M	105	26	minecraft:spruce_sapling	stage=1
M	106	27	minecraft:birch_sapling	stage=1
M	107	28	minecraft:jungle_sapling	stage=1
M	108	29	minecraft:acacia_sapling	stage=1
M	109	30	minecraft:dark_oak_sapling	stage=1
M	110	19	minecraft:oak_sapling	stage=0
M	111	19	minecraft:oak_sapling	stage=0
M	112	31	minecraft:bedrock	
M	113	31	minecraft:bedrock	
M	114	31	minecraft:bedrock	
M	115	31	minecraft:bedrock	
M	116	31	minecraft:bedrock	
M	117	31	minecraft:bedrock	
M	118	31	minecraft:bedrock	
M	119	31	minecraft:bedrock	
M	120	31	minecraft:bedrock	
M	121	31	minecraft:bedrock	
M	122	31	minecraft:bedrock	
M	123	31	minecraft:bedrock	
M	124	31	minecraft:bedrock	
M	125	31	minecraft:bedrock	
M	126	31	minecraft:bedrock	
M	127	31	minecraft:bedrock	
M	128	32	minecraft:water	level=0
M	129	33	minecraft:water	level=1
M	130	34	minecraft:water	level=2
M	131	35	minecraft:water	level=3
M	132	36	minecraft:water	level=4
M	133	37	minecraft:water	level=5
M	134	38	minecraft:water	level=6
M	135	39	minecraft:water	level=7
M	136	40	minecraft:water	level=8
M	137	41	minecraft:water	level=9
M	138	42	minecraft:water	level=10
M	139	43	minecraft:water	level=11
M	140	44	minecraft:water	level=12
M	141	45	minecraft:water	level=13
M	142	46	minecraft:water	level=14
M	143	47	minecraft:water	level=15
M	144	48	minecraft:water	level=0
M	145	49	minecraft:water	level=1
M	146	50	minecraft:water	level=2
M	147	51	minecraft:water	level=3
M	148	52	minecraft:water	level=4
M	149	53	minecraft:water	level=5
M	150	54	minecraft:water	level=6
M	151	55	minecraft:water	level=7
M	152	56	minecraft:water	level=8
M	153	57	minecraft:water	level=9
M	154	58	minecraft:water	level=10
M	155	59	minecraft:water	level=11
M	156	60	minecraft:water	level=12
M	157	61	minecraft:water	level=13
M	158	62	minecraft:water	level=14
M	159	63	minecraft:water	level=15
M	160	64	minecraft:lava	level=0
M	161	65	minecraft:lava	level=1
M	162	66	minecraft:lava	level=2
M	163	67	minecraft:lava	level=3
M	164	68	minecraft:lava	level=4
M	165	69	minecraft:lava	level=5
M	166	70	minecraft:lava	level=6
M	167	71	minecraft:lava	level=7
M	168	72	minecraft:lava	level=8
M	169	73	minecraft:lava	level=9
M	170	74	minecraft:lava	level=10
M	171	75	minecraft:lava	level=11
M	172	76	minecraft:lava	level=12
M	173	77	minecraft:lava	level=13
M	174	78	minecraft:lava	level=14
M	175	79	minecraft:lava	level=15
M	176	80	minecraft:lava	level=0
M	177	81	minecraft:lava	level=1
M	178	82	minecraft:lava	level=2
M	179	83	minecraft:lava	level=3
M	180	84	minecraft:lava	level=4
M	181	85	minecraft:lava	level=5
M	182	86	minecraft:lava	level=6
M	183	87	minecraft:lava	level=7
M	184	88	minecraft:lava	level=8
M	185	89	minecraft:lava	level=9
M	186	90	minecraft:lava	level=10
M	187	91	minecraft:lava	level=11
M	188	92	minecraft:lava	level=12
M	189	93	minecraft:lava	level=13
M	190	94	minecraft:lava	level=14
M	191	95	minecraft:lava	level=15
M	192	96	minecraft:sand	
M	193	97	minecraft:red_sand	
M	194	96	minecraft:sand	
M	195	96	minecraft:sand	
M	196	96	minecraft:sand	
M	197	96	minecraft:sand	
M	198	96	minecraft:sand	
M	199	96	minecraft:sand	
M	200	96	minecraft:sand	
M	201	96	minecraft:sand	
M	202	96	minecraft:sand	
M	203	96	minecraft:sand	
M	204	96	minecraft:sand	
M	205	96	minecraft:sand	
M	206	96	minecraft:sand	
M	207	96	minecraft:sand	
M	208	98	minecraft:gravel	
M	209	98	minecraft:gravel	
M	210	98	minecraft:gravel	
M	211	98	minecraft:gravel	
M	212	98	minecraft:gravel	
M	213	98	minecraft:gravel	
M	214	98	minecraft:gravel	
M	215	98	minecraft:gravel	
M	216	98	minecraft:gravel	
M	217	98	minecraft:gravel	
M	218	98	minecraft:gravel	
M	219	98	minecraft:gravel	
M	220	98	minecraft:gravel	
M	221	98	minecraft:gravel	
M	222	98	minecraft:gravel	
M	223	98	minecraft:gravel	
M	224	99	minecraft:gold_ore	
M	225	99	minecraft:gold_ore	
M	226	99	minecraft:gold_ore	
M	227	99	minecraft:gold_ore	
M	228	99	minecraft:gold_ore	
M	229	99	minecraft:gold_ore	
M	230	99	minecraft:gold_ore	
M	231	99	minecraft:gold_ore	
M	232	99	minecraft:gold_ore	
M	233	99	minecraft:gold_ore	
M	234	99	minecraft:gold_ore	
M	235	99	minecraft:gold_ore	
M	236	99	minecraft:gold_ore	
M	237	99	minecraft:gold_ore	
M	238	99	minecraft:gold_ore	
M	239	99	minecraft:gold_ore	
M	240	100	minecraft:iron_ore	
M	241	100	minecraft:iron_ore	
M	242	100	minecraft:iron_ore	
M	243	100	minecraft:iron_ore	
M	244	100	minecraft:iron_ore	
M	245	100	minecraft:iron_ore	
M	246	100	minecraft:iron_ore	
M	247	100	minecraft:iron_ore	
M	248	100	minecraft:iron_ore	
M	249	100	minecraft:iron_ore	
M	250	100	minecraft:iron_ore	
M	251	100	minecraft:iron_ore	
M	252	100	minecraft:iron_ore	
M	253	100	minecraft:iron_ore	
M	254	100	minecraft:iron_ore	
M	255	100	minecraft:iron_ore	
M	256	101	minecraft:coal_ore	
M	257	101	minecraft:coal_ore	
M	258	101	minecraft:coal_ore	
M	259	101	minecraft:coal_ore	
M	260	101	minecraft:coal_ore	
M	261	101	minecraft:coal_ore	
M	262	101	minecraft:coal_ore	
M	263	101	minecraft:coal_ore	
M	264	101	minecraft:coal_ore	
M	265	101	minecraft:coal_ore	
M	266	101	minecraft:coal_ore	
M	267	101	minecraft:coal_ore	
M	268	101	minecraft:coal_ore	
M	269	101	minecraft:coal_ore	
M	270	101	minecraft:coal_ore	
M	271	101	minecraft:coal_ore	
M	272	102	minecraft:oak_log	axis=y
M	273	103	minecraft:spruce_log	axis=y
M	274	104	minecraft:birch_log	axis=y
M	275	105	minecraft:jungle_log	axis=y
M	276	106	minecraft:oak_log	axis=x
M	277	107	minecraft:spruce_log	axis=x
M	278	108	minecraft:birch_log	axis=x
M	279	109	minecraft:jungle_log	axis=x
M	280	110	minecraft:oak_log	axis=z
M	281	111	minecraft:spruce_log	axis=z
M	282	112	minecraft:birch_log	axis=z
M	283	113	minecraft:jungle_log	axis=z
M	284	114	minecraft:oak_bark	
M	285	115	minecraft:spruce_bark	
M	286	116	minecraft:birch_bark	
M	287	117	minecraft:jungle_bark	
M	288	118	minecraft:oak_leaves	check_decay=false,decayable=true
M	289	119	minecraft:spruce_leaves	check_decay=false,decayable=true
M	290	120	minecraft:birch_leaves	check_decay=false,decayable=true
M	291	121	minecraft:jungle_leaves	check_decay=false,decayable=true
M	292	122	minecraft:oak_leaves	check_decay=false,decayable=false
M	293	123	minecraft:spruce_leaves	check_decay=false,decayable=false
M	294	124	minecraft:birch_leaves	check_decay=false,decayable=false
M	295	125	minecraft:jungle_leaves	check_decay=false,decayable=false
M	296	126	minecraft:oak_leaves	check_decay=true,decayable=true
M	297	127	minecraft:spruce_leaves	check_decay=true,decayable=true
M	298	128	minecraft:birch_leaves	check_decay=true,decayable=true
M	299	129	minecraft:jungle_leaves	check_decay=true,decayable=true
M	300	130	minecraft:oak_leaves	check_decay=true,decayable=false
M	301	131	minecraft:spruce_leaves	check_decay=true,decayable=false
M	302	132	minecraft:birch_leaves	check_decay=true,decayable=false
M	303	133	minecraft:jungle_leaves	check_decay=true,decayable=false
M	304	134	minecraft:sponge	
M	305	135	minecraft:wet_sponge	
M	306	134	minecraft:sponge	
M	307	134	minecraft:sponge	
M	308	134	minecraft:sponge	
M	309	134	minecraft:sponge	
M	310	134	minecraft:sponge	
M	311	134	minecraft:sponge	
M	312	134	minecraft:sponge	
M	313	134	minecraft:sponge	
M	314	134	minecraft:sponge	
M	315	134	minecraft:sponge	
M	316	134	minecraft:sponge	
M	317	134	minecraft:sponge	
M	318	134	minecraft:sponge	
M	319	134	minecraft:sponge	
M	320	136	minecraft:glass	
M	321	136	minecraft:glass	
M	322	136	minecraft:glass	
M	323	136	minecraft:glass	
M	324	136	minecraft:glass	
M	325	136	minecraft:glass	
M	326	136	minecraft:glass	
M	327	136	minecraft:glass	
M	328	136	minecraft:glass	
M	329	136	minecraft:glass	
M	330	136	minecraft:glass	
M	331	136	minecraft:glass	
M	332	136	minecraft:glass	
M	333	136	minecraft:glass	
M	334	136	minecraft:glass	
M	335	136	minecraft:glass	
M	336	137	minecraft:lapis_ore	
M	337	137	minecraft:lapis_ore	
M	338	137	minecraft:lapis_ore	
M	339	137	minecraft:lapis_ore	
M	340	137	minecraft:lapis_ore	
M	341	137	minecraft:lapis_ore	
M	342	137	minecraft:lapis_ore	
M	343	137	minecraft:lapis_ore	
M	344	137	minecraft:lapis_ore	
M	345	137	minecraft:lapis_ore	
M	346	137	minecraft:lapis_ore	
M	347	137	minecraft:lapis_ore	
M	348	137	minecraft:lapis_ore	
M	349	137	minecraft:lapis_ore	
M	350	137	minecraft:lapis_ore	
M	351	137	minecraft:lapis_ore	
M	352	138	minecraft:lapis_block	
M	353	138	minecraft:lapis_block	
M	354	138	minecraft:lapis_block	
M	355	138	minecraft:lapis_block	
M	356	138	minecraft:lapis_block	
M	357	138	minecraft:lapis_block	
M	358	138	minecraft:lapis_block	
M	359	138	minecraft:lapis_block	
M	360	138	minecraft:lapis_block	
M	361	138	minecraft:lapis_block	
M	362	138	minecraft:lapis_block	
M	363	138	minecraft:lapis_block	
M	364	138	minecraft:lapis_block	
M	365	138	minecraft:lapis_block	
M	366	138	minecraft:lapis_block	
M	367	138	minecraft:lapis_block	
M	368	139	minecraft:dispenser	facing=down,triggered=false
M	369	140	minecraft:dispenser	facing=up,triggered=false
M	370	141	minecraft:dispenser	facing=north,triggered=false
M	371	142	minecraft:dispenser	facing=south,triggered=false
M	372	143	minecraft:dispenser	facing=west,triggered=false
M	373	144	minecraft:dispenser	facing=east,triggered=false
M	374	139	minecraft:dispenser	facing=down,triggered=false
M	375	139	minecraft:dispenser	facing=down,triggered=false
M	376	145	minecraft:dispenser	facing=down,triggered=true
M	377	146	minecraft:dispenser	facing=up,triggered=true
M	378	147	minecraft:dispenser	facing=north,triggered=true
M	379	148	minecraft:dispenser	facing=south,triggered=true
M	380	149	minecraft:dispenser	facing=west,triggered=true
M	381	150	minecraft:dispenser	facing=east,triggered=true
M	382	139	minecraft:dispenser	facing=down,triggered=false
M	383	139	minecraft:dispenser	facing=down,triggered=false
M	384	151	minecraft:sandstone	
M	385	152	minecraft:chiseled_sandstone	
M	386	153	minecraft:cut_sandstone	
M	387	151	minecraft:sandstone	
M	388	151	minecraft:sandstone	
M	389	151	minecraft:sandstone	
M	390	151	minecraft:sandstone	
M	391	151	minecraft:sandstone	
M	392	151	minecraft:sandstone	
M	393	151	minecraft:sandstone	
M	394	151	minecraft:sandstone	
M	395	151	minecraft:sandstone	
M	396	151	minecraft:sandstone	
M	397	151	minecraft:sandstone	
M	398	151	minecraft:sandstone	
M	399	151	minecraft:sandstone	
M	400	154	minecraft:note_block	
M	401	154	minecraft:note_block	
M	402	154	minecraft:note_block	
M	403	154	minecraft:note_block	
M	404	154	minecraft:note_block	
M	405	154	minecraft:note_block	
M	406	154	minecraft:note_block	
M	407	154	minecraft:note_block	
M	408	154	minecraft:note_block	
M	409	154	minecraft:note_block	
M	410	154	minecraft:note_block	
M	411	154	minecraft:note_block	
M	412	154	minecraft:note_block	
M	413	154	minecraft:note_block	
M	414	154	minecraft:note_block	
M	415	154	minecraft:note_block	
M	416	155	minecraft:red_bed	facing=south,occupied=false,part=foot
M	417	156	minecraft:red_bed	facing=west,occupied=false,part=foot
M	418	157	minecraft:red_bed	facing=north,occupied=false,part=foot
M	419	158	minecraft:red_bed	facing=east,occupied=false,part=foot
M	420	155	minecraft:red_bed	facing=south,occupied=false,part=foot
M	421	155	minecraft:red_bed	facing=south,occupied=false,part=foot
M	422	155	minecraft:red_bed	facing=south,occupied=false,part=foot
M	423	155	minecraft:red_bed	facing=south,occupied=false,part=foot
M	424	159	minecraft:red_bed	facing=south,occupied=false,part=head
M	425	160	minecraft:red_bed	facing=west,occupied=false,part=head
M	426	161	minecraft:red_bed	facing=north,occupied=false,part=head
M	427	162	minecraft:red_bed	facing=east,occupied=false,part=head
M	428	163	minecraft:red_bed	facing=south,occupied=true,part=head
M	429	164	minecraft:red_bed	facing=west,occupied=true,part=head
M	430	165	minecraft:red_bed	facing=north,occupied=true,part=head
M	431	166	minecraft:red_bed	facing=east,occupied=true,part=head
M	432	167	minecraft:powered_rail	powered=false,shape=north_south
M	433	168	minecraft:powered_rail	powered=false,shape=east_west
M	434	169	minecraft:powered_rail	powered=false,shape=ascending_east
M	435	170	minecraft:powered_rail	powered=false,shape=ascending_west
M	436	171	minecraft:powered_rail	powered=false,shape=ascending_north
M	437	172	minecraft:powered_rail	powered=false,shape=ascending_south
M	438	167	minecraft:powered_rail	powered=false,shape=north_south
M	439	167	minecraft:powered_rail	powered=false,shape=north_south
M	440	173	minecraft:powered_rail	powered=true,shape=north_south
M	441	174	minecraft:powered_rail	powered=true,shape=east_west
M	442	175	minecraft:powered_rail	powered=true,shape=ascending_east
M	443	176	minecraft:powered_rail	powered=true,shape=ascending_west
M	444	177	minecraft:powered_rail	powered=true,shape=ascending_north
M	445	178	minecraft:powered_rail	powered=true,shape=ascending_south
M	446	167	minecraft:powered_rail	powered=false,shape=north_south
M	447	167	minecraft:powered_rail	powered=false,shape=north_south
M	448	179	minecraft:detector_rail	powered=false,shape=north_south
M	449	180	minecraft:detector_rail	powered=false,shape=east_west
M	450	181	minecraft:detector_rail	powered=false,shape=ascending_east
M	451	182	minecraft:detector_rail	powered=false,shape=ascending_west
M	452	183	minecraft:detector_rail	powered=false,shape=ascending_north
M	453	184	minecraft:detector_rail	powered=false,shape=ascending_south
M	454	179	minecraft:detector_rail	powered=false,shape=north_south
M	455	179	minecraft:detector_rail	powered=false,shape=north_south
M	456	185	minecraft:detector_rail	powered=true,shape=north_south
M	457	186	minecraft:detector_rail	powered=true,shape=east_west
M	458	187	minecraft:detector_rail	powered=true,shape=ascending_east
M	459	188	minecraft:detector_rail	powered=true,shape=ascending_west
M	460	189	minecraft:detector_rail	powered=true,shape=ascending_north
M	461	190	minecraft:detector_rail	powered=true,shape=ascending_south
M	462	179	minecraft:detector_rail	powered=false,shape=north_south
M	463	179	minecraft:detector_rail	powered=false,shape=north_south
M	464	191	minecraft:sticky_piston	extended=false,facing=down
M	465	192	minecraft:sticky_piston	extended=false,facing=up
M	466	193	minecraft:sticky_piston	extended=false,facing=north
M	467	194	minecraft:sticky_piston	extended=false,facing=south
M	468	195	minecraft:sticky_piston	extended=false,facing=west
M	469	196	minecraft:sticky_piston	extended=false,facing=east
M	470	191	minecraft:sticky_piston	extended=false,facing=down
M	471	191	minecraft:sticky_piston	extended=false,facing=down
M	472	197	minecraft:sticky_piston	extended=true,facing=down
M	473	198	minecraft:sticky_piston	extended=true,facing=up
M	474	199	minecraft:sticky_piston	extended=true,facing=north
M	475	200	minecraft:sticky_piston	extended=true,facing=south
M	476	201	minecraft:sticky_piston	extended=true,facing=west
M	477	202	minecraft:sticky_piston	extended=true,facing=east
M	478	191	minecraft:sticky_piston	extended=false,facing=down
M	479	191	minecraft:sticky_piston	extended=false,facing=down
M	480	203	minecraft:cobweb	
M	481	203	minecraft:cobweb	
M	482	203	minecraft:cobweb	
M	483	203	minecraft:cobweb	
M	484	203	minecraft:cobweb	
M	485	203	minecraft:cobweb	
M	486	203	minecraft:cobweb	
M	487	203	minecraft:cobweb	
M	488	203	minecraft:cobweb	
M	489	203	minecraft:cobweb	
M	490	203	minecraft:cobweb	
M	491	203	minecraft:cobweb	
M	492	203	minecraft:cobweb	
M	493	203	minecraft:cobweb	
M	494	203	minecraft:cobweb	
M	495	203	minecraft:cobweb	
M	496	204	minecraft:dead_bush	
M	497	205	minecraft:grass	
M	498	206	minecraft:fern	
M	499	204	minecraft:dead_bush	
M	500	204	minecraft:dead_bush	
M	501	204	minecraft:dead_bush	
M	502	204	minecraft:dead_bush	
M	503	204	minecraft:dead_bush	
M	504	204	minecraft:dead_bush	
M	505	204	minecraft:dead_bush	
M	506	204	minecraft:dead_bush	
M	507	204	minecraft:dead_bush	
M	508	204	minecraft:dead_bush	
M	509	204	minecraft:dead_bush	
M	510	204	minecraft:dead_bush	
M	511	204	minecraft:dead_bush	
M	512	207	minecraft:dead_bush	
M	513	207	minecraft:dead_bush	
M	514	207	minecraft:dead_bush	
M	515	207	minecraft:dead_bush	
M	516	207	minecraft:dead_bush	
M	517	207	minecraft:dead_bush	
M	518	207	minecraft:dead_bush	
M	519	207	minecraft:dead_bush	
M	520	207	minecraft:dead_bush	
M	521	207	minecraft:dead_bush	
M	522	207	minecraft:dead_bush	
M	523	207	minecraft:dead_bush	
M	524	207	minecraft:dead_bush	
M	525	207	minecraft:dead_bush	
M	526	207	minecraft:dead_bush	
M	527	207	minecraft:dead_bush	
M	528	208	minecraft:piston	extended=false,facing=down
M	529	209	minecraft:piston	extended=false,facing=up
M	530	210	minecraft:piston	extended=false,facing=north
M	531	211	minecraft:piston	extended=false,facing=south
M	532	212	minecraft:piston	extended=false,facing=west
M	533	213	minecraft:piston	extended=false,facing=east
M	534	208	minecraft:piston	extended=false,facing=down
M	535	208	minecraft:piston	extended=false,facing=down
M	536	214	minecraft:piston	extended=true,facing=down
M	537	215	minecraft:piston	extended=true,facing=up
M	538	216	minecraft:piston	extended=true,facing=north
M	539	217	minecraft:piston	extended=true,facing=south
M	540	218	minecraft:piston	extended=true,facing=west
M	541	219	minecraft:piston	extended=true,facing=east
M	542	208	minecraft:piston	extended=false,facing=down
M	543	208	minecraft:piston	extended=false,facing=down
M	544	220	minecraft:piston_head	facing=down,short=false,type=normal
M	545	221	minecraft:piston_head	facing=up,short=false,type=normal
M	546	222	minecraft:piston_head	facing=north,short=false,type=normal
M	547	223	minecraft:piston_head	facing=south,short=false,type=normal
M	548	224	minecraft:piston_head	facing=west,short=false,type=normal
M	549	225	minecraft:piston_head	facing=east,short=false,type=normal
M	550	220	minecraft:piston_head	facing=down,short=false,type=normal
M	551	220	minecraft:piston_head	facing=down,short=false,type=normal
M	552	226	minecraft:piston_head	facing=down,short=false,type=sticky
M	553	227	minecraft:piston_head	facing=up,short=false,type=sticky
M	554	228	minecraft:piston_head	facing=north,short=false,type=sticky
M	555	229	minecraft:piston_head	facing=south,short=false,type=sticky
M	556	230	minecraft:piston_head	facing=west,short=false,type=sticky
M	557	231	minecraft:piston_head	facing=east,short=false,type=sticky
M	558	220	minecraft:piston_head	facing=down,short=false,type=normal
M	559	220	minecraft:piston_head	facing=down,short=false,type=normal
M	560	232	minecraft:white_wool	
M	561	233	minecraft:orange_wool	
M	562	234	minecraft:magenta_wool	
M	563	235	minecraft:light_blue_wool	
M	564	236	minecraft:yellow_wool	
M	565	237	minecraft:lime_wool	
M	566	238	minecraft:pink_wool	
M	567	239	minecraft:gray_wool	
M	568	240	minecraft:light_gray_wool	
M	569	241	minecraft:cyan_wool	
M	570	242	minecraft:purple_wool	
M	571	243	minecraft:blue_wool	
M	572	244	minecraft:brown_wool	
M	573	245	minecraft:green_wool	
M	574	246	minecraft:red_wool	
M	575	247	minecraft:black_wool	
M	576	248	minecraft:moving_piston	facing=down,type=normal
M	577	249	minecraft:moving_piston	facing=up,type=normal
M	578	250	minecraft:moving_piston	facing=north,type=normal
M	579	251	minecraft:moving_piston	facing=south,type=normal
M	580	252	minecraft:moving_piston	facing=west,type=normal
M	581	253	minecraft:moving_piston	facing=east,type=normal
M	582	248	minecraft:moving_piston	facing=down,type=normal
M	583	248	minecraft:moving_piston	facing=down,type=normal
M	584	254	minecraft:moving_piston	facing=down,type=sticky
M	585	255	minecraft:moving_piston	facing=up,type=sticky
M	586	256	minecraft:moving_piston	facing=north,type=sticky
M	587	257	minecraft:moving_piston	facing=south,type=sticky
M	588	258	minecraft:moving_piston	facing=west,type=sticky
M	589	259	minecraft:moving_piston	facing=east,type=sticky
M	590	248	minecraft:moving_piston	facing=down,type=normal
M	591	248	minecraft:moving_piston	facing=down,type=normal
M	592	260	minecraft:dandelion	
M	593	260	minecraft:dandelion	
M	594	260	minecraft:dandelion	
M	595	260	minecraft:dandelion	
M	596	260	minecraft:dandelion	
M	597	260	minecraft:dandelion	
M	598	260	minecraft:dandelion	
M	599	260	minecraft:dandelion	
M	600	260	minecraft:dandelion	
M	601	260	minecraft:dandelion	
M	602	260	minecraft:dandelion	
M	603	260	minecraft:dandelion	
M	604	260	minecraft:dandelion	
M	605	260	minecraft:dandelion	
M	606	260	minecraft:dandelion	
M	607	260	minecraft:dandelion	
M	608	261	minecraft:poppy	
M	609	262	minecraft:blue_orchid	
M	610	263	minecraft:allium	
M	611	264	minecraft:azure_bluet	
M	612	265	minecraft:red_tulip	
M	613	266	minecraft:orange_tulip	
M	614	267	minecraft:white_tulip	
M	615	268	minecraft:pink_tulip	
M	616	269	minecraft:oxeye_daisy	
M	617	261	minecraft:poppy	
M	618	261	minecraft:poppy	
M	619	261	minecraft:poppy	
M	620	261	minecraft:poppy	
M	621	261	minecraft:poppy	
M	622	261	minecraft:poppy	
M	623	261	minecraft:poppy	
M	624	270	minecraft:brown_mushroom	
M	625	270	minecraft:brown_mushroom	
M	626	270	minecraft:brown_mushroom	
M	627	270	minecraft:brown_mushroom	
M	628	270	minecraft:brown_mushroom	
M	629	270	minecraft:brown_mushroom	
M	630	270	minecraft:brown_mushroom	
M	631	270	minecraft:brown_mushroom	
M	632	270	minecraft:brown_mushroom	
M	633	270	minecraft:brown_mushroom	
M	634	270	minecraft:brown_mushroom	
M	635	270	minecraft:brown_mushroom	
M	636	270	minecraft:brown_mushroom	
M	637	270	minecraft:brown_mushroom	
M	638	270	minecraft:brown_mushroom	
M	639	270	minecraft:brown_mushroom	
M	640	271	minecraft:red_mushroom	
M	641	271	minecraft:red_mushroom	
M	642	271	minecraft:red_mushroom	
M	643	271	minecraft:red_mushroom	
M	644	271	minecraft:red_mushroom	
M	645	271	minecraft:red_mushroom	
M	646	271	minecraft:red_mushroom	
M	647	271	minecraft:red_mushroom	
M	648	271	minecraft:red_mushroom	
M	649	271	minecraft:red_mushroom	
M	650	271	minecraft:red_mushroom	
M	651	271	minecraft:red_mushroom	
M	652	271	minecraft:red_mushroom	
M	653	271	minecraft:red_mushroom	
M	654	271	minecraft:red_mushroom	
M	655	271	minecraft:red_mushroom	
M	656	272	minecraft:gold_block	
M	657	272	minecraft:gold_block	
M	658	272	minecraft:gold_block	
M	659	272	minecraft:gold_block	
M	660	272	minecraft:gold_block	
M	661	272	minecraft:gold_block	
M	662	272	minecraft:gold_block	
M	663	272	minecraft:gold_block	
M	664	272	minecraft:gold_block	
M	665	272	minecraft:gold_block	
M	666	272	minecraft:gold_block	
M	667	272	minecraft:gold_block	
M	668	272	minecraft:gold_block	
M	669	272	minecraft:gold_block	
M	670	272	minecraft:gold_block	
M	671	272	minecraft:gold_block	
M	672	273	minecraft:iron_block	
M	673	273	minecraft:iron_block	
M	674	273	minecraft:iron_block	
M	675	273	minecraft:iron_block	
M	676	273	minecraft:iron_block	
M	677	273	minecraft:iron_block	
M	678	273	minecraft:iron_block	
M	679	273	minecraft:iron_block	
M	680	273	minecraft:iron_block	
M	681	273	minecraft:iron_block	
M	682	273	minecraft:iron_block	
M	683	273	minecraft:iron_block	
M	684	273	minecraft:iron_block	
M	685	273	minecraft:iron_block	
M	686	273	minecraft:iron_block	
M	687	273	minecraft:iron_block	
M	688	274	minecraft:stone_slab	type=double
M	689	275	minecraft:sandstone_slab	type=double
M	690	276	minecraft:petrified_oak_slab	type=double
M	691	277	minecraft:cobblestone_slab	type=double
M	692	278	minecraft:brick_slab	type=double
M	693	279	minecraft:stone_brick_slab	type=double
M	694	280	minecraft:nether_brick_slab	type=double
M	695	281	minecraft:quartz_slab	type=double
M	696	282	minecraft:smooth_stone	
M	697	283	minecraft:smooth_sandstone	
M	698	284	minecraft:petrified_oak_slab	type=double
M	699	285	minecraft:cobblestone_slab	type=double
M	700	286	minecraft:brick_slab	type=double
M	701	287	minecraft:stone_brick_slab	type=double
M	702	288	minecraft:nether_brick_slab	type=double
M	703	289	minecraft:smooth_quartz	
M	704	290	minecraft:stone_slab	type=bottom
M	705	291	minecraft:sandstone_slab	type=bottom
M	706	292	minecraft:petrified_oak_slab	type=bottom
M	707	293	minecraft:cobblestone_slab	type=bottom
M	708	294	minecraft:brick_slab	type=bottom
M	709	295	minecraft:stone_brick_slab	type=bottom
M	710	296	minecraft:nether_brick_slab	type=bottom
M	711	297	minecraft:quartz_slab	type=bottom
M	712	298	minecraft:stone_slab	type=top
M	713	299	minecraft:sandstone_slab	type=top
M	714	300	minecraft:petrified_oak_slab	type=top
M	715	301	minecraft:cobblestone_slab	type=top
M	716	302	minecraft:brick_slab	type=top
M	717	303	minecraft:stone_brick_slab	type=top
M	718	304	minecraft:nether_brick_slab	type=top
M	719	305	minecraft:quartz_slab	type=top
M	720	306	minecraft:bricks	
M	721	306	minecraft:bricks	
M	722	306	minecraft:bricks	
M	723	306	minecraft:bricks	
M	724	306	minecraft:bricks	
M	725	306	minecraft:bricks	
M	726	306	minecraft:bricks	
M	727	306	minecraft:bricks	
M	728	306	minecraft:bricks	
M	729	306	minecraft:bricks	
M	730	306	minecraft:bricks	
M	731	306	minecraft:bricks	
M	732	306	minecraft:bricks	
M	733	306	minecraft:bricks	
M	734	306	minecraft:bricks	
M	735	306	minecraft:bricks	
M	736	307	minecraft:tnt	unstable=false
M	737	308	minecraft:tnt	unstable=true
M	738	307	minecraft:tnt	unstable=false
M	739	307	minecraft:tnt	unstable=false
M	740	307	minecraft:tnt	unstable=false
M	741	307	minecraft:tnt	unstable=false
M	742	307	minecraft:tnt	unstable=false
M	743	307	minecraft:tnt	unstable=false
M	744	307	minecraft:tnt	unstable=false
M	745	307	minecraft:tnt	unstable=false
M	746	307	minecraft:tnt	unstable=false
M	747	307	minecraft:tnt	unstable=false
M	748	307	minecraft:tnt	unstable=false
M	749	307	minecraft:tnt	unstable=false
M	750	307	minecraft:tnt	unstable=false
M	751	307	minecraft:tnt	unstable=false
M	752	309	minecraft:bookshelf	
M	753	309	minecraft:bookshelf	
M	754	309	minecraft:bookshelf	
M	755	309	minecraft:bookshelf	
M	756	309	minecraft:bookshelf	
M	757	309	minecraft:bookshelf	
M	758	309	minecraft:bookshelf	
M	759	309	minecraft:bookshelf	
M	760	309	minecraft:bookshelf	
M	761	309	minecraft:bookshelf	
M	762	309	minecraft:bookshelf	
M	763	309	minecraft:bookshelf	
M	764	309	minecraft:bookshelf	
M	765	309	minecraft:bookshelf	
M	766	309	minecraft:bookshelf	
M	767	309	minecraft:bookshelf	
M	768	310	minecraft:mossy_cobblestone	
M	769	310	minecraft:mossy_cobblestone	
M	770	310	minecraft:mossy_cobblestone	
M	771	310	minecraft:mossy_cobblestone	
M	772	310	minecraft:mossy_cobblestone	
M	773	310	minecraft:mossy_cobblestone	
M	774	310	minecraft:mossy_cobblestone	
M	775	310	minecraft:mossy_cobblestone	
M	776	310	minecraft:mossy_cobblestone	
M	777	310	minecraft:mossy_cobblestone	
M	778	310	minecraft:mossy_cobblestone	
M	779	310	minecraft:mossy_cobblestone	
M	780	310	minecraft:mossy_cobblestone	
M	781	310	minecraft:mossy_cobblestone	
M	782	310	minecraft:mossy_cobblestone	
M	783	310	minecraft:mossy_cobblestone	
M	784	311	minecraft:obsidian	
M	785	311	minecraft:obsidian	
M	786	311	minecraft:obsidian	
M	787	311	minecraft:obsidian	
M	788	311	minecraft:obsidian	
M	789	311	minecraft:obsidian	
M	790	311	minecraft:obsidian	
M	791	311	minecraft:obsidian	
M	792	311	minecraft:obsidian	
M	793	311	minecraft:obsidian	
M	794	311	minecraft:obsidian	
M	795	311	minecraft:obsidian	
M	796	311	minecraft:obsidian	
M	797	311	minecraft:obsidian	
M	798	311	minecraft:obsidian	
M	799	311	minecraft:obsidian	
M	800	312	minecraft:wall_torch	facing=east
M	801	312	minecraft:wall_torch	facing=east
M	802	313	minecraft:wall_torch	facing=west
M	803	314	minecraft:wall_torch	facing=south
M	804	315	minecraft:wall_torch	facing=north
M	805	316	minecraft:torch	
M	806	312	minecraft:wall_torch	facing=east
M	807	312	minecraft:wall_torch	facing=east
M	808	312	minecraft:wall_torch	facing=east
M	809	312	minecraft:wall_torch	facing=east
M	810	312	minecraft:wall_torch	facing=east
M	811	312	minecraft:wall_torch	facing=east
M	812	312	minecraft:wall_torch	facing=east
M	813	312	minecraft:wall_torch	facing=east
M	814	312	minecraft:wall_torch	facing=east
M	815	312	minecraft:wall_torch	facing=east
M	816	317	minecraft:fire	age=0,east=false,north=false,south=false,up=false,west=false
M	817	318	minecraft:fire	age=1,east=false,north=false,south=false,up=false,west=false
M	818	319	minecraft:fire	age=2,east=false,north=false,south=false,up=false,west=false
M	819	320	minecraft:fire	age=3,east=false,north=false,south=false,up=false,west=false
M	820	321	minecraft:fire	age=4,east=false,north=false,south=false,up=false,west=false
M	821	322	minecraft:fire	age=5,east=false,north=false,south=false,up=false,west=false
M	822	323	minecraft:fire	age=6,east=false,north=false,south=false,up=false,west=false
M	823	324	minecraft:fire	age=7,east=false,north=false,south=false,up=false,west=false
M	824	325	minecraft:fire	age=8,east=false,north=false,south=false,up=false,west=false
M	825	326	minecraft:fire	age=9,east=false,north=false,south=false,up=false,west=false
M	826	327	minecraft:fire	age=10,east=false,north=false,south=false,up=false,west=false
M	827	328	minecraft:fire	age=11,east=false,north=false,south=false,up=false,west=false
M	828	329	minecraft:fire	age=12,east=false,north=false,south=false,up=false,west=false
M	829	330	minecraft:fire	age=13,east=false,north=false,south=false,up=false,west=false
M	830	331	minecraft:fire	age=14,east=false,north=false,south=false,up=false,west=false
M	831	332	minecraft:fire	age=15,east=false,north=false,south=false,up=false,west=false
M	832	333	minecraft:mob_spawner	
M	833	333	minecraft:mob_spawner	
M	834	333	minecraft:mob_spawner	
M	835	333	minecraft:mob_spawner	
M	836	333	minecraft:mob_spawner	
M	837	333	minecraft:mob_spawner	
M	838	333	minecraft:mob_spawner	
M	839	333	minecraft:mob_spawner	
M	840	333	minecraft:mob_spawner	
M	841	333	minecraft:mob_spawner	
M	842	333	minecraft:mob_spawner	
M	843	333	minecraft:mob_spawner	
M	844	333	minecraft:mob_spawner	
M	845	333	minecraft:mob_spawner	
M	846	333	minecraft:mob_spawner	
M	847	333	minecraft:mob_spawner	
M	848	334	minecraft:oak_stairs	facing=east,half=bottom,shape=straight
M	849	335	minecraft:oak_stairs	facing=west,half=bottom,shape=straight
M	850	336	minecraft:oak_stairs	facing=south,half=bottom,shape=straight
M	851	337	minecraft:oak_stairs	facing=north,half=bottom,shape=straight
M	852	338	minecraft:oak_stairs	facing=east,half=top,shape=straight
M	853	339	minecraft:oak_stairs	facing=west,half=top,shape=straight
M	854	340	minecraft:oak_stairs	facing=south,half=top,shape=straight
M	855	341	minecraft:oak_stairs	facing=north,half=top,shape=straight
M	856	334	minecraft:oak_stairs	facing=east,half=bottom,shape=straight
M	857	334	minecraft:oak_stairs	facing=east,half=bottom,shape=straight
M	858	334	minecraft:oak_stairs	facing=east,half=bottom,shape=straight
M	859	334	minecraft:oak_stairs	facing=east,half=bottom,shape=straight
M	860	334	minecraft:oak_stairs	facing=east,half=bottom,shape=straight
M	861	334	minecraft:oak_stairs	facing=east,half=bottom,shape=straight
M	862	334	minecraft:oak_stairs	facing=east,half=bottom,shape=straight
M	863	334	minecraft:oak_stairs	facing=east,half=bottom,shape=straight
M	864	342	minecraft:chest	facing=north,type=single
M	865	342	minecraft:chest	facing=north,type=single
M	866	342	minecraft:chest	facing=north,type=single
M	867	343	minecraft:chest	facing=south,type=single
M	868	344	minecraft:chest	facing=west,type=single
M	869	345	minecraft:chest	facing=east,type=single
M	870	342	minecraft:chest	facing=north,type=single
M	871	342	minecraft:chest	facing=north,type=single
M	872	342	minecraft:chest	facing=north,type=single
M	873	342	minecraft:chest	facing=north,type=single
M	874	342	minecraft:chest	facing=north,type=single
M	875	342	minecraft:chest	facing=north,type=single
M	876	342	minecraft:chest	facing=north,type=single
M	877	342	minecraft:chest	facing=north,type=single
M	878	342	minecraft:chest	facing=north,type=single
M	879	342	minecraft:chest	facing=north,type=single
M	880	346	minecraft:redstone_wire	east=none,north=none,power=0,south=none,west=none
M	881	347	minecraft:redstone_wire	east=none,north=none,power=1,south=none,west=none
M	882	348	minecraft:redstone_wire	east=none,north=none,power=2,south=none,west=none
M	883	349	minecraft:redstone_wire	east=none,north=none,power=3,south=none,west=none
M	884	350	minecraft:redstone_wire	east=none,north=none,power=4,south=none,west=none
M	885	351	minecraft:redstone_wire	east=none,north=none,power=5,south=none,west=none
M	886	352	minecraft:redstone_wire	east=none,north=none,power=6,south=none,west=none
M	887	353	minecraft:redstone_wire	east=none,north=none,power=7,south=none,west=none
M	888	354	minecraft:redstone_wire	east=none,north=none,power=8,south=none,west=none
M	889	355	minecraft:redstone_wire	east=none,north=none,power=9,south=none,west=none
M	890	356	minecraft:redstone_wire	east=none,north=none,power=10,south=none,west=none
M	891	357	minecraft:redstone_wire	east=none,north=none,power=11,south=none,west=none
M	892	358	minecraft:redstone_wire	east=none,north=none,power=12,south=none,west=none
M	893	359	minecraft:redstone_wire	east=none,north=none,power=13,south=none,west=none
M	894	360	minecraft:redstone_wire	east=none,north=none,power=14,south=none,west=none
M	895	361	minecraft:redstone_wire	east=none,north=none,power=15,south=none,west=none
M	896	362	minecraft:diamond_ore	
M	897	362	minecraft:diamond_ore	
M	898	362	minecraft:diamond_ore	
M	899	362	minecraft:diamond_ore	
M	900	362	minecraft:diamond_ore	
M	901	362	minecraft:diamond_ore	
M	902	362	minecraft:diamond_ore	
M	903	362	minecraft:diamond_ore	
M	904	362	minecraft:diamond_ore	
M	905	362	minecraft:diamond_ore	
M	906	362	minecraft:diamond_ore	
M	907	362	minecraft:diamond_ore	
M	908	362	minecraft:diamond_ore	
M	909	362	minecraft:diamond_ore	
M	910	362	minecraft:diamond_ore	
M	911	362	minecraft:diamond_ore	
M	912	363	minecraft:diamond_block	
M	913	363	minecraft:diamond_block	
M	914	363	minecraft:diamond_block	
M	915	363	minecraft:diamond_block	
M	916	363	minecraft:diamond_block	
M	917	363	minecraft:diamond_block	
M	918	363	minecraft:diamond_block	
M	919	363	minecraft:diamond_block	
M	920	363	minecraft:diamond_block	
M	921	363	minecraft:diamond_block	
M	922	363	minecraft:diamond_block	
M	923	363	minecraft:diamond_block	
M	924	363	minecraft:diamond_block	
M	925	363	minecraft:diamond_block	
M	926	363	minecraft:diamond_block	
M	927	363	minecraft:diamond_block	
M	928	364	minecraft:crafting_table	
M	929	364	minecraft:crafting_table	
M	930	364	minecraft:crafting_table	
M	931	364	minecraft:crafting_table	
M	932	364	minecraft:crafting_table	
M	933	364	minecraft:crafting_table	
M	934	364	minecraft:crafting_table	
M	935	364	minecraft:crafting_table	
M	936	364	minecraft:crafting_table	
M	937	364	minecraft:crafting_table	
M	938	364	minecraft:crafting_table	
M	939	364	minecraft:crafting_table	
M	940	364	minecraft:crafting_table	
M	941	364	minecraft:crafting_table	
M	942	364	minecraft:crafting_table	
M	943	364	minecraft:crafting_table	
M	944	365	minecraft:wheat	age=0
M	945	366	minecraft:wheat	age=1
M	946	367	minecraft:wheat	age=2
M	947	368	minecraft:wheat	age=3
M	948	369	minecraft:wheat	age=4
M	949	370	minecraft:wheat	age=5
M	950	371	minecraft:wheat	age=6
M	951	372	minecraft:wheat	age=7
M	952	365	minecraft:wheat	age=0
M	953	365	minecraft:wheat	age=0
M	954	365	minecraft:wheat	age=0
M	955	365	minecraft:wheat	age=0
M	956	365	minecraft:wheat	age=0
M	957	365	minecraft:wheat	age=0
M	958	365	minecraft:wheat	age=0
M	959	365	minecraft:wheat	age=0
M	960	373	minecraft:farmland	moisture=0
M	961	374	minecraft:farmland	moisture=1
M	962	375	minecraft:farmland	moisture=2
M	963	376	minecraft:farmland	moisture=3
M	964	377	minecraft:farmland	moisture=4
M	965	378	minecraft:farmland	moisture=5
M	966	379	minecraft:farmland	moisture=6
M	967	380	minecraft:farmland	moisture=7
M	968	373	minecraft:farmland	moisture=0
M	969	373	minecraft:farmland	moisture=0
M	970	373	minecraft:farmland	moisture=0
M	971	373	minecraft:farmland	moisture=0
M	972	373	minecraft:farmland	moisture=0
M	973	373	minecraft:farmland	moisture=0
M	974	373	minecraft:farmland	moisture=0
M	975	373	minecraft:farmland	moisture=0
M	976	381	minecraft:furnace	facing=north,lit=false
M	977	381	minecraft:furnace	facing=north,lit=false
M	978	381	minecraft:furnace	facing=north,lit=false
M	979	382	minecraft:furnace	facing=south,lit=false
M	980	383	minecraft:furnace	facing=west,lit=false
M	981	384	minecraft:furnace	facing=east,lit=false
M	982	381	minecraft:furnace	facing=north,lit=false
M	983	381	minecraft:furnace	facing=north,lit=false
M	984	381	minecraft:furnace	facing=north,lit=false
M	985	381	minecraft:furnace	facing=north,lit=false
M	986	381	minecraft:furnace	facing=north,lit=false
M	987	381	minecraft:furnace	facing=north,lit=false
M	988	381	minecraft:furnace	facing=north,lit=false
M	989	381	minecraft:furnace	facing=north,lit=false
M	990	381	minecraft:furnace	facing=north,lit=false
M	991	381	minecraft:furnace	facing=north,lit=false
M	992	385	minecraft:furnace	facing=north,lit=true
M	993	385	minecraft:furnace	facing=north,lit=true
M	994	385	minecraft:furnace	facing=north,lit=true
M	995	386	minecraft:furnace	facing=south,lit=true
M	996	387	minecraft:furnace	facing=west,lit=true
M	997	388	minecraft:furnace	facing=east,lit=true
M	998	385	minecraft:furnace	facing=north,lit=true
M	999	385	minecraft:furnace	facing=north,lit=true
M	1000	385	minecraft:furnace	facing=north,lit=true
M	1001	385	minecraft:furnace	facing=north,lit=true
M	1002	385	minecraft:furnace	facing=north,lit=true
M	1003	385	minecraft:furnace	facing=north,lit=true
M	1004	385	minecraft:furnace	facing=north,lit=true
M	1005	385	minecraft:furnace	facing=north,lit=true
M	1006	385	minecraft:furnace	facing=north,lit=true
M	1007	385	minecraft:furnace	facing=north,lit=true
M	1008	389	minecraft:sign	rotation=0
M	1009	390	minecraft:sign	rotation=1
M	1010	391	minecraft:sign	rotation=2
M	1011	392	minecraft:sign	rotation=3
M	1012	393	minecraft:sign	rotation=4
M	1013	394	minecraft:sign	rotation=5
M	1014	395	minecraft:sign	rotation=6
M	1015	396	minecraft:sign	rotation=7
M	1016	397	minecraft:sign	rotation=8
M	1017	398	minecraft:sign	rotation=9
M	1018	399	minecraft:sign	rotation=10
M	1019	400	minecraft:sign	rotation=11
M	1020	401	minecraft:sign	rotation=12
M	1021	402	minecraft:sign	rotation=13
M	1022	403	minecraft:sign	rotation=14
M	1023	404	minecraft:sign	rotation=15
M	1024	405	minecraft:oak_door	facing=east,half=lower,hinge=right,open=false,powered=false
M	1025	406	minecraft:oak_door	facing=south,half=lower,hinge=right,open=false,powered=false
M	1026	407	minecraft:oak_door	facing=west,half=lower,hinge=right,open=false,powered=false
M	1027	408	minecraft:oak_door	facing=north,half=lower,hinge=right,open=false,powered=false
M	1028	409	minecraft:oak_door	facing=east,half=lower,hinge=right,open=true,powered=false
M	1029	410	minecraft:oak_door	facing=south,half=lower,hinge=right,open=true,powered=false
M	1030	411	minecraft:oak_door	facing=west,half=lower,hinge=right,open=true,powered=false
M	1031	412	minecraft:oak_door	facing=north,half=lower,hinge=right,open=true,powered=false
M	1032	413	minecraft:oak_door	facing=east,half=upper,hinge=left,open=false,powered=false
M	1033	414	minecraft:oak_door	facing=east,half=upper,hinge=right,open=false,powered=false
M	1034	415	minecraft:oak_door	facing=east,half=upper,hinge=left,open=false,powered=true
M	1035	416	minecraft:oak_door	facing=east,half=upper,hinge=right,open=false,powered=true
M	1036	417	minecraft:oak_door	facing=east,half=upper,hinge=left,open=true,powered=false
M	1037	418	minecraft:oak_door	facing=south,half=upper,hinge=left,open=true,powered=false
M	1038	419	minecraft:oak_door	facing=west,half=upper,hinge=left,open=true,powered=false
M	1039	420	minecraft:oak_door	facing=north,half=upper,hinge=left,open=true,powered=false
M	1040	421	minecraft:ladder	facing=north
M	1041	421	minecraft:ladder	facing=north
M	1042	421	minecraft:ladder	facing=north
M	1043	422	minecraft:ladder	facing=south
M	1044	423	minecraft:ladder	facing=west
M	1045	424	minecraft:ladder	facing=east
M	1046	421	minecraft:ladder	facing=north
M	1047	421	minecraft:ladder	facing=north
M	1048	421	minecraft:ladder	facing=north
M	1049	421	minecraft:ladder	facing=north
M	1050	421	minecraft:ladder	facing=north
M	1051	421	minecraft:ladder	facing=north
M	1052	421	minecraft:ladder	facing=north
M	1053	421	minecraft:ladder	facing=north
M	1054	421	minecraft:ladder	facing=north
M	1055	421	minecraft:ladder	facing=north
M	1056	425	minecraft:rail	shape=north_south
M	1057	426	minecraft:rail	shape=east_west
M	1058	427	minecraft:rail	shape=ascending_east
M	1059	428	minecraft:rail	shape=ascending_west
M	1060	429	minecraft:rail	shape=ascending_north
M	1061	430	minecraft:rail	shape=ascending_south
M	1062	431	minecraft:rail	shape=south_east
M	1063	432	minecraft:rail	shape=south_west
M	1064	433	minecraft:rail	shape=north_west
M	1065	434	minecraft:rail	shape=north_east
M	1066	425	minecraft:rail	shape=north_south
M	1067	425	minecraft:rail	shape=north_south
M	1068	425	minecraft:rail	shape=north_south
M	1069	425	minecraft:rail	shape=north_south
M	1070	425	minecraft:rail	shape=north_south
M	1071	425	minecraft:rail	shape=north_south
M	1072	435	minecraft:cobblestone_stairs	facing=east,half=bottom,shape=straight
M	1073	436	minecraft:cobblestone_stairs	facing=west,half=bottom,shape=straight
M	1074	437	minecraft:cobblestone_stairs	facing=south,half=bottom,shape=straight
M	1075	438	minecraft:cobblestone_stairs	facing=north,half=bottom,shape=straight
M	1076	439	minecraft:cobblestone_stairs	facing=east,half=top,shape=straight
M	1077	440	minecraft:cobblestone_stairs	facing=west,half=top,shape=straight
M	1078	441	minecraft:cobblestone_stairs	facing=south,half=top,shape=straight
M	1079	442	minecraft:cobblestone_stairs	facing=north,half=top,shape=straight
M	1080	435	minecraft:cobblestone_stairs	facing=east,half=bottom,shape=straight
M	1081	435	minecraft:cobblestone_stairs	facing=east,half=bottom,shape=straight
M	1082	435	minecraft:cobblestone_stairs	facing=east,half=bottom,shape=straight
M	1083	435	minecraft:cobblestone_stairs	facing=east,half=bottom,shape=straight
M	1084	435	minecraft:cobblestone_stairs	facing=east,half=bottom,shape=straight
M	1085	435	minecraft:cobblestone_stairs	facing=east,half=bottom,shape=straight
M	1086	435	minecraft:cobblestone_stairs	facing=east,half=bottom,shape=straight
M	1087	435	minecraft:cobblestone_stairs	facing=east,half=bottom,shape=straight
M	1088	443	minecraft:wall_sign	facing=north
M	1089	443	minecraft:wall_sign	facing=north
M	1090	443	minecraft:wall_sign	facing=north
M	1091	444	minecraft:wall_sign	facing=south
M	1092	445	minecraft:wall_sign	facing=west
M	1093	446	minecraft:wall_sign	facing=east
M	1094	443	minecraft:wall_sign	facing=north
M	1095	443	minecraft:wall_sign	facing=north
M	1096	443	minecraft:wall_sign	facing=north
M	1097	443	minecraft:wall_sign	facing=north
M	1098	443	minecraft:wall_sign	facing=north
M	1099	443	minecraft:wall_sign	facing=north
M	1100	443	minecraft:wall_sign	facing=north
M	1101	443	minecraft:wall_sign	facing=north
M	1102	443	minecraft:wall_sign	facing=north
M	1103	443	minecraft:wall_sign	facing=north
M	1104	447	minecraft:lever	face=ceiling,facing=west,powered=false
M	1105	448	minecraft:lever	face=wall,facing=east,powered=false
M	1106	449	minecraft:lever	face=wall,facing=west,powered=false
M	1107	450	minecraft:lever	face=wall,facing=south,powered=false
M	1108	451	minecraft:lever	face=wall,facing=north,powered=false
M	1109	452	minecraft:lever	face=floor,facing=north,powered=false
M	1110	453	minecraft:lever	face=floor,facing=west,powered=false
M	1111	454	minecraft:lever	face=ceiling,facing=north,powered=false
M	1112	455	minecraft:lever	face=ceiling,facing=west,powered=true
M	1113	456	minecraft:lever	face=wall,facing=east,powered=true
M	1114	457	minecraft:lever	face=wall,facing=west,powered=true
M	1115	458	minecraft:lever	face=wall,facing=south,powered=true
M	1116	459	minecraft:lever	face=wall,facing=north,powered=true
M	1117	460	minecraft:lever	face=floor,facing=north,powered=true
M	1118	461	minecraft:lever	face=floor,facing=west,powered=true
M	1119	462	minecraft:lever	face=ceiling,facing=north,powered=true
M	1120	463	minecraft:stone_pressure_plate	powered=false
M	1121	464	minecraft:stone_pressure_plate	powered=true
M	1122	463	minecraft:stone_pressure_plate	powered=false
M	1123	463	minecraft:stone_pressure_plate	powered=false
M	1124	463	minecraft:stone_pressure_plate	powered=false
M	1125	463	minecraft:stone_pressure_plate	powered=false
M	1126	463	minecraft:stone_pressure_plate	powered=false
M	1127	463	minecraft:stone_pressure_plate	powered=false
M	1128	463	minecraft:stone_pressure_plate	powered=false
M	1129	463	minecraft:stone_pressure_plate	powered=false
M	1130	463	minecraft:stone_pressure_plate	powered=false
M	1131	463	minecraft:stone_pressure_plate	powered=false
M	1132	463	minecraft:stone_pressure_plate	powered=false
M	1133	463	minecraft:stone_pressure_plate	powered=false
M	1134	463	minecraft:stone_pressure_plate	powered=false
M	1135	463	minecraft:stone_pressure_plate	powered=false
M	1136	465	minecraft:iron_door	facing=east,half=lower,hinge=right,open=false,powered=false
M	1137	466	minecraft:iron_door	facing=south,half=lower,hinge=right,open=false,powered=false
M	1138	467	minecraft:iron_door	facing=west,half=lower,hinge=right,open=false,powered=false
M	1139	468	minecraft:iron_door	facing=north,half=lower,hinge=right,open=false,powered=false
M	1140	469	minecraft:iron_door	facing=east,half=lower,hinge=right,open=true,powered=false
M	1141	470	minecraft:iron_door	facing=south,half=lower,hinge=right,open=true,powered=false
M	1142	471	minecraft:iron_door	facing=west,half=lower,hinge=right,open=true,powered=false
M	1143	472	minecraft:iron_door	facing=north,half=lower,hinge=right,open=true,powered=false
M	1144	473	minecraft:iron_door	facing=east,half=upper,hinge=left,open=false,powered=false
M	1145	474	minecraft:iron_door	facing=east,half=upper,hinge=right,open=false,powered=false
M	1146	475	minecraft:iron_door	facing=east,half=upper,hinge=left,open=false,powered=true
M	1147	476	minecraft:iron_door	facing=east,half=upper,hinge=right,open=false,powered=true
M	1148	477	minecraft:iron_door	facing=east,half=upper,hinge=left,open=true,powered=false
M	1149	478	minecraft:iron_door	facing=south,half=upper,hinge=left,open=true,powered=false
M	1150	479	minecraft:iron_door	facing=west,half=upper,hinge=left,open=true,powered=false
M	1151	480	minecraft:iron_door	facing=north,half=upper,hinge=left,open=true,powered=false
M	1152	481	minecraft:oak_pressure_plate	powered=false
M	1153	482	minecraft:oak_pressure_plate	powered=true
M	1154	481	minecraft:oak_pressure_plate	powered=false
M	1155	481	minecraft:oak_pressure_plate	powered=false
M	1156	481	minecraft:oak_pressure_plate	powered=false
M	1157	481	minecraft:oak_pressure_plate	powered=false
M	1158	481	minecraft:oak_pressure_plate	powered=false
M	1159	481	minecraft:oak_pressure_plate	powered=false
M	1160	481	minecraft:oak_pressure_plate	powered=false
M	1161	481	minecraft:oak_pressure_plate	powered=false
M	1162	481	minecraft:oak_pressure_plate	powered=false
M	1163	481	minecraft:oak_pressure_plate	powered=false
M	1164	481	minecraft:oak_pressure_plate	powered=false
M	1165	481	minecraft:oak_pressure_plate	powered=false
M	1166	481	minecraft:oak_pressure_plate	powered=false
M	1167	481	minecraft:oak_pressure_plate	powered=false
M	1168	483	minecraft:redstone_ore	lit=false
M	1169	483	minecraft:redstone_ore	lit=false
M	1170	483	minecraft:redstone_ore	lit=false
M	1171	483	minecraft:redstone_ore	lit=false
M	1172	483	minecraft:redstone_ore	lit=false
M	1173	483	minecraft:redstone_ore	lit=false
M	1174	483	minecraft:redstone_ore	lit=false
M	1175	483	minecraft:redstone_ore	lit=false
M	1176	483	minecraft:redstone_ore	lit=false
M	1177	483	minecraft:redstone_ore	lit=false
M	1178	483	minecraft:redstone_ore	lit=false
M	1179	483	minecraft:redstone_ore	lit=false
M	1180	483	minecraft:redstone_ore	lit=false
M	1181	483	minecraft:redstone_ore	lit=false
M	1182	483	minecraft:redstone_ore	lit=false
M	1183	483	minecraft:redstone_ore	lit=false
M	1184	484	minecraft:redstone_ore	lit=true
M	1185	484	minecraft:redstone_ore	lit=true
M	1186	484	minecraft:redstone_ore	lit=true
M	1187	484	minecraft:redstone_ore	lit=true
M	1188	484	minecraft:redstone_ore	lit=true
M	1189	484	minecraft:redstone_ore	lit=true
M	1190	484	minecraft:redstone_ore	lit=true
M	1191	484	minecraft:redstone_ore	lit=true
M	1192	484	minecraft:redstone_ore	lit=true
M	1193	484	minecraft:redstone_ore	lit=true
M	1194	484	minecraft:redstone_ore	lit=true
M	1195	484	minecraft:redstone_ore	lit=true
M	1196	484	minecraft:redstone_ore	lit=true
M	1197	484	minecraft:redstone_ore	lit=true
M	1198	484	minecraft:redstone_ore	lit=true
M	1199	484	minecraft:redstone_ore	lit=true
M	1200	485	minecraft:redstone_wall_torch	facing=east,lit=false
M	1201	485	minecraft:redstone_wall_torch	facing=east,lit=false
M	1202	486	minecraft:redstone_wall_torch	facing=west,lit=false
M	1203	487	minecraft:redstone_wall_torch	facing=south,lit=false
M	1204	488	minecraft:redstone_wall_torch	facing=north,lit=false
M	1205	489	minecraft:redstone_torch	lit=false
M	1206	485	minecraft:redstone_wall_torch	facing=east,lit=false
M	1207	485	minecraft:redstone_wall_torch	facing=east,lit=false
M	1208	485	minecraft:redstone_wall_torch	facing=east,lit=false
M	1209	485	minecraft:redstone_wall_torch	facing=east,lit=false
M	1210	485	minecraft:redstone_wall_torch	facing=east,lit=false
M	1211	485	minecraft:redstone_wall_torch	facing=east,lit=false
M	1212	485	minecraft:redstone_wall_torch	facing=east,lit=false
M	1213	485	minecraft:redstone_wall_torch	facing=east,lit=false
M	1214	485	minecraft:redstone_wall_torch	facing=east,lit=false
M	1215	485	minecraft:redstone_wall_torch	facing=east,lit=false
M	1216	490	minecraft:redstone_wall_torch	facing=east,lit=true
M	1217	490	minecraft:redstone_wall_torch	facing=east,lit=true
M	1218	491	minecraft:redstone_wall_torch	facing=west,lit=true
M	1219	492	minecraft:redstone_wall_torch	facing=south,lit=true
M	1220	493	minecraft:redstone_wall_torch	facing=north,lit=true
M	1221	494	minecraft:redstone_torch	lit=true
M	1222	490	minecraft:redstone_wall_torch	facing=east,lit=true
M	1223	490	minecraft:redstone_wall_torch	facing=east,lit=true
M	1224	490	minecraft:redstone_wall_torch	facing=east,lit=true
M	1225	490	minecraft:redstone_wall_torch	facing=east,lit=true
M	1226	490	minecraft:redstone_wall_torch	facing=east,lit=true
M	1227	490	minecraft:redstone_wall_torch	facing=east,lit=true
M	1228	490	minecraft:redstone_wall_torch	facing=east,lit=true
M	1229	490	minecraft:redstone_wall_torch	facing=east,lit=true
M	1230	490	minecraft:redstone_wall_torch	facing=east,lit=true
M	1231	490	minecraft:redstone_wall_torch	facing=east,lit=true
M	1232	495	minecraft:stone_button	face=ceiling,facing=north,powered=false
M	1233	496	minecraft:stone_button	face=wall,facing=east,powered=false
M	1234	497	minecraft:stone_button	face=wall,facing=west,powered=false
M	1235	498	minecraft:stone_button	face=wall,facing=south,powered=false
M	1236	499	minecraft:stone_button	face=wall,facing=north,powered=false
M	1237	500	minecraft:stone_button	face=floor,facing=north,powered=false
M	1238	495	minecraft:stone_button	face=ceiling,facing=north,powered=false
M	1239	495	minecraft:stone_button	face=ceiling,facing=north,powered=false
M	1240	501	minecraft:stone_button	face=ceiling,facing=north,powered=true
M	1241	502	minecraft:stone_button	face=wall,facing=east,powered=true
M	1242	503	minecraft:stone_button	face=wall,facing=west,powered=true
M	1243	504	minecraft:stone_button	face=wall,facing=south,powered=true
M	1244	505	minecraft:stone_button	face=wall,facing=north,powered=true
M	1245	506	minecraft:stone_button	face=floor,facing=north,powered=true
M	1246	495	minecraft:stone_button	face=ceiling,facing=north,powered=false
M	1247	495	minecraft:stone_button	face=ceiling,facing=north,powered=false
M	1248	507	minecraft:snow	layers=1
M	1249	508	minecraft:snow	layers=2
M	1250	509	minecraft:snow	layers=3
M	1251	510	minecraft:snow	layers=4
M	1252	511	minecraft:snow	layers=5
M	1253	512	minecraft:snow	layers=6
M	1254	513	minecraft:snow	layers=7
M	1255	514	minecraft:snow	layers=8
M	1256	507	minecraft:snow	layers=1
M	1257	507	minecraft:snow	layers=1
M	1258	507	minecraft:snow	layers=1
M	1259	507	minecraft:snow	layers=1
M	1260	507	minecraft:snow	layers=1
M	1261	507	minecraft:snow	layers=1
M	1262	507	minecraft:snow	layers=1
M	1263	507	minecraft:snow	layers=1
M	1264	515	minecraft:ice	
M	1265	515	minecraft:ice	
M	1266	515	minecraft:ice	
M	1267	515	minecraft:ice	
M	1268	515	minecraft:ice	
M	1269	515	minecraft:ice	
M	1270	515	minecraft:ice	
M	1271	515	minecraft:ice	
M	1272	515	minecraft:ice	
M	1273	515	minecraft:ice	
M	1274	515	minecraft:ice	
M	1275	515	minecraft:ice	
M	1276	515	minecraft:ice	
M	1277	515	minecraft:ice	
M	1278	515	minecraft:ice	
M	1279	515	minecraft:ice	
M	1280	516	minecraft:snow_block	
M	1281	516	minecraft:snow_block	
M	1282	516	minecraft:snow_block	
M	1283	516	minecraft:snow_block	
M	1284	516	minecraft:snow_block	
M	1285	516	minecraft:snow_block	
M	1286	516	minecraft:snow_block	
M	1287	516	minecraft:snow_block	
M	1288	516	minecraft:snow_block	
M	1289	516	minecraft:snow_block	
M	1290	516	minecraft:snow_block	
M	1291	516	minecraft:snow_block	
M	1292	516	minecraft:snow_block	
M	1293	516	minecraft:snow_block	
M	1294	516	minecraft:snow_block	
M	1295	516	minecraft:snow_block	
M	1296	517	minecraft:cactus	age=0
M	1297	518	minecraft:cactus	age=1
M	1298	519	minecraft:cactus	age=2
M	1299	520	minecraft:cactus	age=3
M	1300	521	minecraft:cactus	age=4
M	1301	522	minecraft:cactus	age=5
M	1302	523	minecraft:cactus	age=6
M	1303	524	minecraft:cactus	age=7
M	1304	525	minecraft:cactus	age=8
M	1305	526	minecraft:cactus	age=9
M	1306	527	minecraft:cactus	age=10
M	1307	528	minecraft:cactus	age=11
M	1308	529	minecraft:cactus	age=12
M	1309	530	minecraft:cactus	age=13
M	1310	531	minecraft:cactus	age=14
M	1311	532	minecraft:cactus	age=15
M	1312	533	minecraft:clay	
M	1313	533	minecraft:clay	
M	1314	533	minecraft:clay	
M	1315	533	minecraft:clay	
M	1316	533	minecraft:clay	
M	1317	533	minecraft:clay	
M	1318	533	minecraft:clay	
M	1319	533	minecraft:clay	
M	1320	533	minecraft:clay	
M	1321	533	minecraft:clay	
M	1322	533	minecraft:clay	
M	1323	533	minecraft:clay	
M	1324	533	minecraft:clay	
M	1325	533	minecraft:clay	
M	1326	533	minecraft:clay	
M	1327	533	minecraft:clay	
M	1328	534	minecraft:sugar_cane	age=0
M	1329	535	minecraft:sugar_cane	age=1
M	1330	536	minecraft:sugar_cane	age=2
M	1331	537	minecraft:sugar_cane	age=3
M	1332	538	minecraft:sugar_cane	age=4
M	1333	539	minecraft:sugar_cane	age=5
M	1334	540	minecraft:sugar_cane	age=6
M	1335	541	minecraft:sugar_cane	age=7
M	1336	542	minecraft:sugar_cane	age=8
M	1337	543	minecraft:sugar_cane	age=9
M	1338	544	minecraft:sugar_cane	age=10
M	1339	545	minecraft:sugar_cane	age=11
M	1340	546	minecraft:sugar_cane	age=12
M	1341	547	minecraft:sugar_cane	age=13
M	1342	548	minecraft:sugar_cane	age=14
M	1343	549	minecraft:sugar_cane	age=15
M	1344	550	minecraft:jukebox	has_record=false
M	1345	551	minecraft:jukebox	has_record=true
M	1346	550	minecraft:jukebox	has_record=false
M	1347	550	minecraft:jukebox	has_record=false
M	1348	550	minecraft:jukebox	has_record=false
M	1349	550	minecraft:jukebox	has_record=false
M	1350	550	minecraft:jukebox	has_record=false
M	1351	550	minecraft:jukebox	has_record=false
M	1352	550	minecraft:jukebox	has_record=false
M	1353	550	minecraft:jukebox	has_record=false
M	1354	550	minecraft:jukebox	has_record=false
M	1355	550	minecraft:jukebox	has_record=false
M	1356	550	minecraft:jukebox	has_record=false
M	1357	550	minecraft:jukebox	has_record=false
M	1358	550	minecraft:jukebox	has_record=false
M	1359	550	minecraft:jukebox	has_record=false
M	1360	552	minecraft:oak_fence	east=false,north=false,south=false,west=false
M	1361	552	minecraft:oak_fence	east=false,north=false,south=false,west=false
M	1362	552	minecraft:oak_fence	east=false,north=false,south=false,west=false
M	1363	552	minecraft:oak_fence	east=false,north=false,south=false,west=false
M	1364	552	minecraft:oak_fence	east=false,north=false,south=false,west=false
M	1365	552	minecraft:oak_fence	east=false,north=false,south=false,west=false
M	1366	552	minecraft:oak_fence	east=false,north=false,south=false,west=false
M	1367	552	minecraft:oak_fence	east=false,north=false,south=false,west=false
M	1368	552	minecraft:oak_fence	east=false,north=false,south=false,west=false
M	1369	552	minecraft:oak_fence	east=false,north=false,south=false,west=false
M	1370	552	minecraft:oak_fence	east=false,north=false,south=false,west=false
M	1371	552	minecraft:oak_fence	east=false,north=false,south=false,west=false
M	1372	552	minecraft:oak_fence	east=false,north=false,south=false,west=false
M	1373	552	minecraft:oak_fence	east=false,north=false,south=false,west=false
M	1374	552	minecraft:oak_fence	east=false,north=false,south=false,west=false
M	1375	552	minecraft:oak_fence	east=false,north=false,south=false,west=false
M	1376	553	minecraft:carved_pumpkin	facing=south
M	1377	554	minecraft:carved_pumpkin	facing=west
M	1378	555	minecraft:carved_pumpkin	facing=north
M	1379	556	minecraft:carved_pumpkin	facing=east
M	1380	553	minecraft:carved_pumpkin	facing=south
M	1381	553	minecraft:carved_pumpkin	facing=south
M	1382	553	minecraft:carved_pumpkin	facing=south
M	1383	553	minecraft:carved_pumpkin	facing=south
M	1384	553	minecraft:carved_pumpkin	facing=south
M	1385	553	minecraft:carved_pumpkin	facing=south
M	1386	553	minecraft:carved_pumpkin	facing=south
M	1387	553	minecraft:carved_pumpkin	facing=south
M	1388	553	minecraft:carved_pumpkin	facing=south
M	1389	553	minecraft:carved_pumpkin	facing=south
M	1390	553	minecraft:carved_pumpkin	facing=south
M	1391	553	minecraft:carved_pumpkin	facing=south
M	1392	557	minecraft:netherrack	
M	1393	557	minecraft:netherrack	
M	1394	557	minecraft:netherrack	
M	1395	557	minecraft:netherrack	
M	1396	557	minecraft:netherrack	
M	1397	557	minecraft:netherrack	
M	1398	557	minecraft:netherrack	
M	1399	557	minecraft:netherrack	
M	1400	557	minecraft:netherrack	
M	1401	557	minecraft:netherrack	
M	1402	557	minecraft:netherrack	
M	1403	557	minecraft:netherrack	
M	1404	557	minecraft:netherrack	
M	1405	557	minecraft:netherrack	
M	1406	557	minecraft:netherrack	
M	1407	557	minecraft:netherrack	
M	1408	558	minecraft:soul_sand	
M	1409	558	minecraft:soul_sand	
M	1410	558	minecraft:soul_sand	
M	1411	558	minecraft:soul_sand	
M	1412	558	minecraft:soul_sand	
M	1413	558	minecraft:soul_sand	
M	1414	558	minecraft:soul_sand	
M	1415	558	minecraft:soul_sand	
M	1416	558	minecraft:soul_sand	
M	1417	558	minecraft:soul_sand	
M	1418	558	minecraft:soul_sand	
M	1419	558	minecraft:soul_sand	
M	1420	558	minecraft:soul_sand	
M	1421	558	minecraft:soul_sand	
M	1422	558	minecraft:soul_sand	
M	1423	558	minecraft:soul_sand	
M	1424	559	minecraft:glowstone	
M	1425	559	minecraft:glowstone	
M	1426	559	minecraft:glowstone	
M	1427	559	minecraft:glowstone	
M	1428	559	minecraft:glowstone	
M	1429	559	minecraft:glowstone	
M	1430	559	minecraft:glowstone	
M	1431	559	minecraft:glowstone	
M	1432	559	minecraft:glowstone	
M	1433	559	minecraft:glowstone	
M	1434	559	minecraft:glowstone	
M	1435	559	minecraft:glowstone	
M	1436	559	minecraft:glowstone	
M	1437	559	minecraft:glowstone	
M	1438	559	minecraft:glowstone	
M	1439	559	minecraft:glowstone	
M	1440	560	minecraft:portal	axis=x
M	1441	560	minecraft:portal	axis=x
M	1442	561	minecraft:portal	axis=z
M	1443	560	minecraft:portal	axis=x
M	1444	560	minecraft:portal	axis=x
M	1445	560	minecraft:portal	axis=x
M	1446	560	minecraft:portal	axis=x
M	1447	560	minecraft:portal	axis=x
M	1448	560	minecraft:portal	axis=x
M	1449	560	minecraft:portal	axis=x
M	1450	560	minecraft:portal	axis=x
M	1451	560	minecraft:portal	axis=x
M	1452	560	minecraft:portal	axis=x
M	1453	560	minecraft:portal	axis=x
M	1454	560	minecraft:portal	axis=x
M	1455	560	minecraft:portal	axis=x
M	1456	562	minecraft:jack_o_lantern	facing=south
M	1457	563	minecraft:jack_o_lantern	facing=west
M	1458	564	minecraft:jack_o_lantern	facing=north
M	1459	565	minecraft:jack_o_lantern	facing=east
M	1460	562	minecraft:jack_o_lantern	facing=south
M	1461	562	minecraft:jack_o_lantern	facing=south
M	1462	562	minecraft:jack_o_lantern	facing=south
M	1463	562	minecraft:jack_o_lantern	facing=south
M	1464	562	minecraft:jack_o_lantern	facing=south
M	1465	562	minecraft:jack_o_lantern	facing=south
M	1466	562	minecraft:jack_o_lantern	facing=south
M	1467	562	minecraft:jack_o_lantern	facing=south
M	1468	562	minecraft:jack_o_lantern	facing=south
M	1469	562	minecraft:jack_o_lantern	facing=south
M	1470	562	minecraft:jack_o_lantern	facing=south
M	1471	562	minecraft:jack_o_lantern	facing=south
M	1472	566	minecraft:cake	bites=0
M	1473	567	minecraft:cake	bites=1
M	1474	568	minecraft:cake	bites=2
M	1475	569	minecraft:cake	bites=3
M	1476	570	minecraft:cake	bites=4
M	1477	571	minecraft:cake	bites=5
M	1478	572	minecraft:cake	bites=6
M	1479	566	minecraft:cake	bites=0
M	1480	566	minecraft:cake	bites=0
M	1481	566	minecraft:cake	bites=0
M	1482	566	minecraft:cake	bites=0
M	1483	566	minecraft:cake	bites=0
M	1484	566	minecraft:cake	bites=0
M	1485	566	minecraft:cake	bites=0
M	1486	566	minecraft:cake	bites=0
M	1487	566	minecraft:cake	bites=0
M	1488	573	minecraft:repeater	delay=1,facing=south,locked=false,powered=false
M	1489	574	minecraft:repeater	delay=1,facing=west,locked=false,powered=false
M	1490	575	minecraft:repeater	delay=1,facing=north,locked=false,powered=false
M	1491	576	minecraft:repeater	delay=1,facing=east,locked=false,powered=false
M	1492	577	minecraft:repeater	delay=2,facing=south,locked=false,powered=false
M	1493	578	minecraft:repeater	delay=2,facing=west,locked=false,powered=false
M	1494	579	minecraft:repeater	delay=2,facing=north,locked=false,powered=false
M	1495	580	minecraft:repeater	delay=2,facing=east,locked=false,powered=false
M	1496	581	minecraft:repeater	delay=3,facing=south,locked=false,powered=false
M	1497	582	minecraft:repeater	delay=3,facing=west,locked=false,powered=false
M	1498	583	minecraft:repeater	delay=3,facing=north,locked=false,powered=false
M	1499	584	minecraft:repeater	delay=3,facing=east,locked=false,powered=false
M	1500	585	minecraft:repeater	delay=4,facing=south,locked=false,powered=false
M	1501	586	minecraft:repeater	delay=4,facing=west,locked=false,powered=false
M	1502	587	minecraft:repeater	delay=4,facing=north,locked=false,powered=false
M	1503	588	minecraft:repeater	delay=4,facing=east,locked=false,powered=false
M	1504	589	minecraft:repeater	delay=1,facing=south,locked=false,powered=true
M	1505	590	minecraft:repeater	delay=1,facing=west,locked=false,powered=true
M	1506	591	minecraft:repeater	delay=1,facing=north,locked=false,powered=true
M	1507	592	minecraft:repeater	delay=1,facing=east,locked=false,powered=true
M	1508	593	minecraft:repeater	delay=2,facing=south,locked=false,powered=true
M	1509	594	minecraft:repeater	delay=2,facing=west,locked=false,powered=true
M	1510	595	minecraft:repeater	delay=2,facing=north,locked=false,powered=true
M	1511	596	minecraft:repeater	delay=2,facing=east,locked=false,powered=true
M	1512	597	minecraft:repeater	delay=3,facing=south,locked=false,powered=true
M	1513	598	minecraft:repeater	delay=3,facing=west,locked=false,powered=true
M	1514	599	minecraft:repeater	delay=3,facing=north,locked=false,powered=true
M	1515	600	minecraft:repeater	delay=3,facing=east,locked=false,powered=true
M	1516	601	minecraft:repeater	delay=4,facing=south,locked=false,powered=true
M	1517	602	minecraft:repeater	delay=4,facing=west,locked=false,powered=true
M	1518	603	minecraft:repeater	delay=4,facing=north,locked=false,powered=true
M	1519	604	minecraft:repeater	delay=4,facing=east,locked=false,powered=true
M	1520	605	minecraft:white_stained_glass	
M	1521	606	minecraft:orange_stained_glass	
M	1522	607	minecraft:magenta_stained_glass	
M	1523	608	minecraft:light_blue_stained_glass	
M	1524	609	minecraft:yellow_stained_glass	
M	1525	610	minecraft:lime_stained_glass	
M	1526	611	minecraft:pink_stained_glass	
M	1527	612	minecraft:gray_stained_glass	
M	1528	613	minecraft:light_gray_stained_glass	
M	1529	614	minecraft:cyan_stained_glass	
M	1530	615	minecraft:purple_stained_glass	
M	1531	616	minecraft:blue_stained_glass	
M	1532	617	minecraft:brown_stained_glass	
M	1533	618	minecraft:green_stained_glass	
M	1534	619	minecraft:red_stained_glass	
M	1535	620	minecraft:black_stained_glass	
M	1536	621	minecraft:oak_trapdoor	facing=north,half=bottom,open=false
M	1537	622	minecraft:oak_trapdoor	facing=south,half=bottom,open=false
M	1538	623	minecraft:oak_trapdoor	facing=west,half=bottom,open=false
M	1539	624	minecraft:oak_trapdoor	facing=east,half=bottom,open=false
M	1540	625	minecraft:oak_trapdoor	facing=north,half=bottom,open=true
M	1541	626	minecraft:oak_trapdoor	facing=south,half=bottom,open=true
M	1542	627	minecraft:oak_trapdoor	facing=west,half=bottom,open=true
M	1543	628	minecraft:oak_trapdoor	facing=east,half=bottom,open=true
M	1544	629	minecraft:oak_trapdoor	facing=north,half=top,open=false
M	1545	630	minecraft:oak_trapdoor	facing=south,half=top,open=false
M	1546	631	minecraft:oak_trapdoor	facing=west,half=top,open=false
M	1547	632	minecraft:oak_trapdoor	facing=east,half=top,open=false
M	1548	633	minecraft:oak_trapdoor	facing=north,half=top,open=true
M	1549	634	minecraft:oak_trapdoor	facing=south,half=top,open=true
M	1550	635	minecraft:oak_trapdoor	facing=west,half=top,open=true
M	1551	636	minecraft:oak_trapdoor	facing=east,half=top,open=true
M	1552	637	minecraft:infested_stone	
M	1553	638	minecraft:infested_cobblestone	
M	1554	639	minecraft:infested_stone_bricks	
M	1555	640	minecraft:infested_mossy_stone_bricks	
M	1556	641	minecraft:infested_cracked_stone_bricks	
M	1557	642	minecraft:infested_chiseled_stone_bricks	
M	1558	637	minecraft:infested_stone	
M	1559	637	minecraft:infested_stone	
M	1560	637	minecraft:infested_stone	
M	1561	637	minecraft:infested_stone	
M	1562	637	minecraft:infested_stone	
M	1563	637	minecraft:infested_stone	
M	1564	637	minecraft:infested_stone	
M	1565	637	minecraft:infested_stone	
M	1566	637	minecraft:infested_stone	
M	1567	637	minecraft:infested_stone	
M	1568	643	minecraft:stone_bricks	
M	1569	644	minecraft:mossy_stone_bricks	
M	1570	645	minecraft:cracked_stone_bricks	
M	1571	646	minecraft:chiseled_stone_bricks	
M	1572	643	minecraft:stone_bricks	
M	1573	643	minecraft:stone_bricks	
M	1574	643	minecraft:stone_bricks	
M	1575	643	minecraft:stone_bricks	
M	1576	643	minecraft:stone_bricks	
M	1577	643	minecraft:stone_bricks	
M	1578	643	minecraft:stone_bricks	
M	1579	643	minecraft:stone_bricks	
M	1580	643	minecraft:stone_bricks	
M	1581	643	minecraft:stone_bricks	
M	1582	643	minecraft:stone_bricks	
M	1583	643	minecraft:stone_bricks	
M	1584	647	minecraft:brown_mushroom_block	down=false,east=false,north=false,south=false,up=false,west=false
M	1585	648	minecraft:brown_mushroom_block	down=false,east=false,north=true,south=false,up=true,west=true
M	1586	649	minecraft:brown_mushroom_block	down=false,east=false,north=true,south=false,up=true,west=false
M	1587	650	minecraft:brown_mushroom_block	down=false,east=true,north=true,south=false,up=true,west=false
M	1588	651	minecraft:brown_mushroom_block	down=false,east=false,north=false,south=false,up=true,west=true
M	1589	652	minecraft:brown_mushroom_block	down=false,east=false,north=false,south=false,up=true,west=false
M	1590	653	minecraft:brown_mushroom_block	down=false,east=true,north=false,south=false,up=true,west=false
M	1591	654	minecraft:brown_mushroom_block	down=false,east=false,north=false,south=true,up=true,west=true
M	1592	655	minecraft:brown_mushroom_block	down=false,east=false,north=false,south=true,up=true,west=false
M	1593	656	minecraft:brown_mushroom_block	down=false,east=true,north=false,south=true,up=true,west=false
M	1594	657	minecraft:mushroom_stem	down=false,east=true,north=true,south=true,up=false,west=true
M	1595	658	minecraft:brown_mushroom_block	down=false,east=false,north=false,south=false,up=false,west=false
M	1596	659	minecraft:brown_mushroom_block	down=false,east=false,north=false,south=false,up=false,west=false
M	1597	660	minecraft:brown_mushroom_block	down=false,east=false,north=false,south=false,up=false,west=false
M	1598	661	minecraft:brown_mushroom_block	down=true,east=true,north=true,south=true,up=true,west=true
M	1599	662	minecraft:mushroom_stem	down=true,east=true,north=true,south=true,up=true,west=true
M	1600	663	minecraft:red_mushroom_block	down=false,east=false,north=false,south=false,up=false,west=false
M	1601	664	minecraft:red_mushroom_block	down=false,east=false,north=true,south=false,up=true,west=true
M	1602	665	minecraft:red_mushroom_block	down=false,east=false,north=true,south=false,up=true,west=false
M	1603	666	minecraft:red_mushroom_block	down=false,east=true,north=true,south=false,up=true,west=false
M	1604	667	minecraft:red_mushroom_block	down=false,east=false,north=false,south=false,up=true,west=true
M	1605	668	minecraft:red_mushroom_block	down=false,east=false,north=false,south=false,up=true,west=false
M	1606	669	minecraft:red_mushroom_block	down=false,east=true,north=false,south=false,up=true,west=false
M	1607	670	minecraft:red_mushroom_block	down=false,east=false,north=false,south=true,up=true,west=true
M	1608	671	minecraft:red_mushroom_block	down=false,east=false,north=false,south=true,up=true,west=false
M	1609	672	minecraft:red_mushroom_block	down=false,east=true,north=false,south=true,up=true,west=false
M	1610	673	minecraft:mushroom_stem	down=false,east=true,north=true,south=true,up=false,west=true
M	1611	674	minecraft:red_mushroom_block	down=false,east=false,north=false,south=false,up=false,west=false
M	1612	675	minecraft:red_mushroom_block	down=false,east=false,north=false,south=false,up=false,west=false
M	1613	676	minecraft:red_mushroom_block	down=false,east=false,north=false,south=false,up=false,west=false
M	1614	677	minecraft:red_mushroom_block	down=true,east=true,north=true,south=true,up=true,west=true
M	1615	678	minecraft:mushroom_stem	down=true,east=true,north=true,south=true,up=true,west=true
M	1616	679	minecraft:iron_bars	east=false,north=false,south=false,west=false
M	1617	679	minecraft:iron_bars	east=false,north=false,south=false,west=false
M	1618	679	minecraft:iron_bars	east=false,north=false,south=false,west=false
M	1619	679	minecraft:iron_bars	east=false,north=false,south=false,west=false
M	1620	679	minecraft:iron_bars	east=false,north=false,south=false,west=false
M	1621	679	minecraft:iron_bars	east=false,north=false,south=false,west=false
M	1622	679	minecraft:iron_bars	east=false,north=false,south=false,west=false
M	1623	679	minecraft:iron_bars	east=false,north=false,south=false,west=false
M	1624	679	minecraft:iron_bars	east=false,north=false,south=false,west=false
M	1625	679	minecraft:iron_bars	east=false,north=false,south=false,west=false
M	1626	679	minecraft:iron_bars	east=false,north=false,south=false,west=false
M	1627	679	minecraft:iron_bars	east=false,north=false,south=false,west=false
M	1628	679	minecraft:iron_bars	east=false,north=false,south=false,west=false
M	1629	679	minecraft:iron_bars	east=false,north=false,south=false,west=false
M	1630	679	minecraft:iron_bars	east=false,north=false,south=false,west=false
M	1631	679	minecraft:iron_bars	east=false,north=false,south=false,west=false
M	1632	680	minecraft:glass_pane	east=false,north=false,south=false,west=false
M	1633	680	minecraft:glass_pane	east=false,north=false,south=false,west=false
M	1634	680	minecraft:glass_pane	east=false,north=false,south=false,west=false
M	1635	680	minecraft:glass_pane	east=false,north=false,south=false,west=false
M	1636	680	minecraft:glass_pane	east=false,north=false,south=false,west=false
M	1637	680	minecraft:glass_pane	east=false,north=false,south=false,west=false
M	1638	680	minecraft:glass_pane	east=false,north=false,south=false,west=false
M	1639	680	minecraft:glass_pane	east=false,north=false,south=false,west=false
M	1640	680	minecraft:glass_pane	east=false,north=false,south=false,west=false
M	1641	680	minecraft:glass_pane	east=false,north=false,south=false,west=false
M	1642	680	minecraft:glass_pane	east=false,north=false,south=false,west=false
M	1643	680	minecraft:glass_pane	east=false,north=false,south=false,west=false
M	1644	680	minecraft:glass_pane	east=false,north=false,south=false,west=false
M	1645	680	minecraft:glass_pane	east=false,north=false,south=false,west=false
M	1646	680	minecraft:glass_pane	east=false,north=false,south=false,west=false
M	1647	680	minecraft:glass_pane	east=false,north=false,south=false,west=false
M	1648	681	minecraft:melon_block	
M	1649	681	minecraft:melon_block	
M	1650	681	minecraft:melon_block	
M	1651	681	minecraft:melon_block	
M	1652	681	minecraft:melon_block	
M	1653	681	minecraft:melon_block	
M	1654	681	minecraft:melon_block	
M	1655	681	minecraft:melon_block	
M	1656	681	minecraft:melon_block	
M	1657	681	minecraft:melon_block	
M	1658	681	minecraft:melon_block	
M	1659	681	minecraft:melon_block	
M	1660	681	minecraft:melon_block	
M	1661	681	minecraft:melon_block	
M	1662	681	minecraft:melon_block	
M	1663	681	minecraft:melon_block	
M	1664	682	minecraft:pumpkin_stem	age=0
M	1665	683	minecraft:pumpkin_stem	age=1
M	1666	684	minecraft:pumpkin_stem	age=2
M	1667	685	minecraft:pumpkin_stem	age=3
M	1668	686	minecraft:pumpkin_stem	age=4
M	1669	687	minecraft:pumpkin_stem	age=5
M	1670	688	minecraft:pumpkin_stem	age=6
M	1671	689	minecraft:pumpkin_stem	age=7
M	1672	682	minecraft:pumpkin_stem	age=0
M	1673	682	minecraft:pumpkin_stem	age=0
M	1674	682	minecraft:pumpkin_stem	age=0
M	1675	682	minecraft:pumpkin_stem	age=0
M	1676	682	minecraft:pumpkin_stem	age=0
M	1677	682	minecraft:pumpkin_stem	age=0
M	1678	682	minecraft:pumpkin_stem	age=0
M	1679	682	minecraft:pumpkin_stem	age=0
M	1680	690	minecraft:melon_stem	age=0
M	1681	691	minecraft:melon_stem	age=1
M	1682	692	minecraft:melon_stem	age=2
M	1683	693	minecraft:melon_stem	age=3
M	1684	694	minecraft:melon_stem	age=4
M	1685	695	minecraft:melon_stem	age=5
M	1686	696	minecraft:melon_stem	age=6
M	1687	697	minecraft:melon_stem	age=7
M	1688	690	minecraft:melon_stem	age=0
M	1689	690	minecraft:melon_stem	age=0
M	1690	690	minecraft:melon_stem	age=0
M	1691	690	minecraft:melon_stem	age=0
M	1692	690	minecraft:melon_stem	age=0
M	1693	690	minecraft:melon_stem	age=0
M	1694	690	minecraft:melon_stem	age=0
M	1695	690	minecraft:melon_stem	age=0
M	1696	698	minecraft:vine	east=false,north=false,south=false,up=true,west=false
M	1697	699	minecraft:vine	east=false,north=false,south=true,up=true,west=false
M	1698	700	minecraft:vine	east=false,north=false,south=false,up=true,west=true
M	1699	701	minecraft:vine	east=false,north=false,south=true,up=true,west=true
M	1700	702	minecraft:vine	east=false,north=true,south=false,up=true,west=false
M	1701	703	minecraft:vine	east=false,north=true,south=true,up=true,west=false
M	1702	704	minecraft:vine	east=false,north=true,south=false,up=true,west=true
M	1703	705	minecraft:vine	east=false,north=true,south=true,up=true,west=true
M	1704	706	minecraft:vine	east=true,north=false,south=false,up=true,west=false
M	1705	707	minecraft:vine	east=true,north=false,south=true,up=true,west=false
M	1706	708	minecraft:vine	east=true,north=false,south=false,up=true,west=true
M	1707	709	minecraft:vine	east=true,north=false,south=true,up=true,west=true
M	1708	710	minecraft:vine	east=true,north=true,south=false,up=true,west=false
M	1709	711	minecraft:vine	east=true,north=true,south=true,up=true,west=false
M	1710	712	minecraft:vine	east=true,north=true,south=false,up=true,west=true
M	1711	713	minecraft:vine	east=true,north=true,south=true,up=true,west=true
M	1712	714	minecraft:oak_fence_gate	facing=south,in_wall=false,open=false,powered=false
M	1713	715	minecraft:oak_fence_gate	facing=west,in_wall=false,open=false,powered=false
M	1714	716	minecraft:oak_fence_gate	facing=north,in_wall=false,open=false,powered=false
M	1715	717	minecraft:oak_fence_gate	facing=east,in_wall=false,open=false,powered=false
M	1716	718	minecraft:oak_fence_gate	facing=south,in_wall=false,open=true,powered=false
M	1717	719	minecraft:oak_fence_gate	facing=west,in_wall=false,open=true,powered=false
M	1718	720	minecraft:oak_fence_gate	facing=north,in_wall=false,open=true,powered=false
M	1719	721	minecraft:oak_fence_gate	facing=east,in_wall=false,open=true,powered=false
M	1720	722	minecraft:oak_fence_gate	facing=south,in_wall=false,open=false,powered=true
M	1721	723	minecraft:oak_fence_gate	facing=west,in_wall=false,open=false,powered=true
M	1722	724	minecraft:oak_fence_gate	facing=north,in_wall=false,open=false,powered=true
M	1723	725	minecraft:oak_fence_gate	facing=east,in_wall=false,open=false,powered=true
M	1724	726	minecraft:oak_fence_gate	facing=south,in_wall=false,open=true,powered=true
M	1725	727	minecraft:oak_fence_gate	facing=west,in_wall=false,open=true,powered=true
M	1726	728	minecraft:oak_fence_gate	facing=north,in_wall=false,open=true,powered=true
M	1727	729	minecraft:oak_fence_gate	facing=east,in_wall=false,open=true,powered=true
M	1728	730	minecraft:brick_stairs	facing=east,half=bottom,shape=straight
M	1729	731	minecraft:brick_stairs	facing=west,half=bottom,shape=straight
M	1730	732	minecraft:brick_stairs	facing=south,half=bottom,shape=straight
M	1731	733	minecraft:brick_stairs	facing=north,half=bottom,shape=straight
M	1732	734	minecraft:brick_stairs	facing=east,half=top,shape=straight
M	1733	735	minecraft:brick_stairs	facing=west,half=top,shape=straight
M	1734	736	minecraft:brick_stairs	facing=south,half=top,shape=straight
M	1735	737	minecraft:brick_stairs	facing=north,half=top,shape=straight
M	1736	730	minecraft:brick_stairs	facing=east,half=bottom,shape=straight
M	1737	730	minecraft:brick_stairs	facing=east,half=bottom,shape=straight
M	1738	730	minecraft:brick_stairs	facing=east,half=bottom,shape=straight
M	1739	730	minecraft:brick_stairs	facing=east,half=bottom,shape=straight
M	1740	730	minecraft:brick_stairs	facing=east,half=bottom,shape=straight
M	1741	730	minecraft:brick_stairs	facing=east,half=bottom,shape=straight
M	1742	730	minecraft:brick_stairs	facing=east,half=bottom,shape=straight
M	1743	730	minecraft:brick_stairs	facing=east,half=bottom,shape=straight
M	1744	738	minecraft:stone_brick_stairs	facing=east,half=bottom,shape=straight
M	1745	739	minecraft:stone_brick_stairs	facing=west,half=bottom,shape=straight
M	1746	740	minecraft:stone_brick_stairs	facing=south,half=bottom,shape=straight
M	1747	741	minecraft:stone_brick_stairs	facing=north,half=bottom,shape=straight
M	1748	742	minecraft:stone_brick_stairs	facing=east,half=top,shape=straight
M	1749	743	minecraft:stone_brick_stairs	facing=west,half=top,shape=straight
M	1750	744	minecraft:stone_brick_stairs	facing=south,half=top,shape=straight
M	1751	745	minecraft:stone_brick_stairs	facing=north,half=top,shape=straight
M	1752	738	minecraft:stone_brick_stairs	facing=east,half=bottom,shape=straight
M	1753	738	minecraft:stone_brick_stairs	facing=east,half=bottom,shape=straight
M	1754	738	minecraft:stone_brick_stairs	facing=east,half=bottom,shape=straight
M	1755	738	minecraft:stone_brick_stairs	facing=east,half=bottom,shape=straight
M	1756	738	minecraft:stone_brick_stairs	facing=east,half=bottom,shape=straight
M	1757	738	minecraft:stone_brick_stairs	facing=east,half=bottom,shape=straight
M	1758	738	minecraft:stone_brick_stairs	facing=east,half=bottom,shape=straight
M	1759	738	minecraft:stone_brick_stairs	facing=east,half=bottom,shape=straight
M	1760	746	minecraft:mycelium	snowy=false
M	1761	746	minecraft:mycelium	snowy=false
M	1762	746	minecraft:mycelium	snowy=false
M	1763	746	minecraft:mycelium	snowy=false
M	1764	746	minecraft:mycelium	snowy=false
M	1765	746	minecraft:mycelium	snowy=false
M	1766	746	minecraft:mycelium	snowy=false
M	1767	746	minecraft:mycelium	snowy=false
M	1768	746	minecraft:mycelium	snowy=false
M	1769	746	minecraft:mycelium	snowy=false
M	1770	746	minecraft:mycelium	snowy=false
M	1771	746	minecraft:mycelium	snowy=false
M	1772	746	minecraft:mycelium	snowy=false
M	1773	746	minecraft:mycelium	snowy=false
M	1774	746	minecraft:mycelium	snowy=false
M	1775	746	minecraft:mycelium	snowy=false
M	1776	747	minecraft:lily_pad	
M	1777	747	minecraft:lily_pad	
M	1778	747	minecraft:lily_pad	
M	1779	747	minecraft:lily_pad	
M	1780	747	minecraft:lily_pad	
M	1781	747	minecraft:lily_pad	
M	1782	747	minecraft:lily_pad	
M	1783	747	minecraft:lily_pad	
M	1784	747	minecraft:lily_pad	
M	1785	747	minecraft:lily_pad	
M	1786	747	minecraft:lily_pad	
M	1787	747	minecraft:lily_pad	
M	1788	747	minecraft:lily_pad	
M	1789	747	minecraft:lily_pad	
M	1790	747	minecraft:lily_pad	
M	1791	747	minecraft:lily_pad	
M	1792	748	minecraft:nether_bricks	
M	1793	748	minecraft:nether_bricks	
M	1794	748	minecraft:nether_bricks	
M	1795	748	minecraft:nether_bricks	
M	1796	748	minecraft:nether_bricks	
M	1797	748	minecraft:nether_bricks	
M	1798	748	minecraft:nether_bricks	
M	1799	748	minecraft:nether_bricks	
M	1800	748	minecraft:nether_bricks	
M	1801	748	minecraft:nether_bricks	
M	1802	748	minecraft:nether_bricks	
M	1803	748	minecraft:nether_bricks	
M	1804	748	minecraft:nether_bricks	
M	1805	748	minecraft:nether_bricks	
M	1806	748	minecraft:nether_bricks	
M	1807	748	minecraft:nether_bricks	
M	1808	749	minecraft:nether_brick_fence	east=false,north=false,south=false,west=false
M	1809	749	minecraft:nether_brick_fence	east=false,north=false,south=false,west=false
M	1810	749	minecraft:nether_brick_fence	east=false,north=false,south=false,west=false
M	1811	749	minecraft:nether_brick_fence	east=false,north=false,south=false,west=false
M	1812	749	minecraft:nether_brick_fence	east=false,north=false,south=false,west=false
M	1813	749	minecraft:nether_brick_fence	east=false,north=false,south=false,west=false
M	1814	749	minecraft:nether_brick_fence	east=false,north=false,south=false,west=false
M	1815	749	minecraft:nether_brick_fence	east=false,north=false,south=false,west=false
M	1816	749	minecraft:nether_brick_fence	east=false,north=false,south=false,west=false
M	1817	749	minecraft:nether_brick_fence	east=false,north=false,south=false,west=false
M	1818	749	minecraft:nether_brick_fence	east=false,north=false,south=false,west=false
M	1819	749	minecraft:nether_brick_fence	east=false,north=false,south=false,west=false
M	1820	749	minecraft:nether_brick_fence	east=false,north=false,south=false,west=false
M	1821	749	minecraft:nether_brick_fence	east=false,north=false,south=false,west=false
M	1822	749	minecraft:nether_brick_fence	east=false,north=false,south=false,west=false
M	1823	749	minecraft:nether_brick_fence	east=false,north=false,south=false,west=false
M	1824	750	minecraft:nether_brick_stairs	facing=east,half=bottom,shape=straight
M	1825	751	minecraft:nether_brick_stairs	facing=west,half=bottom,shape=straight
M	1826	752	minecraft:nether_brick_stairs	facing=south,half=bottom,shape=straight
M	1827	753	minecraft:nether_brick_stairs	facing=north,half=bottom,shape=straight
M	1828	754	minecraft:nether_brick_stairs	facing=east,half=top,shape=straight
M	1829	755	minecraft:nether_brick_stairs	facing=west,half=top,shape=straight
M	1830	756	minecraft:nether_brick_stairs	facing=south,half=top,shape=straight
M	1831	757	minecraft:nether_brick_stairs	facing=north,half=top,shape=straight
M	1832	750	minecraft:nether_brick_stairs	facing=east,half=bottom,shape=straight
M	1833	750	minecraft:nether_brick_stairs	facing=east,half=bottom,shape=straight
M	1834	750	minecraft:nether_brick_stairs	facing=east,half=bottom,shape=straight
M	1835	750	minecraft:nether_brick_stairs	facing=east,half=bottom,shape=straight
M	1836	750	minecraft:nether_brick_stairs	facing=east,half=bottom,shape=straight
M	1837	750	minecraft:nether_brick_stairs	facing=east,half=bottom,shape=straight
M	1838	750	minecraft:nether_brick_stairs	facing=east,half=bottom,shape=straight
M	1839	750	minecraft:nether_brick_stairs	facing=east,half=bottom,shape=straight
M	1840	758	minecraft:nether_wart	age=0
M	1841	759	minecraft:nether_wart	age=1
M	1842	760	minecraft:nether_wart	age=2
M	1843	761	minecraft:nether_wart	age=3
M	1844	758	minecraft:nether_wart	age=0
M	1845	758	minecraft:nether_wart	age=0
M	1846	758	minecraft:nether_wart	age=0
M	1847	758	minecraft:nether_wart	age=0
M	1848	758	minecraft:nether_wart	age=0
M	1849	758	minecraft:nether_wart	age=0
M	1850	758	minecraft:nether_wart	age=0
M	1851	758	minecraft:nether_wart	age=0
M	1852	758	minecraft:nether_wart	age=0
M	1853	758	minecraft:nether_wart	age=0
M	1854	758	minecraft:nether_wart	age=0
M	1855	758	minecraft:nether_wart	age=0
M	1856	762	minecraft:enchanting_table	
M	1857	762	minecraft:enchanting_table	
M	1858	762	minecraft:enchanting_table	
M	1859	762	minecraft:enchanting_table	
M	1860	762	minecraft:enchanting_table	
M	1861	762	minecraft:enchanting_table	
M	1862	762	minecraft:enchanting_table	
M	1863	762	minecraft:enchanting_table	
M	1864	762	minecraft:enchanting_table	
M	1865	762	minecraft:enchanting_table	
M	1866	762	minecraft:enchanting_table	
M	1867	762	minecraft:enchanting_table	
M	1868	762	minecraft:enchanting_table	
M	1869	762	minecraft:enchanting_table	
M	1870	762	minecraft:enchanting_table	
M	1871	762	minecraft:enchanting_table	
M	1872	763	minecraft:brewing_stand	has_bottle_0=false,has_bottle_1=false,has_bottle_2=false
M	1873	764	minecraft:brewing_stand	has_bottle_0=true,has_bottle_1=false,has_bottle_2=false
M	1874	765	minecraft:brewing_stand	has_bottle_0=false,has_bottle_1=true,has_bottle_2=false
M	1875	766	minecraft:brewing_stand	has_bottle_0=true,has_bottle_1=true,has_bottle_2=false
M	1876	767	minecraft:brewing_stand	has_bottle_0=false,has_bottle_1=false,has_bottle_2=true
M	1877	768	minecraft:brewing_stand	has_bottle_0=true,has_bottle_1=false,has_bottle_2=true
M	1878	769	minecraft:brewing_stand	has_bottle_0=false,has_bottle_1=true,has_bottle_2=true
M	1879	770	minecraft:brewing_stand	has_bottle_0=true,has_bottle_1=true,has_bottle_2=true
M	1880	763	minecraft:brewing_stand	has_bottle_0=false,has_bottle_1=false,has_bottle_2=false
M	1881	763	minecraft:brewing_stand	has_bottle_0=false,has_bottle_1=false,has_bottle_2=false
M	1882	763	minecraft:brewing_stand	has_bottle_0=false,has_bottle_1=false,has_bottle_2=false
M	1883	763	minecraft:brewing_stand	has_bottle_0=false,has_bottle_1=false,has_bottle_2=false
M	1884	763	minecraft:brewing_stand	has_bottle_0=false,has_bottle_1=false,has_bottle_2=false
M	1885	763	minecraft:brewing_stand	has_bottle_0=false,has_bottle_1=false,has_bottle_2=false
M	1886	763	minecraft:brewing_stand	has_bottle_0=false,has_bottle_1=false,has_bottle_2=false
M	1887	763	minecraft:brewing_stand	has_bottle_0=false,has_bottle_1=false,has_bottle_2=false
M	1888	771	minecraft:cauldron	level=0
M	1889	772	minecraft:cauldron	level=1
M	1890	773	minecraft:cauldron	level=2
M	1891	774	minecraft:cauldron	level=3
M	1892	771	minecraft:cauldron	level=0
M	1893	771	minecraft:cauldron	level=0
M	1894	771	minecraft:cauldron	level=0
M	1895	771	minecraft:cauldron	level=0
M	1896	771	minecraft:cauldron	level=0
M	1897	771	minecraft:cauldron	level=0
M	1898	771	minecraft:cauldron	level=0
M	1899	771	minecraft:cauldron	level=0
M	1900	771	minecraft:cauldron	level=0
M	1901	771	minecraft:cauldron	level=0
M	1902	771	minecraft:cauldron	level=0
M	1903	771	minecraft:cauldron	level=0
M	1904	775	minecraft:end_portal	
M	1905	775	minecraft:end_portal	
M	1906	775	minecraft:end_portal	
M	1907	775	minecraft:end_portal	
M	1908	775	minecraft:end_portal	
M	1909	775	minecraft:end_portal	
M	1910	775	minecraft:end_portal	
M	1911	775	minecraft:end_portal	
M	1912	775	minecraft:end_portal	
M	1913	775	minecraft:end_portal	
M	1914	775	minecraft:end_portal	
M	1915	775	minecraft:end_portal	
M	1916	775	minecraft:end_portal	
M	1917	775	minecraft:end_portal	
M	1918	775	minecraft:end_portal	
M	1919	775	minecraft:end_portal	
M	1920	776	minecraft:end_portal_frame	eye=false,facing=south
M	1921	777	minecraft:end_portal_frame	eye=false,facing=west
M	1922	778	minecraft:end_portal_frame	eye=false,facing=north
M	1923	779	minecraft:end_portal_frame	eye=false,facing=east
M	1924	780	minecraft:end_portal_frame	eye=true,facing=south
M	1925	781	minecraft:end_portal_frame	eye=true,facing=west
M	1926	782	minecraft:end_portal_frame	eye=true,facing=north
M	1927	783	minecraft:end_portal_frame	eye=true,facing=east
M	1928	776	minecraft:end_portal_frame	eye=false,facing=south
M	1929	776	minecraft:end_portal_frame	eye=false,facing=south
M	1930	776	minecraft:end_portal_frame	eye=false,facing=south
M	1931	776	minecraft:end_portal_frame	eye=false,facing=south
M	1932	776	minecraft:end_portal_frame	eye=false,facing=south
M	1933	776	minecraft:end_portal_frame	eye=false,facing=south
M	1934	776	minecraft:end_portal_frame	eye=false,facing=south
M	1935	776	minecraft:end_portal_frame	eye=false,facing=south
M	1936	784	minecraft:end_stone	
M	1937	784	minecraft:end_stone	
M	1938	784	minecraft:end_stone	
M	1939	784	minecraft:end_stone	
M	1940	784	minecraft:end_stone	
M	1941	784	minecraft:end_stone	
M	1942	784	minecraft:end_stone	
M	1943	784	minecraft:end_stone	
M	1944	784	minecraft:end_stone	
M	1945	784	minecraft:end_stone	
M	1946	784	minecraft:end_stone	
M	1947	784	minecraft:end_stone	
M	1948	784	minecraft:end_stone	
M	1949	784	minecraft:end_stone	
M	1950	784	minecraft:end_stone	
M	1951	784	minecraft:end_stone	
M	1952	785	minecraft:dragon_egg	
M	1953	785	minecraft:dragon_egg	
M	1954	785	minecraft:dragon_egg	
M	1955	785	minecraft:dragon_egg	
M	1956	785	minecraft:dragon_egg	
M	1957	785	minecraft:dragon_egg	
M	1958	785	minecraft:dragon_egg	
M	1959	785	minecraft:dragon_egg	
M	1960	785	minecraft:dragon_egg	
M	1961	785	minecraft:dragon_egg	
M	1962	785	minecraft:dragon_egg	
M	1963	785	minecraft:dragon_egg	
M	1964	785	minecraft:dragon_egg	
M	1965	785	minecraft:dragon_egg	
M	1966	785	minecraft:dragon_egg	
M	1967	785	minecraft:dragon_egg	
M	1968	786	minecraft:redstone_lamp	lit=false
M	1969	786	minecraft:redstone_lamp	lit=false
M	1970	786	minecraft:redstone_lamp	lit=false
M	1971	786	minecraft:redstone_lamp	lit=false
M	1972	786	minecraft:redstone_lamp	lit=false
M	1973	786	minecraft:redstone_lamp	lit=false
M	1974	786	minecraft:redstone_lamp	lit=false
M	1975	786	minecraft:redstone_lamp	lit=false
M	1976	786	minecraft:redstone_lamp	lit=false
M	1977	786	minecraft:redstone_lamp	lit=false
M	1978	786	minecraft:redstone_lamp	lit=false
M	1979	786	minecraft:redstone_lamp	lit=false
M	1980	786	minecraft:redstone_lamp	lit=false
M	1981	786	minecraft:redstone_lamp	lit=false
M	1982	786	minecraft:redstone_lamp	lit=false
M	1983	786	minecraft:redstone_lamp	lit=false
M	1984	787	minecraft:redstone_lamp	lit=true
M	1985	787	minecraft:redstone_lamp	lit=true
M	1986	787	minecraft:redstone_lamp	lit=true
M	1987	787	minecraft:redstone_lamp	lit=true
M	1988	787	minecraft:redstone_lamp	lit=true
M	1989	787	minecraft:redstone_lamp	lit=true
M	1990	787	minecraft:redstone_lamp	lit=true
M	1991	787	minecraft:redstone_lamp	lit=true
M	1992	787	minecraft:redstone_lamp	lit=true
M	1993	787	minecraft:redstone_lamp	lit=true
M	1994	787	minecraft:redstone_lamp	lit=true
M	1995	787	minecraft:redstone_lamp	lit=true
M	1996	787	minecraft:redstone_lamp	lit=true
M	1997	787	minecraft:redstone_lamp	lit=true
M	1998	787	minecraft:redstone_lamp	lit=true
M	1999	787	minecraft:redstone_lamp	lit=true
M	2000	788	minecraft:oak_slab	type=double
M	2001	789	minecraft:spruce_slab	type=double
M	2002	790	minecraft:birch_slab	type=double
M	2003	791	minecraft:jungle_slab	type=double
M	2004	792	minecraft:acacia_slab	type=double
M	2005	793	minecraft:dark_oak_slab	type=double
M	2006	788	minecraft:oak_slab	type=double
M	2007	788	minecraft:oak_slab	type=double
M	2008	788	minecraft:oak_slab	type=double
M	2009	788	minecraft:oak_slab	type=double
M	2010	788	minecraft:oak_slab	type=double
M	2011	788	minecraft:oak_slab	type=double
M	2012	788	minecraft:oak_slab	type=double
M	2013	788	minecraft:oak_slab	type=double
M	2014	788	minecraft:oak_slab	type=double
M	2015	788	minecraft:oak_slab	type=double
M	2016	794	minecraft:oak_slab	type=bottom
M	2017	795	minecraft:spruce_slab	type=bottom
M	2018	796	minecraft:birch_slab	type=bottom
M	2019	797	minecraft:jungle_slab	type=bottom
M	2020	798	minecraft:acacia_slab	type=bottom
M	2021	799	minecraft:dark_oak_slab	type=bottom
M	2022	794	minecraft:oak_slab	type=bottom
M	2023	794	minecraft:oak_slab	type=bottom
M	2024	800	minecraft:oak_slab	type=top
M	2025	801	minecraft:spruce_slab	type=top
M	2026	802	minecraft:birch_slab	type=top
M	2027	803	minecraft:jungle_slab	type=top
M	2028	804	minecraft:acacia_slab	type=top
M	2029	805	minecraft:dark_oak_slab	type=top
M	2030	794	minecraft:oak_slab	type=bottom
M	2031	794	minecraft:oak_slab	type=bottom
M	2032	806	minecraft:cocoa	age=0,facing=south
M	2033	807	minecraft:cocoa	age=0,facing=west
M	2034	808	minecraft:cocoa	age=0,facing=north
M	2035	809	minecraft:cocoa	age=0,facing=east
M	2036	810	minecraft:cocoa	age=1,facing=south
M	2037	811	minecraft:cocoa	age=1,facing=west
M	2038	812	minecraft:cocoa	age=1,facing=north
M	2039	813	minecraft:cocoa	age=1,facing=east
M	2040	814	minecraft:cocoa	age=2,facing=south
M	2041	815	minecraft:cocoa	age=2,facing=west
M	2042	816	minecraft:cocoa	age=2,facing=north
M	2043	817	minecraft:cocoa	age=2,facing=east
M	2044	806	minecraft:cocoa	age=0,facing=south
M	2045	806	minecraft:cocoa	age=0,facing=south
M	2046	806	minecraft:cocoa	age=0,facing=south
M	2047	806	minecraft:cocoa	age=0,facing=south
M	2048	818	minecraft:sandstone_stairs	facing=east,half=bottom,shape=straight
M	2049	819	minecraft:sandstone_stairs	facing=west,half=bottom,shape=straight
M	2050	820	minecraft:sandstone_stairs	facing=south,half=bottom,shape=straight
M	2051	821	minecraft:sandstone_stairs	facing=north,half=bottom,shape=straight
M	2052	822	minecraft:sandstone_stairs	facing=east,half=top,shape=straight
M	2053	823	minecraft:sandstone_stairs	facing=west,half=top,shape=straight
M	2054	824	minecraft:sandstone_stairs	facing=south,half=top,shape=straight
M	2055	825	minecraft:sandstone_stairs	facing=north,half=top,shape=straight
M	2056	818	minecraft:sandstone_stairs	facing=east,half=bottom,shape=straight
M	2057	818	minecraft:sandstone_stairs	facing=east,half=bottom,shape=straight
M	2058	818	minecraft:sandstone_stairs	facing=east,half=bottom,shape=straight
M	2059	818	minecraft:sandstone_stairs	facing=east,half=bottom,shape=straight
M	2060	818	minecraft:sandstone_stairs	facing=east,half=bottom,shape=straight
M	2061	818	minecraft:sandstone_stairs	facing=east,half=bottom,shape=straight
M	2062	818	minecraft:sandstone_stairs	facing=east,half=bottom,shape=straight
M	2063	818	minecraft:sandstone_stairs	facing=east,half=bottom,shape=straight
M	2064	826	minecraft:emerald_ore	
M	2065	826	minecraft:emerald_ore	
M	2066	826	minecraft:emerald_ore	
M	2067	826	minecraft:emerald_ore	
M	2068	826	minecraft:emerald_ore	
M	2069	826	minecraft:emerald_ore	
M	2070	826	minecraft:emerald_ore	
M	2071	826	minecraft:emerald_ore	
M	2072	826	minecraft:emerald_ore	
M	2073	826	minecraft:emerald_ore	
M	2074	826	minecraft:emerald_ore	
M	2075	826	minecraft:emerald_ore	
M	2076	826	minecraft:emerald_ore	
M	2077	826	minecraft:emerald_ore	
M	2078	826	minecraft:emerald_ore	
M	2079	826	minecraft:emerald_ore	
M	2080	827	minecraft:ender_chest	facing=north
M	2081	827	minecraft:ender_chest	facing=north
M	2082	827	minecraft:ender_chest	facing=north
M	2083	828	minecraft:ender_chest	facing=south
M	2084	829	minecraft:ender_chest	facing=west
M	2085	830	minecraft:ender_chest	facing=east
M	2086	827	minecraft:ender_chest	facing=north
M	2087	827	minecraft:ender_chest	facing=north
M	2088	827	minecraft:ender_chest	facing=north
M	2089	827	minecraft:ender_chest	facing=north
M	2090	827	minecraft:ender_chest	facing=north
M	2091	827	minecraft:ender_chest	facing=north
M	2092	827	minecraft:ender_chest	facing=north
M	2093	827	minecraft:ender_chest	facing=north
M	2094	827	minecraft:ender_chest	facing=north
M	2095	827	minecraft:ender_chest	facing=north
M	2096	831	minecraft:tripwire_hook	attached=false,facing=south,powered=false
M	2097	832	minecraft:tripwire_hook	attached=false,facing=west,powered=false
M	2098	833	minecraft:tripwire_hook	attached=false,facing=north,powered=false
M	2099	834	minecraft:tripwire_hook	attached=false,facing=east,powered=false
M	2100	835	minecraft:tripwire_hook	attached=true,facing=south,powered=false
M	2101	836	minecraft:tripwire_hook	attached=true,facing=west,powered=false
M	2102	837	minecraft:tripwire_hook	attached=true,facing=north,powered=false
M	2103	838	minecraft:tripwire_hook	attached=true,facing=east,powered=false
M	2104	839	minecraft:tripwire_hook	attached=false,facing=south,powered=true
M	2105	840	minecraft:tripwire_hook	attached=false,facing=west,powered=true
M	2106	841	minecraft:tripwire_hook	attached=false,facing=north,powered=true
M	2107	842	minecraft:tripwire_hook	attached=false,facing=east,powered=true
M	2108	843	minecraft:tripwire_hook	attached=true,facing=south,powered=true
M	2109	844	minecraft:tripwire_hook	attached=true,facing=west,powered=true
M	2110	845	minecraft:tripwire_hook	attached=true,facing=north,powered=true
M	2111	846	minecraft:tripwire_hook	attached=true,facing=east,powered=true
M	2112	847	minecraft:tripwire	attached=false,disarmed=false,east=false,north=false,powered=false,south=false,west=false
M	2113	848	minecraft:tripwire	attached=false,disarmed=false,east=false,north=false,powered=true,south=false,west=false
M	2114	849	minecraft:tripwire	attached=false,disarmed=false,east=false,north=false,powered=false,south=false,west=false
M	2115	850	minecraft:tripwire	attached=false,disarmed=false,east=false,north=false,powered=true,south=false,west=false
M	2116	851	minecraft:tripwire	attached=true,disarmed=false,east=false,north=false,powered=false,south=false,west=false
M	2117	852	minecraft:tripwire	attached=true,disarmed=false,east=false,north=false,powered=true,south=false,west=false
M	2118	853	minecraft:tripwire	attached=true,disarmed=false,east=false,north=false,powered=false,south=false,west=false
M	2119	854	minecraft:tripwire	attached=true,disarmed=false,east=false,north=false,powered=true,south=false,west=false
M	2120	855	minecraft:tripwire	attached=false,disarmed=true,east=false,north=false,powered=false,south=false,west=false
M	2121	856	minecraft:tripwire	attached=false,disarmed=true,east=false,north=false,powered=true,south=false,west=false
M	2122	857	minecraft:tripwire	attached=false,disarmed=true,east=false,north=false,powered=false,south=false,west=false
M	2123	858	minecraft:tripwire	attached=false,disarmed=true,east=false,north=false,powered=true,south=false,west=false
M	2124	859	minecraft:tripwire	attached=true,disarmed=true,east=false,north=false,powered=false,south=false,west=false
M	2125	860	minecraft:tripwire	attached=true,disarmed=true,east=false,north=false,powered=true,south=false,west=false
M	2126	861	minecraft:tripwire	attached=true,disarmed=true,east=false,north=false,powered=false,south=false,west=false
M	2127	847	minecraft:tripwire	attached=false,disarmed=false,east=false,north=false,powered=false,south=false,west=false
M	2128	862	minecraft:emerald_block	
M	2129	862	minecraft:emerald_block	
M	2130	862	minecraft:emerald_block	
M	2131	862	minecraft:emerald_block	
M	2132	862	minecraft:emerald_block	
M	2133	862	minecraft:emerald_block	
M	2134	862	minecraft:emerald_block	
M	2135	862	minecraft:emerald_block	
M	2136	862	minecraft:emerald_block	
M	2137	862	minecraft:emerald_block	
M	2138	862	minecraft:emerald_block	
M	2139	862	minecraft:emerald_block	
M	2140	862	minecraft:emerald_block	
M	2141	862	minecraft:emerald_block	
M	2142	862	minecraft:emerald_block	
M	2143	862	minecraft:emerald_block	
M	2144	863	minecraft:spruce_stairs	facing=east,half=bottom,shape=straight
M	2145	864	minecraft:spruce_stairs	facing=west,half=bottom,shape=straight
M	2146	865	minecraft:spruce_stairs	facing=south,half=bottom,shape=straight
M	2147	866	minecraft:spruce_stairs	facing=north,half=bottom,shape=straight
M	2148	867	minecraft:spruce_stairs	facing=east,half=top,shape=straight
M	2149	868	minecraft:spruce_stairs	facing=west,half=top,shape=straight
M	2150	869	minecraft:spruce_stairs	facing=south,half=top,shape=straight
M	2151	870	minecraft:spruce_stairs	facing=north,half=top,shape=straight
M	2152	863	minecraft:spruce_stairs	facing=east,half=bottom,shape=straight
M	2153	863	minecraft:spruce_stairs	facing=east,half=bottom,shape=straight
M	2154	863	minecraft:spruce_stairs	facing=east,half=bottom,shape=straight
M	2155	863	minecraft:spruce_stairs	facing=east,half=bottom,shape=straight
M	2156	863	minecraft:spruce_stairs	facing=east,half=bottom,shape=straight
M	2157	863	minecraft:spruce_stairs	facing=east,half=bottom,shape=straight
M	2158	863	minecraft:spruce_stairs	facing=east,half=bottom,shape=straight
M	2159	863	minecraft:spruce_stairs	facing=east,half=bottom,shape=straight
M	2160	871	minecraft:birch_stairs	facing=east,half=bottom,shape=straight
M	2161	872	minecraft:birch_stairs	facing=west,half=bottom,shape=straight
M	2162	873	minecraft:birch_stairs	facing=south,half=bottom,shape=straight
M	2163	874	minecraft:birch_stairs	facing=north,half=bottom,shape=straight
M	2164	875	minecraft:birch_stairs	facing=east,half=top,shape=straight
M	2165	876	minecraft:birch_stairs	facing=west,half=top,shape=straight
M	2166	877	minecraft:birch_stairs	facing=south,half=top,shape=straight
M	2167	878	minecraft:birch_stairs	facing=north,half=top,shape=straight
M	2168	871	minecraft:birch_stairs	facing=east,half=bottom,shape=straight
M	2169	871	minecraft:birch_stairs	facing=east,half=bottom,shape=straight
M	2170	871	minecraft:birch_stairs	facing=east,half=bottom,shape=straight
M	2171	871	minecraft:birch_stairs	facing=east,half=bottom,shape=straight
M	2172	871	minecraft:birch_stairs	facing=east,half=bottom,shape=straight
M	2173	871	minecraft:birch_stairs	facing=east,half=bottom,shape=straight
M	2174	871	minecraft:birch_stairs	facing=east,half=bottom,shape=straight
M	2175	871	minecraft:birch_stairs	facing=east,half=bottom,shape=straight
M	2176	879	minecraft:jungle_stairs	facing=east,half=bottom,shape=straight
M	2177	880	minecraft:jungle_stairs	facing=west,half=bottom,shape=straight
M	2178	881	minecraft:jungle_stairs	facing=south,half=bottom,shape=straight
M	2179	882	minecraft:jungle_stairs	facing=north,half=bottom,shape=straight
M	2180	883	minecraft:jungle_stairs	facing=east,half=top,shape=straight
M	2181	884	minecraft:jungle_stairs	facing=west,half=top,shape=straight
M	2182	885	minecraft:jungle_stairs	facing=south,half=top,shape=straight
M	2183	886	minecraft:jungle_stairs	facing=north,half=top,shape=straight
M	2184	879	minecraft:jungle_stairs	facing=east,half=bottom,shape=straight
M	2185	879	minecraft:jungle_stairs	facing=east,half=bottom,shape=straight
M	2186	879	minecraft:jungle_stairs	facing=east,half=bottom,shape=straight
M	2187	879	minecraft:jungle_stairs	facing=east,half=bottom,shape=straight
M	2188	879	minecraft:jungle_stairs	facing=east,half=bottom,shape=straight
M	2189	879	minecraft:jungle_stairs	facing=east,half=bottom,shape=straight
M	2190	879	minecraft:jungle_stairs	facing=east,half=bottom,shape=straight
M	2191	879	minecraft:jungle_stairs	facing=east,half=bottom,shape=straight
M	2192	887	minecraft:command_block	conditional=false,facing=down
M	2193	888	minecraft:command_block	conditional=false,facing=up
M	2194	889	minecraft:command_block	conditional=false,facing=north
M	2195	890	minecraft:command_block	conditional=false,facing=south
M	2196	891	minecraft:command_block	conditional=false,facing=west
M	2197	892	minecraft:command_block	conditional=false,facing=east
M	2198	887	minecraft:command_block	conditional=false,facing=down
M	2199	887	minecraft:command_block	conditional=false,facing=down
M	2200	893	minecraft:command_block	conditional=true,facing=down
M	2201	894	minecraft:command_block	conditional=true,facing=up
M	2202	895	minecraft:command_block	conditional=true,facing=north
M	2203	896	minecraft:command_block	conditional=true,facing=south
M	2204	897	minecraft:command_block	conditional=true,facing=west
M	2205	898	minecraft:command_block	conditional=true,facing=east
M	2206	887	minecraft:command_block	conditional=false,facing=down
M	2207	887	minecraft:command_block	conditional=false,facing=down
M	2208	899	minecraft:beacon	
M	2209	899	minecraft:beacon	
M	2210	899	minecraft:beacon	
M	2211	899	minecraft:beacon	
M	2212	899	minecraft:beacon	
M	2213	899	minecraft:beacon	
M	2214	899	minecraft:beacon	
M	2215	899	minecraft:beacon	
M	2216	899	minecraft:beacon	
M	2217	899	minecraft:beacon	
M	2218	899	minecraft:beacon	
M	2219	899	minecraft:beacon	
M	2220	899	minecraft:beacon	
M	2221	899	minecraft:beacon	
M	2222	899	minecraft:beacon	
M	2223	899	minecraft:beacon	
M	2224	900	minecraft:cobblestone_wall	east=false,north=false,south=false,up=false,west=false
M	2225	901	minecraft:mossy_cobblestone_wall	east=false,north=false,south=false,up=false,west=false
M	2226	900	minecraft:cobblestone_wall	east=false,north=false,south=false,up=false,west=false
M	2227	900	minecraft:cobblestone_wall	east=false,north=false,south=false,up=false,west=false
M	2228	900	minecraft:cobblestone_wall	east=false,north=false,south=false,up=false,west=false
M	2229	900	minecraft:cobblestone_wall	east=false,north=false,south=false,up=false,west=false
M	2230	900	minecraft:cobblestone_wall	east=false,north=false,south=false,up=false,west=false
M	2231	900	minecraft:cobblestone_wall	east=false,north=false,south=false,up=false,west=false
M	2232	900	minecraft:cobblestone_wall	east=false,north=false,south=false,up=false,west=false
M	2233	900	minecraft:cobblestone_wall	east=false,north=false,south=false,up=false,west=false
M	2234	900	minecraft:cobblestone_wall	east=false,north=false,south=false,up=false,west=false
M	2235	900	minecraft:cobblestone_wall	east=false,north=false,south=false,up=false,west=false
M	2236	900	minecraft:cobblestone_wall	east=false,north=false,south=false,up=false,west=false
M	2237	900	minecraft:cobblestone_wall	east=false,north=false,south=false,up=false,west=false
M	2238	900	minecraft:cobblestone_wall	east=false,north=false,south=false,up=false,west=false
M	2239	900	minecraft:cobblestone_wall	east=false,north=false,south=false,up=false,west=false
M	2240	902	minecraft:potted_cactus	
M	2241	903	minecraft:potted_cactus	
M	2242	904	minecraft:potted_cactus	
M	2243	905	minecraft:potted_cactus	
M	2244	906	minecraft:potted_cactus	
M	2245	907	minecraft:potted_cactus	
M	2246	908	minecraft:potted_cactus	
M	2247	909	minecraft:potted_cactus	
M	2248	910	minecraft:potted_cactus	
M	2249	911	minecraft:potted_cactus	
M	2250	912	minecraft:potted_cactus	
M	2251	913	minecraft:potted_cactus	
M	2252	914	minecraft:potted_cactus	
M	2253	915	minecraft:potted_cactus	
M	2254	916	minecraft:potted_cactus	
M	2255	917	minecraft:potted_cactus	
M	2256	918	minecraft:carrots	age=0
M	2257	919	minecraft:carrots	age=1
M	2258	920	minecraft:carrots	age=2
M	2259	921	minecraft:carrots	age=3
M	2260	922	minecraft:carrots	age=4
M	2261	923	minecraft:carrots	age=5
M	2262	924	minecraft:carrots	age=6
M	2263	925	minecraft:carrots	age=7
M	2264	918	minecraft:carrots	age=0
M	2265	918	minecraft:carrots	age=0
M	2266	918	minecraft:carrots	age=0
M	2267	918	minecraft:carrots	age=0
M	2268	918	minecraft:carrots	age=0
M	2269	918	minecraft:carrots	age=0
M	2270	918	minecraft:carrots	age=0
M	2271	918	minecraft:carrots	age=0
M	2272	926	minecraft:potatoes	age=0
M	2273	927	minecraft:potatoes	age=1
M	2274	928	minecraft:potatoes	age=2
M	2275	929	minecraft:potatoes	age=3
M	2276	930	minecraft:potatoes	age=4
M	2277	931	minecraft:potatoes	age=5
M	2278	932	minecraft:potatoes	age=6
M	2279	933	minecraft:potatoes	age=7
M	2280	926	minecraft:potatoes	age=0
M	2281	926	minecraft:potatoes	age=0
M	2282	926	minecraft:potatoes	age=0
M	2283	926	minecraft:potatoes	age=0
M	2284	926	minecraft:potatoes	age=0
M	2285	926	minecraft:potatoes	age=0
M	2286	926	minecraft:potatoes	age=0
M	2287	926	minecraft:potatoes	age=0
M	2288	934	minecraft:oak_button	face=ceiling,facing=north,powered=false
M	2289	935	minecraft:oak_button	face=wall,facing=east,powered=false
M	2290	936	minecraft:oak_button	face=wall,facing=west,powered=false
M	2291	937	minecraft:oak_button	face=wall,facing=south,powered=false
M	2292	938	minecraft:oak_button	face=wall,facing=north,powered=false
M	2293	939	minecraft:oak_button	face=floor,facing=north,powered=false
M	2294	934	minecraft:oak_button	face=ceiling,facing=north,powered=false
M	2295	934	minecraft:oak_button	face=ceiling,facing=north,powered=false
M	2296	940	minecraft:oak_button	face=ceiling,facing=north,powered=true
M	2297	941	minecraft:oak_button	face=wall,facing=east,powered=true
M	2298	942	minecraft:oak_button	face=wall,facing=west,powered=true
M	2299	943	minecraft:oak_button	face=wall,facing=south,powered=true
M	2300	944	minecraft:oak_button	face=wall,facing=north,powered=true
M	2301	945	minecraft:oak_button	face=floor,facing=north,powered=true
M	2302	934	minecraft:oak_button	face=ceiling,facing=north,powered=false
M	2303	934	minecraft:oak_button	face=ceiling,facing=north,powered=false
M	2304	946	%%FILTER_ME%%	facing=down,nodrop=false
M	2305	947	%%FILTER_ME%%	facing=up,nodrop=false
M	2306	948	%%FILTER_ME%%	facing=north,nodrop=false
M	2307	949	%%FILTER_ME%%	facing=south,nodrop=false
M	2308	950	%%FILTER_ME%%	facing=west,nodrop=false
M	2309	951	%%FILTER_ME%%	facing=east,nodrop=false
M	2310	946	%%FILTER_ME%%	facing=down,nodrop=false
M	2311	946	%%FILTER_ME%%	facing=down,nodrop=false
M	2312	952	%%FILTER_ME%%	facing=down,nodrop=true
M	2313	953	%%FILTER_ME%%	facing=up,nodrop=true
M	2314	954	%%FILTER_ME%%	facing=north,nodrop=true
M	2315	955	%%FILTER_ME%%	facing=south,nodrop=true
M	2316	956	%%FILTER_ME%%	facing=west,nodrop=true
M	2317	957	%%FILTER_ME%%	facing=east,nodrop=true
M	2318	946	%%FILTER_ME%%	facing=down,nodrop=false
M	2319	946	%%FILTER_ME%%	facing=down,nodrop=false
M	2320	958	minecraft:anvil	facing=south
M	2321	959	minecraft:anvil	facing=west
M	2322	960	minecraft:anvil	facing=north
M	2323	961	minecraft:anvil	facing=east
M	2324	962	minecraft:chipped_anvil	facing=south
M	2325	963	minecraft:chipped_anvil	facing=west
M	2326	964	minecraft:chipped_anvil	facing=north
M	2327	965	minecraft:chipped_anvil	facing=east
M	2328	966	minecraft:damaged_anvil	facing=south
M	2329	967	minecraft:damaged_anvil	facing=west
M	2330	968	minecraft:damaged_anvil	facing=north
M	2331	969	minecraft:damaged_anvil	facing=east
M	2332	958	minecraft:anvil	facing=south
M	2333	958	minecraft:anvil	facing=south
M	2334	958	minecraft:anvil	facing=south
M	2335	958	minecraft:anvil	facing=south
M	2336	970	minecraft:trapped_chest	facing=north,type=single
M	2337	970	minecraft:trapped_chest	facing=north,type=single
M	2338	970	minecraft:trapped_chest	facing=north,type=single
M	2339	971	minecraft:trapped_chest	facing=south,type=single
M	2340	972	minecraft:trapped_chest	facing=west,type=single
M	2341	973	minecraft:trapped_chest	facing=east,type=single
M	2342	970	minecraft:trapped_chest	facing=north,type=single
M	2343	970	minecraft:trapped_chest	facing=north,type=single
M	2344	970	minecraft:trapped_chest	facing=north,type=single
M	2345	970	minecraft:trapped_chest	facing=north,type=single
M	2346	970	minecraft:trapped_chest	facing=north,type=single
M	2347	970	minecraft:trapped_chest	facing=north,type=single
M	2348	970	minecraft:trapped_chest	facing=north,type=single
M	2349	970	minecraft:trapped_chest	facing=north,type=single
M	2350	970	minecraft:trapped_chest	facing=north,type=single
M	2351	970	minecraft:trapped_chest	facing=north,type=single
M	2352	974	minecraft:light_weighted_pressure_plate	power=0
M	2353	975	minecraft:light_weighted_pressure_plate	power=1
M	2354	976	minecraft:light_weighted_pressure_plate	power=2
M	2355	977	minecraft:light_weighted_pressure_plate	power=3
M	2356	978	minecraft:light_weighted_pressure_plate	power=4
M	2357	979	minecraft:light_weighted_pressure_plate	power=5
M	2358	980	minecraft:light_weighted_pressure_plate	power=6
M	2359	981	minecraft:light_weighted_pressure_plate	power=7
M	2360	982	minecraft:light_weighted_pressure_plate	power=8
M	2361	983	minecraft:light_weighted_pressure_plate	power=9
M	2362	984	minecraft:light_weighted_pressure_plate	power=10
M	2363	985	minecraft:light_weighted_pressure_plate	power=11
M	2364	986	minecraft:light_weighted_pressure_plate	power=12
M	2365	987	minecraft:light_weighted_pressure_plate	power=13
M	2366	988	minecraft:light_weighted_pressure_plate	power=14
M	2367	989	minecraft:light_weighted_pressure_plate	power=15
M	2368	990	minecraft:heavy_weighted_pressure_plate	power=0
M	2369	991	minecraft:heavy_weighted_pressure_plate	power=1
M	2370	992	minecraft:heavy_weighted_pressure_plate	power=2
M	2371	993	minecraft:heavy_weighted_pressure_plate	power=3
M	2372	994	minecraft:heavy_weighted_pressure_plate	power=4
M	2373	995	minecraft:heavy_weighted_pressure_plate	power=5
M	2374	996	minecraft:heavy_weighted_pressure_plate	power=6
M	2375	997	minecraft:heavy_weighted_pressure_plate	power=7
M	2376	998	minecraft:heavy_weighted_pressure_plate	power=8
M	2377	999	minecraft:heavy_weighted_pressure_plate	power=9
M	2378	1000	minecraft:heavy_weighted_pressure_plate	power=10
M	2379	1001	minecraft:heavy_weighted_pressure_plate	power=11
M	2380	1002	minecraft:heavy_weighted_pressure_plate	power=12
M	2381	1003	minecraft:heavy_weighted_pressure_plate	power=13
M	2382	1004	minecraft:heavy_weighted_pressure_plate	power=14
M	2383	1005	minecraft:heavy_weighted_pressure_plate	power=15
M	2384	1006	minecraft:comparator	facing=south,mode=compare,powered=false
M	2385	1007	minecraft:comparator	facing=west,mode=compare,powered=false
M	2386	1008	minecraft:comparator	facing=north,mode=compare,powered=false
M	2387	1009	minecraft:comparator	facing=east,mode=compare,powered=false
M	2388	1010	minecraft:comparator	facing=south,mode=subtract,powered=false
M	2389	1011	minecraft:comparator	facing=west,mode=subtract,powered=false
M	2390	1012	minecraft:comparator	facing=north,mode=subtract,powered=false
M	2391	1013	minecraft:comparator	facing=east,mode=subtract,powered=false
M	2392	1014	minecraft:comparator	facing=south,mode=compare,powered=true
M	2393	1015	minecraft:comparator	facing=west,mode=compare,powered=true
M	2394	1016	minecraft:comparator	facing=north,mode=compare,powered=true
M	2395	1017	minecraft:comparator	facing=east,mode=compare,powered=true
M	2396	1018	minecraft:comparator	facing=south,mode=subtract,powered=true
M	2397	1019	minecraft:comparator	facing=west,mode=subtract,powered=true
M	2398	1020	minecraft:comparator	facing=north,mode=subtract,powered=true
M	2399	1021	minecraft:comparator	facing=east,mode=subtract,powered=true
M	2400	1022	minecraft:comparator	facing=south,mode=compare,powered=false
M	2401	1023	minecraft:comparator	facing=west,mode=compare,powered=false
M	2402	1024	minecraft:comparator	facing=north,mode=compare,powered=false
M	2403	1025	minecraft:comparator	facing=east,mode=compare,powered=false
M	2404	1026	minecraft:comparator	facing=south,mode=subtract,powered=false
M	2405	1027	minecraft:comparator	facing=west,mode=subtract,powered=false
M	2406	1028	minecraft:comparator	facing=north,mode=subtract,powered=false
M	2407	1029	minecraft:comparator	facing=east,mode=subtract,powered=false
M	2408	1030	minecraft:comparator	facing=south,mode=compare,powered=true
M	2409	1031	minecraft:comparator	facing=west,mode=compare,powered=true
M	2410	1032	minecraft:comparator	facing=north,mode=compare,powered=true
M	2411	1033	minecraft:comparator	facing=east,mode=compare,powered=true
M	2412	1034	minecraft:comparator	facing=south,mode=subtract,powered=true
M	2413	1035	minecraft:comparator	facing=west,mode=subtract,powered=true
M	2414	1036	minecraft:comparator	facing=north,mode=subtract,powered=true
M	2415	1037	minecraft:comparator	facing=east,mode=subtract,powered=true
M	2416	1038	minecraft:daylight_detector	inverted=false,power=0
M	2417	1039	minecraft:daylight_detector	inverted=false,power=1
M	2418	1040	minecraft:daylight_detector	inverted=false,power=2
M	2419	1041	minecraft:daylight_detector	inverted=false,power=3
M	2420	1042	minecraft:daylight_detector	inverted=false,power=4
M	2421	1043	minecraft:daylight_detector	inverted=false,power=5
M	2422	1044	minecraft:daylight_detector	inverted=false,power=6
M	2423	1045	minecraft:daylight_detector	inverted=false,power=7
M	2424	1046	minecraft:daylight_detector	inverted=false,power=8
M	2425	1047	minecraft:daylight_detector	inverted=false,power=9
M	2426	1048	minecraft:daylight_detector	inverted=false,power=10
M	2427	1049	minecraft:daylight_detector	inverted=false,power=11
M	2428	1050	minecraft:daylight_detector	inverted=false,power=12
M	2429	1051	minecraft:daylight_detector	inverted=false,power=13
M	2430	1052	minecraft:daylight_detector	inverted=false,power=14
M	2431	1053	minecraft:daylight_detector	inverted=false,power=15
M	2432	1054	minecraft:redstone_block	
M	2433	1054	minecraft:redstone_block	
M	2434	1054	minecraft:redstone_block	
M	2435	1054	minecraft:redstone_block	
M	2436	1054	minecraft:redstone_block	
M	2437	1054	minecraft:redstone_block	
M	2438	1054	minecraft:redstone_block	
M	2439	1054	minecraft:redstone_block	
M	2440	1054	minecraft:redstone_block	
M	2441	1054	minecraft:redstone_block	
M	2442	1054	minecraft:redstone_block	
M	2443	1054	minecraft:redstone_block	
M	2444	1054	minecraft:redstone_block	
M	2445	1054	minecraft:redstone_block	
M	2446	1054	minecraft:redstone_block	
M	2447	1054	minecraft:redstone_block	
M	2448	1055	minecraft:nether_quartz_ore	
M	2449	1055	minecraft:nether_quartz_ore	
M	2450	1055	minecraft:nether_quartz_ore	
M	2451	1055	minecraft:nether_quartz_ore	
M	2452	1055	minecraft:nether_quartz_ore	
M	2453	1055	minecraft:nether_quartz_ore	
M	2454	1055	minecraft:nether_quartz_ore	
M	2455	1055	minecraft:nether_quartz_ore	
M	2456	1055	minecraft:nether_quartz_ore	
M	2457	1055	minecraft:nether_quartz_ore	
M	2458	1055	minecraft:nether_quartz_ore	
M	2459	1055	minecraft:nether_quartz_ore	
M	2460	1055	minecraft:nether_quartz_ore	
M	2461	1055	minecraft:nether_quartz_ore	
M	2462	1055	minecraft:nether_quartz_ore	
M	2463	1055	minecraft:nether_quartz_ore	
M	2464	1056	minecraft:hopper	enabled=true,facing=down
M	2465	1056	minecraft:hopper	enabled=true,facing=down
M	2466	1057	minecraft:hopper	enabled=true,facing=north
M	2467	1058	minecraft:hopper	enabled=true,facing=south
M	2468	1059	minecraft:hopper	enabled=true,facing=west
M	2469	1060	minecraft:hopper	enabled=true,facing=east
M	2470	1056	minecraft:hopper	enabled=true,facing=down
M	2471	1056	minecraft:hopper	enabled=true,facing=down
M	2472	1061	minecraft:hopper	enabled=false,facing=down
M	2473	1056	minecraft:hopper	enabled=true,facing=down
M	2474	1062	minecraft:hopper	enabled=false,facing=north
M	2475	1063	minecraft:hopper	enabled=false,facing=south
M	2476	1064	minecraft:hopper	enabled=false,facing=west
M	2477	1065	minecraft:hopper	enabled=false,facing=east
M	2478	1056	minecraft:hopper	enabled=true,facing=down
M	2479	1056	minecraft:hopper	enabled=true,facing=down
M	2480	1066	minecraft:quartz_block	
M	2481	1067	minecraft:chiseled_quartz_block	
M	2482	1068	minecraft:quartz_pillar	axis=y
M	2483	1069	minecraft:quartz_pillar	axis=x
M	2484	1070	minecraft:quartz_pillar	axis=z
M	2485	1066	minecraft:quartz_block	
M	2486	1066	minecraft:quartz_block	
M	2487	1066	minecraft:quartz_block	
M	2488	1066	minecraft:quartz_block	
M	2489	1066	minecraft:quartz_block	
M	2490	1066	minecraft:quartz_block	
M	2491	1066	minecraft:quartz_block	
M	2492	1066	minecraft:quartz_block	
M	2493	1066	minecraft:quartz_block	
M	2494	1066	minecraft:quartz_block	
M	2495	1066	minecraft:quartz_block	
M	2496	1071	minecraft:quartz_stairs	facing=east,half=bottom,shape=straight
M	2497	1072	minecraft:quartz_stairs	facing=west,half=bottom,shape=straight
M	2498	1073	minecraft:quartz_stairs	facing=south,half=bottom,shape=straight
M	2499	1074	minecraft:quartz_stairs	facing=north,half=bottom,shape=straight
M	2500	1075	minecraft:quartz_stairs	facing=east,half=top,shape=straight
M	2501	1076	minecraft:quartz_stairs	facing=west,half=top,shape=straight
M	2502	1077	minecraft:quartz_stairs	facing=south,half=top,shape=straight
M	2503	1078	minecraft:quartz_stairs	facing=north,half=top,shape=straight
M	2504	1071	minecraft:quartz_stairs	facing=east,half=bottom,shape=straight
M	2505	1071	minecraft:quartz_stairs	facing=east,half=bottom,shape=straight
M	2506	1071	minecraft:quartz_stairs	facing=east,half=bottom,shape=straight
M	2507	1071	minecraft:quartz_stairs	facing=east,half=bottom,shape=straight
M	2508	1071	minecraft:quartz_stairs	facing=east,half=bottom,shape=straight
M	2509	1071	minecraft:quartz_stairs	facing=east,half=bottom,shape=straight
M	2510	1071	minecraft:quartz_stairs	facing=east,half=bottom,shape=straight
M	2511	1071	minecraft:quartz_stairs	facing=east,half=bottom,shape=straight
M	2512	1079	minecraft:activator_rail	powered=false,shape=north_south
M	2513	1080	minecraft:activator_rail	powered=false,shape=east_west
M	2514	1081	minecraft:activator_rail	powered=false,shape=ascending_east
M	2515	1082	minecraft:activator_rail	powered=false,shape=ascending_west
M	2516	1083	minecraft:activator_rail	powered=false,shape=ascending_north
M	2517	1084	minecraft:activator_rail	powered=false,shape=ascending_south
M	2518	1079	minecraft:activator_rail	powered=false,shape=north_south
M	2519	1079	minecraft:activator_rail	powered=false,shape=north_south
M	2520	1085	minecraft:activator_rail	powered=true,shape=north_south
M	2521	1086	minecraft:activator_rail	powered=true,shape=east_west
M	2522	1087	minecraft:activator_rail	powered=true,shape=ascending_east
M	2523	1088	minecraft:activator_rail	powered=true,shape=ascending_west
M	2524	1089	minecraft:activator_rail	powered=true,shape=ascending_north
M	2525	1090	minecraft:activator_rail	powered=true,shape=ascending_south
M	2526	1079	minecraft:activator_rail	powered=false,shape=north_south
M	2527	1079	minecraft:activator_rail	powered=false,shape=north_south
M	2528	1091	minecraft:dropper	facing=down,triggered=false
M	2529	1092	minecraft:dropper	facing=up,triggered=false
M	2530	1093	minecraft:dropper	facing=north,triggered=false
M	2531	1094	minecraft:dropper	facing=south,triggered=false
M	2532	1095	minecraft:dropper	facing=west,triggered=false
M	2533	1096	minecraft:dropper	facing=east,triggered=false
M	2534	1091	minecraft:dropper	facing=down,triggered=false
M	2535	1091	minecraft:dropper	facing=down,triggered=false
M	2536	1097	minecraft:dropper	facing=down,triggered=true
M	2537	1098	minecraft:dropper	facing=up,triggered=true
M	2538	1099	minecraft:dropper	facing=north,triggered=true
M	2539	1100	minecraft:dropper	facing=south,triggered=true
M	2540	1101	minecraft:dropper	facing=west,triggered=true
M	2541	1102	minecraft:dropper	facing=east,triggered=true
M	2542	1091	minecraft:dropper	facing=down,triggered=false
M	2543	1091	minecraft:dropper	facing=down,triggered=false
M	2544	1103	minecraft:white_terracotta	
M	2545	1104	minecraft:orange_terracotta	
M	2546	1105	minecraft:magenta_terracotta	
M	2547	1106	minecraft:light_blue_terracotta	
M	2548	1107	minecraft:yellow_terracotta	
M	2549	1108	minecraft:lime_terracotta	
M	2550	1109	minecraft:pink_terracotta	
M	2551	1110	minecraft:gray_terracotta	
M	2552	1111	minecraft:light_gray_terracotta	
M	2553	1112	minecraft:cyan_terracotta	
M	2554	1113	minecraft:purple_terracotta	
M	2555	1114	minecraft:blue_terracotta	
M	2556	1115	minecraft:brown_terracotta	
M	2557	1116	minecraft:green_terracotta	
M	2558	1117	minecraft:red_terracotta	
M	2559	1118	minecraft:black_terracotta	
M	2560	1119	minecraft:white_stained_glass_pane	east=false,north=false,south=false,west=false
M	2561	1120	minecraft:orange_stained_glass_pane	east=false,north=false,south=false,west=false
M	2562	1121	minecraft:magenta_stained_glass_pane	east=false,north=false,south=false,west=false
M	2563	1122	minecraft:light_blue_stained_glass_pane	east=false,north=false,south=false,west=false
M	2564	1123	minecraft:yellow_stained_glass_pane	east=false,north=false,south=false,west=false
M	2565	1124	minecraft:lime_stained_glass_pane	east=false,north=false,south=false,west=false
M	2566	1125	minecraft:pink_stained_glass_pane	east=false,north=false,south=false,west=false
M	2567	1126	minecraft:gray_stained_glass_pane	east=false,north=false,south=false,west=false
M	2568	1127	minecraft:light_gray_stained_glass_pane	east=false,north=false,south=false,west=false
M	2569	1128	minecraft:cyan_stained_glass_pane	east=false,north=false,south=false,west=false
M	2570	1129	minecraft:purple_stained_glass_pane	east=false,north=false,south=false,west=false
M	2571	1130	minecraft:blue_stained_glass_pane	east=false,north=false,south=false,west=false
M	2572	1131	minecraft:brown_stained_glass_pane	east=false,north=false,south=false,west=false
M	2573	1132	minecraft:green_stained_glass_pane	east=false,north=false,south=false,west=false
M	2574	1133	minecraft:red_stained_glass_pane	east=false,north=false,south=false,west=false
M	2575	1134	minecraft:black_stained_glass_pane	east=false,north=false,south=false,west=false
M	2576	1135	minecraft:acacia_leaves	check_decay=false,decayable=true
M	2577	1136	minecraft:dark_oak_leaves	check_decay=false,decayable=true
M	2578	1135	minecraft:acacia_leaves	check_decay=false,decayable=true
M	2579	1135	minecraft:acacia_leaves	check_decay=false,decayable=true
M	2580	1137	minecraft:acacia_leaves	check_decay=false,decayable=false
M	2581	1138	minecraft:dark_oak_leaves	check_decay=false,decayable=false
M	2582	1135	minecraft:acacia_leaves	check_decay=false,decayable=true
M	2583	1135	minecraft:acacia_leaves	check_decay=false,decayable=true
M	2584	1139	minecraft:acacia_leaves	check_decay=true,decayable=true
M	2585	1140	minecraft:dark_oak_leaves	check_decay=true,decayable=true
M	2586	1135	minecraft:acacia_leaves	check_decay=false,decayable=true
M	2587	1135	minecraft:acacia_leaves	check_decay=false,decayable=true
M	2588	1141	minecraft:acacia_leaves	check_decay=true,decayable=false
M	2589	1142	minecraft:dark_oak_leaves	check_decay=true,decayable=false
M	2590	1135	minecraft:acacia_leaves	check_decay=false,decayable=true
M	2591	1135	minecraft:acacia_leaves	check_decay=false,decayable=true
M	2592	1143	minecraft:acacia_log	axis=y
M	2593	1144	minecraft:dark_oak_log	axis=y
M	2594	1143	minecraft:acacia_log	axis=y
M	2595	1143	minecraft:acacia_log	axis=y
M	2596	1145	minecraft:acacia_log	axis=x
M	2597	1146	minecraft:dark_oak_log	axis=x
M	2598	1143	minecraft:acacia_log	axis=y
M	2599	1143	minecraft:acacia_log	axis=y
M	2600	1147	minecraft:acacia_log	axis=z
M	2601	1148	minecraft:dark_oak_log	axis=z
M	2602	1143	minecraft:acacia_log	axis=y
M	2603	1143	minecraft:acacia_log	axis=y
M	2604	1149	minecraft:acacia_bark	
M	2605	1150	minecraft:dark_oak_bark	
M	2606	1143	minecraft:acacia_log	axis=y
M	2607	1143	minecraft:acacia_log	axis=y
M	2608	1151	minecraft:acacia_stairs	facing=east,half=bottom,shape=straight
M	2609	1152	minecraft:acacia_stairs	facing=west,half=bottom,shape=straight
M	2610	1153	minecraft:acacia_stairs	facing=south,half=bottom,shape=straight
M	2611	1154	minecraft:acacia_stairs	facing=north,half=bottom,shape=straight
M	2612	1155	minecraft:acacia_stairs	facing=east,half=top,shape=straight
M	2613	1156	minecraft:acacia_stairs	facing=west,half=top,shape=straight
M	2614	1157	minecraft:acacia_stairs	facing=south,half=top,shape=straight
M	2615	1158	minecraft:acacia_stairs	facing=north,half=top,shape=straight
M	2616	1151	minecraft:acacia_stairs	facing=east,half=bottom,shape=straight
M	2617	1151	minecraft:acacia_stairs	facing=east,half=bottom,shape=straight
M	2618	1151	minecraft:acacia_stairs	facing=east,half=bottom,shape=straight
M	2619	1151	minecraft:acacia_stairs	facing=east,half=bottom,shape=straight
M	2620	1151	minecraft:acacia_stairs	facing=east,half=bottom,shape=straight
M	2621	1151	minecraft:acacia_stairs	facing=east,half=bottom,shape=straight
M	2622	1151	minecraft:acacia_stairs	facing=east,half=bottom,shape=straight
M	2623	1151	minecraft:acacia_stairs	facing=east,half=bottom,shape=straight
M	2624	1159	minecraft:dark_oak_stairs	facing=east,half=bottom,shape=straight
M	2625	1160	minecraft:dark_oak_stairs	facing=west,half=bottom,shape=straight
M	2626	1161	minecraft:dark_oak_stairs	facing=south,half=bottom,shape=straight
M	2627	1162	minecraft:dark_oak_stairs	facing=north,half=bottom,shape=straight
M	2628	1163	minecraft:dark_oak_stairs	facing=east,half=top,shape=straight
M	2629	1164	minecraft:dark_oak_stairs	facing=west,half=top,shape=straight
M	2630	1165	minecraft:dark_oak_stairs	facing=south,half=top,shape=straight
M	2631	1166	minecraft:dark_oak_stairs	facing=north,half=top,shape=straight
M	2632	1159	minecraft:dark_oak_stairs	facing=east,half=bottom,shape=straight
M	2633	1159	minecraft:dark_oak_stairs	facing=east,half=bottom,shape=straight
M	2634	1159	minecraft:dark_oak_stairs	facing=east,half=bottom,shape=straight
M	2635	1159	minecraft:dark_oak_stairs	facing=east,half=bottom,shape=straight
M	2636	1159	minecraft:dark_oak_stairs	facing=east,half=bottom,shape=straight
M	2637	1159	minecraft:dark_oak_stairs	facing=east,half=bottom,shape=straight
M	2638	1159	minecraft:dark_oak_stairs	facing=east,half=bottom,shape=straight
M	2639	1159	minecraft:dark_oak_stairs	facing=east,half=bottom,shape=straight
M	2640	1167	minecraft:slime_block	
M	2641	1167	minecraft:slime_block	
M	2642	1167	minecraft:slime_block	
M	2643	1167	minecraft:slime_block	
M	2644	1167	minecraft:slime_block	
M	2645	1167	minecraft:slime_block	
M	2646	1167	minecraft:slime_block	
M	2647	1167	minecraft:slime_block	
M	2648	1167	minecraft:slime_block	
M	2649	1167	minecraft:slime_block	
M	2650	1167	minecraft:slime_block	
M	2651	1167	minecraft:slime_block	
M	2652	1167	minecraft:slime_block	
M	2653	1167	minecraft:slime_block	
M	2654	1167	minecraft:slime_block	
M	2655	1167	minecraft:slime_block	
M	2656	1168	minecraft:barrier	
M	2657	1168	minecraft:barrier	
M	2658	1168	minecraft:barrier	
M	2659	1168	minecraft:barrier	
M	2660	1168	minecraft:barrier	
M	2661	1168	minecraft:barrier	
M	2662	1168	minecraft:barrier	
M	2663	1168	minecraft:barrier	
M	2664	1168	minecraft:barrier	
M	2665	1168	minecraft:barrier	
M	2666	1168	minecraft:barrier	
M	2667	1168	minecraft:barrier	
M	2668	1168	minecraft:barrier	
M	2669	1168	minecraft:barrier	
M	2670	1168	minecraft:barrier	
M	2671	1168	minecraft:barrier	
M	2672	1169	minecraft:iron_trapdoor	facing=north,half=bottom,open=false
M	2673	1170	minecraft:iron_trapdoor	facing=south,half=bottom,open=false
M	2674	1171	minecraft:iron_trapdoor	facing=west,half=bottom,open=false
M	2675	1172	minecraft:iron_trapdoor	facing=east,half=bottom,open=false
M	2676	1173	minecraft:iron_trapdoor	facing=north,half=bottom,open=true
M	2677	1174	minecraft:iron_trapdoor	facing=south,half=bottom,open=true
M	2678	1175	minecraft:iron_trapdoor	facing=west,half=bottom,open=true
M	2679	1176	minecraft:iron_trapdoor	facing=east,half=bottom,open=true
M	2680	1177	minecraft:iron_trapdoor	facing=north,half=top,open=false
M	2681	1178	minecraft:iron_trapdoor	facing=south,half=top,open=false
M	2682	1179	minecraft:iron_trapdoor	facing=west,half=top,open=false
M	2683	1180	minecraft:iron_trapdoor	facing=east,half=top,open=false
M	2684	1181	minecraft:iron_trapdoor	facing=north,half=top,open=true
M	2685	1182	minecraft:iron_trapdoor	facing=south,half=top,open=true
M	2686	1183	minecraft:iron_trapdoor	facing=west,half=top,open=true
M	2687	1184	minecraft:iron_trapdoor	facing=east,half=top,open=true
M	2688	1185	minecraft:prismarine	
M	2689	1186	minecraft:prismarine_bricks	
M	2690	1187	minecraft:dark_prismarine	
M	2691	1185	minecraft:prismarine	
M	2692	1185	minecraft:prismarine	
M	2693	1185	minecraft:prismarine	
M	2694	1185	minecraft:prismarine	
M	2695	1185	minecraft:prismarine	
M	2696	1185	minecraft:prismarine	
M	2697	1185	minecraft:prismarine	
M	2698	1185	minecraft:prismarine	
M	2699	1185	minecraft:prismarine	
M	2700	1185	minecraft:prismarine	
M	2701	1185	minecraft:prismarine	
M	2702	1185	minecraft:prismarine	
M	2703	1185	minecraft:prismarine	
M	2704	1188	minecraft:sea_lantern	
M	2705	1188	minecraft:sea_lantern	
M	2706	1188	minecraft:sea_lantern	
M	2707	1188	minecraft:sea_lantern	
M	2708	1188	minecraft:sea_lantern	
M	2709	1188	minecraft:sea_lantern	
M	2710	1188	minecraft:sea_lantern	
M	2711	1188	minecraft:sea_lantern	
M	2712	1188	minecraft:sea_lantern	
M	2713	1188	minecraft:sea_lantern	
M	2714	1188	minecraft:sea_lantern	
M	2715	1188	minecraft:sea_lantern	
M	2716	1188	minecraft:sea_lantern	
M	2717	1188	minecraft:sea_lantern	
M	2718	1188	minecraft:sea_lantern	
M	2719	1188	minecraft:sea_lantern	
M	2720	1189	minecraft:hay_block	axis=y
M	2721	1189	minecraft:hay_block	axis=y
M	2722	1189	minecraft:hay_block	axis=y
M	2723	1189	minecraft:hay_block	axis=y
M	2724	1190	minecraft:hay_block	axis=x
M	2725	1189	minecraft:hay_block	axis=y
M	2726	1189	minecraft:hay_block	axis=y
M	2727	1189	minecraft:hay_block	axis=y
M	2728	1191	minecraft:hay_block	axis=z
M	2729	1189	minecraft:hay_block	axis=y
M	2730	1189	minecraft:hay_block	axis=y
M	2731	1189	minecraft:hay_block	axis=y
M	2732	1189	minecraft:hay_block	axis=y
M	2733	1189	minecraft:hay_block	axis=y
M	2734	1189	minecraft:hay_block	axis=y
M	2735	1189	minecraft:hay_block	axis=y
M	2736	1192	minecraft:white_carpet	
M	2737	1193	minecraft:orange_carpet	
M	2738	1194	minecraft:magenta_carpet	
M	2739	1195	minecraft:light_blue_carpet	
M	2740	1196	minecraft:yellow_carpet	
M	2741	1197	minecraft:lime_carpet	
M	2742	1198	minecraft:pink_carpet	
M	2743	1199	minecraft:gray_carpet	
M	2744	1200	minecraft:light_gray_carpet	
M	2745	1201	minecraft:cyan_carpet	
M	2746	1202	minecraft:purple_carpet	
M	2747	1203	minecraft:blue_carpet	
M	2748	1204	minecraft:brown_carpet	
M	2749	1205	minecraft:green_carpet	
M	2750	1206	minecraft:red_carpet	
M	2751	1207	minecraft:black_carpet	
M	2752	1208	minecraft:terracotta	
M	2753	1208	minecraft:terracotta	
M	2754	1208	minecraft:terracotta	
M	2755	1208	minecraft:terracotta	
M	2756	1208	minecraft:terracotta	
M	2757	1208	minecraft:terracotta	
M	2758	1208	minecraft:terracotta	
M	2759	1208	minecraft:terracotta	
M	2760	1208	minecraft:terracotta	
M	2761	1208	minecraft:terracotta	
M	2762	1208	minecraft:terracotta	
M	2763	1208	minecraft:terracotta	
M	2764	1208	minecraft:terracotta	
M	2765	1208	minecraft:terracotta	
M	2766	1208	minecraft:terracotta	
M	2767	1208	minecraft:terracotta	
M	2768	1209	minecraft:coal_block	
M	2769	1209	minecraft:coal_block	
M	2770	1209	minecraft:coal_block	
M	2771	1209	minecraft:coal_block	
M	2772	1209	minecraft:coal_block	
M	2773	1209	minecraft:coal_block	
M	2774	1209	minecraft:coal_block	
M	2775	1209	minecraft:coal_block	
M	2776	1209	minecraft:coal_block	
M	2777	1209	minecraft:coal_block	
M	2778	1209	minecraft:coal_block	
M	2779	1209	minecraft:coal_block	
M	2780	1209	minecraft:coal_block	
M	2781	1209	minecraft:coal_block	
M	2782	1209	minecraft:coal_block	
M	2783	1209	minecraft:coal_block	
M	2784	1210	minecraft:packed_ice	
M	2785	1210	minecraft:packed_ice	
M	2786	1210	minecraft:packed_ice	
M	2787	1210	minecraft:packed_ice	
M	2788	1210	minecraft:packed_ice	
M	2789	1210	minecraft:packed_ice	
M	2790	1210	minecraft:packed_ice	
M	2791	1210	minecraft:packed_ice	
M	2792	1210	minecraft:packed_ice	
M	2793	1210	minecraft:packed_ice	
M	2794	1210	minecraft:packed_ice	
M	2795	1210	minecraft:packed_ice	
M	2796	1210	minecraft:packed_ice	
M	2797	1210	minecraft:packed_ice	
M	2798	1210	minecraft:packed_ice	
M	2799	1210	minecraft:packed_ice	
M	2800	1211	minecraft:sunflower	half=lower
M	2801	1212	minecraft:lilac	half=lower
M	2802	1213	minecraft:tall_grass	half=lower
M	2803	1214	minecraft:large_fern	half=lower
M	2804	1215	minecraft:rose_bush	half=lower
M	2805	1216	minecraft:peony	half=lower
M	2806	1211	minecraft:sunflower	half=lower
M	2807	1211	minecraft:sunflower	half=lower
M	2808	1217	minecraft:peony	half=upper
M	2809	1218	minecraft:peony	half=upper
M	2810	1219	minecraft:peony	half=upper
M	2811	1220	minecraft:peony	half=upper
M	2812	1211	minecraft:sunflower	half=lower
M	2813	1211	minecraft:sunflower	half=lower
M	2814	1211	minecraft:sunflower	half=lower
M	2815	1211	minecraft:sunflower	half=lower
M	2816	1221	minecraft:white_banner	rotation=0
M	2817	1222	minecraft:white_banner	rotation=1
M	2818	1223	minecraft:white_banner	rotation=2
M	2819	1224	minecraft:white_banner	rotation=3
M	2820	1225	minecraft:white_banner	rotation=4
M	2821	1226	minecraft:white_banner	rotation=5
M	2822	1227	minecraft:white_banner	rotation=6
M	2823	1228	minecraft:white_banner	rotation=7
M	2824	1229	minecraft:white_banner	rotation=8
M	2825	1230	minecraft:white_banner	rotation=9
M	2826	1231	minecraft:white_banner	rotation=10
M	2827	1232	minecraft:white_banner	rotation=11
M	2828	1233	minecraft:white_banner	rotation=12
M	2829	1234	minecraft:white_banner	rotation=13
M	2830	1235	minecraft:white_banner	rotation=14
M	2831	1236	minecraft:white_banner	rotation=15
M	2832	1237	minecraft:white_wall_banner	facing=north
M	2833	1237	minecraft:white_wall_banner	facing=north
M	2834	1237	minecraft:white_wall_banner	facing=north
M	2835	1238	minecraft:white_wall_banner	facing=south
M	2836	1239	minecraft:white_wall_banner	facing=west
M	2837	1240	minecraft:white_wall_banner	facing=east
M	2838	1237	minecraft:white_wall_banner	facing=north
M	2839	1237	minecraft:white_wall_banner	facing=north
M	2840	1237	minecraft:white_wall_banner	facing=north
M	2841	1237	minecraft:white_wall_banner	facing=north
M	2842	1237	minecraft:white_wall_banner	facing=north
M	2843	1237	minecraft:white_wall_banner	facing=north
M	2844	1237	minecraft:white_wall_banner	facing=north
M	2845	1237	minecraft:white_wall_banner	facing=north
M	2846	1237	minecraft:white_wall_banner	facing=north
M	2847	1237	minecraft:white_wall_banner	facing=north
M	2848	1241	minecraft:daylight_detector	inverted=true,power=0
M	2849	1242	minecraft:daylight_detector	inverted=true,power=1
M	2850	1243	minecraft:daylight_detector	inverted=true,power=2
M	2851	1244	minecraft:daylight_detector	inverted=true,power=3
M	2852	1245	minecraft:daylight_detector	inverted=true,power=4
M	2853	1246	minecraft:daylight_detector	inverted=true,power=5
M	2854	1247	minecraft:daylight_detector	inverted=true,power=6
M	2855	1248	minecraft:daylight_detector	inverted=true,power=7
M	2856	1249	minecraft:daylight_detector	inverted=true,power=8
M	2857	1250	minecraft:daylight_detector	inverted=true,power=9
M	2858	1251	minecraft:daylight_detector	inverted=true,power=10
M	2859	1252	minecraft:daylight_detector	inverted=true,power=11
M	2860	1253	minecraft:daylight_detector	inverted=true,power=12
M	2861	1254	minecraft:daylight_detector	inverted=true,power=13
M	2862	1255	minecraft:daylight_detector	inverted=true,power=14
M	2863	1256	minecraft:daylight_detector	inverted=true,power=15
M	2864	1257	minecraft:red_sandstone	
M	2865	1258	minecraft:chiseled_red_sandstone	
M	2866	1259	minecraft:cut_red_sandstone	
M	2867	1257	minecraft:red_sandstone	
M	2868	1257	minecraft:red_sandstone	
M	2869	1257	minecraft:red_sandstone	
M	2870	1257	minecraft:red_sandstone	
M	2871	1257	minecraft:red_sandstone	
M	2872	1257	minecraft:red_sandstone	
M	2873	1257	minecraft:red_sandstone	
M	2874	1257	minecraft:red_sandstone	
M	2875	1257	minecraft:red_sandstone	
M	2876	1257	minecraft:red_sandstone	
M	2877	1257	minecraft:red_sandstone	
M	2878	1257	minecraft:red_sandstone	
M	2879	1257	minecraft:red_sandstone	
M	2880	1260	minecraft:red_sandstone_stairs	facing=east,half=bottom,shape=straight
M	2881	1261	minecraft:red_sandstone_stairs	facing=west,half=bottom,shape=straight
M	2882	1262	minecraft:red_sandstone_stairs	facing=south,half=bottom,shape=straight
M	2883	1263	minecraft:red_sandstone_stairs	facing=north,half=bottom,shape=straight
M	2884	1264	minecraft:red_sandstone_stairs	facing=east,half=top,shape=straight
M	2885	1265	minecraft:red_sandstone_stairs	facing=west,half=top,shape=straight
M	2886	1266	minecraft:red_sandstone_stairs	facing=south,half=top,shape=straight
M	2887	1267	minecraft:red_sandstone_stairs	facing=north,half=top,shape=straight
M	2888	1260	minecraft:red_sandstone_stairs	facing=east,half=bottom,shape=straight
M	2889	1260	minecraft:red_sandstone_stairs	facing=east,half=bottom,shape=straight
M	2890	1260	minecraft:red_sandstone_stairs	facing=east,half=bottom,shape=straight
M	2891	1260	minecraft:red_sandstone_stairs	facing=east,half=bottom,shape=straight
M	2892	1260	minecraft:red_sandstone_stairs	facing=east,half=bottom,shape=straight
M	2893	1260	minecraft:red_sandstone_stairs	facing=east,half=bottom,shape=straight
M	2894	1260	minecraft:red_sandstone_stairs	facing=east,half=bottom,shape=straight
M	2895	1260	minecraft:red_sandstone_stairs	facing=east,half=bottom,shape=straight
M	2896	1268	minecraft:red_sandstone_slab	type=double
M	2897	1268	minecraft:red_sandstone_slab	type=double
M	2898	1268	minecraft:red_sandstone_slab	type=double
M	2899	1268	minecraft:red_sandstone_slab	type=double
M	2900	1268	minecraft:red_sandstone_slab	type=double
M	2901	1268	minecraft:red_sandstone_slab	type=double
M	2902	1268	minecraft:red_sandstone_slab	type=double
M	2903	1268	minecraft:red_sandstone_slab	type=double
M	2904	1269	minecraft:smooth_red_sandstone	
M	2905	1268	minecraft:red_sandstone_slab	type=double
M	2906	1268	minecraft:red_sandstone_slab	type=double
M	2907	1268	minecraft:red_sandstone_slab	type=double
M	2908	1268	minecraft:red_sandstone_slab	type=double
M	2909	1268	minecraft:red_sandstone_slab	type=double
M	2910	1268	minecraft:red_sandstone_slab	type=double
M	2911	1268	minecraft:red_sandstone_slab	type=double
M	2912	1270	minecraft:red_sandstone_slab	type=bottom
M	2913	1270	minecraft:red_sandstone_slab	type=bottom
M	2914	1270	minecraft:red_sandstone_slab	type=bottom
M	2915	1270	minecraft:red_sandstone_slab	type=bottom
M	2916	1270	minecraft:red_sandstone_slab	type=bottom
M	2917	1270	minecraft:red_sandstone_slab	type=bottom
M	2918	1270	minecraft:red_sandstone_slab	type=bottom
M	2919	1270	minecraft:red_sandstone_slab	type=bottom
M	2920	1271	minecraft:red_sandstone_slab	type=top
M	2921	1270	minecraft:red_sandstone_slab	type=bottom
M	2922	1270	minecraft:red_sandstone_slab	type=bottom
M	2923	1270	minecraft:red_sandstone_slab	type=bottom
M	2924	1270	minecraft:red_sandstone_slab	type=bottom
M	2925	1270	minecraft:red_sandstone_slab	type=bottom
M	2926	1270	minecraft:red_sandstone_slab	type=bottom
M	2927	1270	minecraft:red_sandstone_slab	type=bottom
M	2928	1272	minecraft:spruce_fence_gate	facing=south,in_wall=false,open=false,powered=false
M	2929	1273	minecraft:spruce_fence_gate	facing=west,in_wall=false,open=false,powered=false
M	2930	1274	minecraft:spruce_fence_gate	facing=north,in_wall=false,open=false,powered=false
M	2931	1275	minecraft:spruce_fence_gate	facing=east,in_wall=false,open=false,powered=false
M	2932	1276	minecraft:spruce_fence_gate	facing=south,in_wall=false,open=true,powered=false
M	2933	1277	minecraft:spruce_fence_gate	facing=west,in_wall=false,open=true,powered=false
M	2934	1278	minecraft:spruce_fence_gate	facing=north,in_wall=false,open=true,powered=false
M	2935	1279	minecraft:spruce_fence_gate	facing=east,in_wall=false,open=true,powered=false
M	2936	1280	minecraft:spruce_fence_gate	facing=south,in_wall=false,open=false,powered=true
M	2937	1281	minecraft:spruce_fence_gate	facing=west,in_wall=false,open=false,powered=true
M	2938	1282	minecraft:spruce_fence_gate	facing=north,in_wall=false,open=false,powered=true
M	2939	1283	minecraft:spruce_fence_gate	facing=east,in_wall=false,open=false,powered=true
M	2940	1284	minecraft:spruce_fence_gate	facing=south,in_wall=false,open=true,powered=true
M	2941	1285	minecraft:spruce_fence_gate	facing=west,in_wall=false,open=true,powered=true
M	2942	1286	minecraft:spruce_fence_gate	facing=north,in_wall=false,open=true,powered=true
M	2943	1287	minecraft:spruce_fence_gate	facing=east,in_wall=false,open=true,powered=true
M	2944	1288	minecraft:birch_fence_gate	facing=south,in_wall=false,open=false,powered=false
M	2945	1289	minecraft:birch_fence_gate	facing=west,in_wall=false,open=false,powered=false
M	2946	1290	minecraft:birch_fence_gate	facing=north,in_wall=false,open=false,powered=false
M	2947	1291	minecraft:birch_fence_gate	facing=east,in_wall=false,open=false,powered=false
M	2948	1292	minecraft:birch_fence_gate	facing=south,in_wall=false,open=true,powered=false
M	2949	1293	minecraft:birch_fence_gate	facing=west,in_wall=false,open=true,powered=false
M	2950	1294	minecraft:birch_fence_gate	facing=north,in_wall=false,open=true,powered=false
M	2951	1295	minecraft:birch_fence_gate	facing=east,in_wall=false,open=true,powered=false
M	2952	1296	minecraft:birch_fence_gate	facing=south,in_wall=false,open=false,powered=true
M	2953	1297	minecraft:birch_fence_gate	facing=west,in_wall=false,open=false,powered=true
M	2954	1298	minecraft:birch_fence_gate	facing=north,in_wall=false,open=false,powered=true
M	2955	1299	minecraft:birch_fence_gate	facing=east,in_wall=false,open=false,powered=true
M	2956	1300	minecraft:birch_fence_gate	facing=south,in_wall=false,open=true,powered=true
M	2957	1301	minecraft:birch_fence_gate	facing=west,in_wall=false,open=true,powered=true
M	2958	1302	minecraft:birch_fence_gate	facing=north,in_wall=false,open=true,powered=true
M	2959	1303	minecraft:birch_fence_gate	facing=east,in_wall=false,open=true,powered=true
M	2960	1304	minecraft:jungle_fence_gate	facing=south,in_wall=false,open=false,powered=false
M	2961	1305	minecraft:jungle_fence_gate	facing=west,in_wall=false,open=false,powered=false
M	2962	1306	minecraft:jungle_fence_gate	facing=north,in_wall=false,open=false,powered=false
M	2963	1307	minecraft:jungle_fence_gate	facing=east,in_wall=false,open=false,powered=false
M	2964	1308	minecraft:jungle_fence_gate	facing=south,in_wall=false,open=true,powered=false
M	2965	1309	minecraft:jungle_fence_gate	facing=west,in_wall=false,open=true,powered=false
M	2966	1310	minecraft:jungle_fence_gate	facing=north,in_wall=false,open=true,powered=false
M	2967	1311	minecraft:jungle_fence_gate	facing=east,in_wall=false,open=true,powered=false
M	2968	1312	minecraft:jungle_fence_gate	facing=south,in_wall=false,open=false,powered=true
M	2969	1313	minecraft:jungle_fence_gate	facing=west,in_wall=false,open=false,powered=true
M	2970	1314	minecraft:jungle_fence_gate	facing=north,in_wall=false,open=false,powered=true
M	2971	1315	minecraft:jungle_fence_gate	facing=east,in_wall=false,open=false,powered=true
M	2972	1316	minecraft:jungle_fence_gate	facing=south,in_wall=false,open=true,powered=true
M	2973	1317	minecraft:jungle_fence_gate	facing=west,in_wall=false,open=true,powered=true
M	2974	1318	minecraft:jungle_fence_gate	facing=north,in_wall=false,open=true,powered=true
M	2975	1319	minecraft:jungle_fence_gate	facing=east,in_wall=false,open=true,powered=true
M	2976	1320	minecraft:dark_oak_fence_gate	facing=south,in_wall=false,open=false,powered=false
M	2977	1321	minecraft:dark_oak_fence_gate	facing=west,in_wall=false,open=false,powered=false
M	2978	1322	minecraft:dark_oak_fence_gate	facing=north,in_wall=false,open=false,powered=false
M	2979	1323	minecraft:dark_oak_fence_gate	facing=east,in_wall=false,open=false,powered=false
M	2980	1324	minecraft:dark_oak_fence_gate	facing=south,in_wall=false,open=true,powered=false
M	2981	1325	minecraft:dark_oak_fence_gate	facing=west,in_wall=false,open=true,powered=false
M	2982	1326	minecraft:dark_oak_fence_gate	facing=north,in_wall=false,open=true,powered=false
M	2983	1327	minecraft:dark_oak_fence_gate	facing=east,in_wall=false,open=true,powered=false
M	2984	1328	minecraft:dark_oak_fence_gate	facing=south,in_wall=false,open=false,powered=true
M	2985	1329	minecraft:dark_oak_fence_gate	facing=west,in_wall=false,open=false,powered=true
M	2986	1330	minecraft:dark_oak_fence_gate	facing=north,in_wall=false,open=false,powered=true
M	2987	1331	minecraft:dark_oak_fence_gate	facing=east,in_wall=false,open=false,powered=true
M	2988	1332	minecraft:dark_oak_fence_gate	facing=south,in_wall=false,open=true,powered=true
M	2989	1333	minecraft:dark_oak_fence_gate	facing=west,in_wall=false,open=true,powered=true
M	2990	1334	minecraft:dark_oak_fence_gate	facing=north,in_wall=false,open=true,powered=true
M	2991	1335	minecraft:dark_oak_fence_gate	facing=east,in_wall=false,open=true,powered=true
M	2992	1336	minecraft:acacia_fence_gate	facing=south,in_wall=false,open=false,powered=false
M	2993	1337	minecraft:acacia_fence_gate	facing=west,in_wall=false,open=false,powered=false
M	2994	1338	minecraft:acacia_fence_gate	facing=north,in_wall=false,open=false,powered=false
M	2995	1339	minecraft:acacia_fence_gate	facing=east,in_wall=false,open=false,powered=false
M	2996	1340	minecraft:acacia_fence_gate	facing=south,in_wall=false,open=true,powered=false
M	2997	1341	minecraft:acacia_fence_gate	facing=west,in_wall=false,open=true,powered=false
M	2998	1342	minecraft:acacia_fence_gate	facing=north,in_wall=false,open=true,powered=false
M	2999	1343	minecraft:acacia_fence_gate	facing=east,in_wall=false,open=true,powered=false
M	3000	1344	minecraft:acacia_fence_gate	facing=south,in_wall=false,open=false,powered=true
M	3001	1345	minecraft:acacia_fence_gate	facing=west,in_wall=false,open=false,powered=true
M	3002	1346	minecraft:acacia_fence_gate	facing=north,in_wall=false,open=false,powered=true
M	3003	1347	minecraft:acacia_fence_gate	facing=east,in_wall=false,open=false,powered=true
M	3004	1348	minecraft:acacia_fence_gate	facing=south,in_wall=false,open=true,powered=true
M	3005	1349	minecraft:acacia_fence_gate	facing=west,in_wall=false,open=true,powered=true
M	3006	1350	minecraft:acacia_fence_gate	facing=north,in_wall=false,open=true,powered=true
M	3007	1351	minecraft:acacia_fence_gate	facing=east,in_wall=false,open=true,powered=true
M	3008	1352	minecraft:spruce_fence	east=false,north=false,south=false,west=false
M	3009	1352	minecraft:spruce_fence	east=false,north=false,south=false,west=false
M	3010	1352	minecraft:spruce_fence	east=false,north=false,south=false,west=false
M	3011	1352	minecraft:spruce_fence	east=false,north=false,south=false,west=false
M	3012	1352	minecraft:spruce_fence	east=false,north=false,south=false,west=false
M	3013	1352	minecraft:spruce_fence	east=false,north=false,south=false,west=false
M	3014	1352	minecraft:spruce_fence	east=false,north=false,south=false,west=false
M	3015	1352	minecraft:spruce_fence	east=false,north=false,south=false,west=false
M	3016	1352	minecraft:spruce_fence	east=false,north=false,south=false,west=false
M	3017	1352	minecraft:spruce_fence	east=false,north=false,south=false,west=false
M	3018	1352	minecraft:spruce_fence	east=false,north=false,south=false,west=false
M	3019	1352	minecraft:spruce_fence	east=false,north=false,south=false,west=false
M	3020	1352	minecraft:spruce_fence	east=false,north=false,south=false,west=false
M	3021	1352	minecraft:spruce_fence	east=false,north=false,south=false,west=false
M	3022	1352	minecraft:spruce_fence	east=false,north=false,south=false,west=false
M	3023	1352	minecraft:spruce_fence	east=false,north=false,south=false,west=false
M	3024	1353	minecraft:birch_fence	east=false,north=false,south=false,west=false
M	3025	1353	minecraft:birch_fence	east=false,north=false,south=false,west=false
M	3026	1353	minecraft:birch_fence	east=false,north=false,south=false,west=false
M	3027	1353	minecraft:birch_fence	east=false,north=false,south=false,west=false
M	3028	1353	minecraft:birch_fence	east=false,north=false,south=false,west=false
M	3029	1353	minecraft:birch_fence	east=false,north=false,south=false,west=false
M	3030	1353	minecraft:birch_fence	east=false,north=false,south=false,west=false
M	3031	1353	minecraft:birch_fence	east=false,north=false,south=false,west=false
M	3032	1353	minecraft:birch_fence	east=false,north=false,south=false,west=false
M	3033	1353	minecraft:birch_fence	east=false,north=false,south=false,west=false
M	3034	1353	minecraft:birch_fence	east=false,north=false,south=false,west=false
M	3035	1353	minecraft:birch_fence	east=false,north=false,south=false,west=false
M	3036	1353	minecraft:birch_fence	east=false,north=false,south=false,west=false
M	3037	1353	minecraft:birch_fence	east=false,north=false,south=false,west=false
M	3038	1353	minecraft:birch_fence	east=false,north=false,south=false,west=false
M	3039	1353	minecraft:birch_fence	east=false,north=false,south=false,west=false
M	3040	1354	minecraft:jungle_fence	east=false,north=false,south=false,west=false
M	3041	1354	minecraft:jungle_fence	east=false,north=false,south=false,west=false
M	3042	1354	minecraft:jungle_fence	east=false,north=false,south=false,west=false
M	3043	1354	minecraft:jungle_fence	east=false,north=false,south=false,west=false
M	3044	1354	minecraft:jungle_fence	east=false,north=false,south=false,west=false
M	3045	1354	minecraft:jungle_fence	east=false,north=false,south=false,west=false
M	3046	1354	minecraft:jungle_fence	east=false,north=false,south=false,west=false
M	3047	1354	minecraft:jungle_fence	east=false,north=false,south=false,west=false
M	3048	1354	minecraft:jungle_fence	east=false,north=false,south=false,west=false
M	3049	1354	minecraft:jungle_fence	east=false,north=false,south=false,west=false
M	3050	1354	minecraft:jungle_fence	east=false,north=false,south=false,west=false
M	3051	1354	minecraft:jungle_fence	east=false,north=false,south=false,west=false
M	3052	1354	minecraft:jungle_fence	east=false,north=false,south=false,west=false
M	3053	1354	minecraft:jungle_fence	east=false,north=false,south=false,west=false
M	3054	1354	minecraft:jungle_fence	east=false,north=false,south=false,west=false
M	3055	1354	minecraft:jungle_fence	east=false,north=false,south=false,west=false
M	3056	1355	minecraft:dark_oak_fence	east=false,north=false,south=false,west=false
M	3057	1355	minecraft:dark_oak_fence	east=false,north=false,south=false,west=false
M	3058	1355	minecraft:dark_oak_fence	east=false,north=false,south=false,west=false
M	3059	1355	minecraft:dark_oak_fence	east=false,north=false,south=false,west=false
M	3060	1355	minecraft:dark_oak_fence	east=false,north=false,south=false,west=false
M	3061	1355	minecraft:dark_oak_fence	east=false,north=false,south=false,west=false
M	3062	1355	minecraft:dark_oak_fence	east=false,north=false,south=false,west=false
M	3063	1355	minecraft:dark_oak_fence	east=false,north=false,south=false,west=false
M	3064	1355	minecraft:dark_oak_fence	east=false,north=false,south=false,west=false
M	3065	1355	minecraft:dark_oak_fence	east=false,north=false,south=false,west=false
M	3066	1355	minecraft:dark_oak_fence	east=false,north=false,south=false,west=false
M	3067	1355	minecraft:dark_oak_fence	east=false,north=false,south=false,west=false
M	3068	1355	minecraft:dark_oak_fence	east=false,north=false,south=false,west=false
M	3069	1355	minecraft:dark_oak_fence	east=false,north=false,south=false,west=false
M	3070	1355	minecraft:dark_oak_fence	east=false,north=false,south=false,west=false
M	3071	1355	minecraft:dark_oak_fence	east=false,north=false,south=false,west=false
M	3072	1356	minecraft:acacia_fence	east=false,north=false,south=false,west=false
M	3073	1356	minecraft:acacia_fence	east=false,north=false,south=false,west=false
M	3074	1356	minecraft:acacia_fence	east=false,north=false,south=false,west=false
M	3075	1356	minecraft:acacia_fence	east=false,north=false,south=false,west=false
M	3076	1356	minecraft:acacia_fence	east=false,north=false,south=false,west=false
M	3077	1356	minecraft:acacia_fence	east=false,north=false,south=false,west=false
M	3078	1356	minecraft:acacia_fence	east=false,north=false,south=false,west=false
M	3079	1356	minecraft:acacia_fence	east=false,north=false,south=false,west=false
M	3080	1356	minecraft:acacia_fence	east=false,north=false,south=false,west=false
M	3081	1356	minecraft:acacia_fence	east=false,north=false,south=false,west=false
M	3082	1356	minecraft:acacia_fence	east=false,north=false,south=false,west=false
M	3083	1356	minecraft:acacia_fence	east=false,north=false,south=false,west=false
M	3084	1356	minecraft:acacia_fence	east=false,north=false,south=false,west=false
M	3085	1356	minecraft:acacia_fence	east=false,north=false,south=false,west=false
M	3086	1356	minecraft:acacia_fence	east=false,north=false,south=false,west=false
M	3087	1356	minecraft:acacia_fence	east=false,north=false,south=false,west=false
M	3088	1357	minecraft:spruce_door	facing=east,half=lower,hinge=right,open=false,powered=false
M	3089	1358	minecraft:spruce_door	facing=south,half=lower,hinge=right,open=false,powered=false
M	3090	1359	minecraft:spruce_door	facing=west,half=lower,hinge=right,open=false,powered=false
M	3091	1360	minecraft:spruce_door	facing=north,half=lower,hinge=right,open=false,powered=false
M	3092	1361	minecraft:spruce_door	facing=east,half=lower,hinge=right,open=true,powered=false
M	3093	1362	minecraft:spruce_door	facing=south,half=lower,hinge=right,open=true,powered=false
M	3094	1363	minecraft:spruce_door	facing=west,half=lower,hinge=right,open=true,powered=false
M	3095	1364	minecraft:spruce_door	facing=north,half=lower,hinge=right,open=true,powered=false
M	3096	1365	minecraft:spruce_door	facing=east,half=upper,hinge=left,open=false,powered=false
M	3097	1366	minecraft:spruce_door	facing=east,half=upper,hinge=right,open=false,powered=false
M	3098	1367	minecraft:spruce_door	facing=east,half=upper,hinge=left,open=false,powered=true
M	3099	1368	minecraft:spruce_door	facing=east,half=upper,hinge=right,open=false,powered=true
M	3100	1357	minecraft:spruce_door	facing=east,half=lower,hinge=right,open=false,powered=false
M	3101	1357	minecraft:spruce_door	facing=east,half=lower,hinge=right,open=false,powered=false
M	3102	1357	minecraft:spruce_door	facing=east,half=lower,hinge=right,open=false,powered=false
M	3103	1357	minecraft:spruce_door	facing=east,half=lower,hinge=right,open=false,powered=false
M	3104	1369	minecraft:birch_door	facing=east,half=lower,hinge=right,open=false,powered=false
M	3105	1370	minecraft:birch_door	facing=south,half=lower,hinge=right,open=false,powered=false
M	3106	1371	minecraft:birch_door	facing=west,half=lower,hinge=right,open=false,powered=false
M	3107	1372	minecraft:birch_door	facing=north,half=lower,hinge=right,open=false,powered=false
M	3108	1373	minecraft:birch_door	facing=east,half=lower,hinge=right,open=true,powered=false
M	3109	1374	minecraft:birch_door	facing=south,half=lower,hinge=right,open=true,powered=false
M	3110	1375	minecraft:birch_door	facing=west,half=lower,hinge=right,open=true,powered=false
M	3111	1376	minecraft:birch_door	facing=north,half=lower,hinge=right,open=true,powered=false
M	3112	1377	minecraft:birch_door	facing=east,half=upper,hinge=left,open=false,powered=false
M	3113	1378	minecraft:birch_door	facing=east,half=upper,hinge=right,open=false,powered=false
M	3114	1379	minecraft:birch_door	facing=east,half=upper,hinge=left,open=false,powered=true
M	3115	1380	minecraft:birch_door	facing=east,half=upper,hinge=right,open=false,powered=true
M	3116	1369	minecraft:birch_door	facing=east,half=lower,hinge=right,open=false,powered=false
M	3117	1369	minecraft:birch_door	facing=east,half=lower,hinge=right,open=false,powered=false
M	3118	1369	minecraft:birch_door	facing=east,half=lower,hinge=right,open=false,powered=false
M	3119	1369	minecraft:birch_door	facing=east,half=lower,hinge=right,open=false,powered=false
M	3120	1381	minecraft:jungle_door	facing=east,half=lower,hinge=right,open=false,powered=false
M	3121	1382	minecraft:jungle_door	facing=south,half=lower,hinge=right,open=false,powered=false
M	3122	1383	minecraft:jungle_door	facing=west,half=lower,hinge=right,open=false,powered=false
M	3123	1384	minecraft:jungle_door	facing=north,half=lower,hinge=right,open=false,powered=false
M	3124	1385	minecraft:jungle_door	facing=east,half=lower,hinge=right,open=true,powered=false
M	3125	1386	minecraft:jungle_door	facing=south,half=lower,hinge=right,open=true,powered=false
M	3126	1387	minecraft:jungle_door	facing=west,half=lower,hinge=right,open=true,powered=false
M	3127	1388	minecraft:jungle_door	facing=north,half=lower,hinge=right,open=true,powered=false
M	3128	1389	minecraft:jungle_door	facing=east,half=upper,hinge=left,open=false,powered=false
M	3129	1390	minecraft:jungle_door	facing=east,half=upper,hinge=right,open=false,powered=false
M	3130	1391	minecraft:jungle_door	facing=east,half=upper,hinge=left,open=false,powered=true
M	3131	1392	minecraft:jungle_door	facing=east,half=upper,hinge=right,open=false,powered=true
M	3132	1381	minecraft:jungle_door	facing=east,half=lower,hinge=right,open=false,powered=false
M	3133	1381	minecraft:jungle_door	facing=east,half=lower,hinge=right,open=false,powered=false
M	3134	1381	minecraft:jungle_door	facing=east,half=lower,hinge=right,open=false,powered=false
M	3135	1381	minecraft:jungle_door	facing=east,half=lower,hinge=right,open=false,powered=false
M	3136	1393	minecraft:acacia_door	facing=east,half=lower,hinge=right,open=false,powered=false
M	3137	1394	minecraft:acacia_door	facing=south,half=lower,hinge=right,open=false,powered=false
M	3138	1395	minecraft:acacia_door	facing=west,half=lower,hinge=right,open=false,powered=false
M	3139	1396	minecraft:acacia_door	facing=north,half=lower,hinge=right,open=false,powered=false
M	3140	1397	minecraft:acacia_door	facing=east,half=lower,hinge=right,open=true,powered=false
M	3141	1398	minecraft:acacia_door	facing=south,half=lower,hinge=right,open=true,powered=false
M	3142	1399	minecraft:acacia_door	facing=west,half=lower,hinge=right,open=true,powered=false
M	3143	1400	minecraft:acacia_door	facing=north,half=lower,hinge=right,open=true,powered=false
M	3144	1401	minecraft:acacia_door	facing=east,half=upper,hinge=left,open=false,powered=false
M	3145	1402	minecraft:acacia_door	facing=east,half=upper,hinge=right,open=false,powered=false
M	3146	1403	minecraft:acacia_door	facing=east,half=upper,hinge=left,open=false,powered=true
M	3147	1404	minecraft:acacia_door	facing=east,half=upper,hinge=right,open=false,powered=true
M	3148	1393	minecraft:acacia_door	facing=east,half=lower,hinge=right,open=false,powered=false
M	3149	1393	minecraft:acacia_door	facing=east,half=lower,hinge=right,open=false,powered=false
M	3150	1393	minecraft:acacia_door	facing=east,half=lower,hinge=right,open=false,powered=false
M	3151	1393	minecraft:acacia_door	facing=east,half=lower,hinge=right,open=false,powered=false
M	3152	1405	minecraft:dark_oak_door	facing=east,half=lower,hinge=right,open=false,powered=false
M	3153	1406	minecraft:dark_oak_door	facing=south,half=lower,hinge=right,open=false,powered=false
M	3154	1407	minecraft:dark_oak_door	facing=west,half=lower,hinge=right,open=false,powered=false
M	3155	1408	minecraft:dark_oak_door	facing=north,half=lower,hinge=right,open=false,powered=false
M	3156	1409	minecraft:dark_oak_door	facing=east,half=lower,hinge=right,open=true,powered=false
M	3157	1410	minecraft:dark_oak_door	facing=south,half=lower,hinge=right,open=true,powered=false
M	3158	1411	minecraft:dark_oak_door	facing=west,half=lower,hinge=right,open=true,powered=false
M	3159	1412	minecraft:dark_oak_door	facing=north,half=lower,hinge=right,open=true,powered=false
M	3160	1413	minecraft:dark_oak_door	facing=east,half=upper,hinge=left,open=false,powered=false
M	3161	1414	minecraft:dark_oak_door	facing=east,half=upper,hinge=right,open=false,powered=false
M	3162	1415	minecraft:dark_oak_door	facing=east,half=upper,hinge=left,open=false,powered=true
M	3163	1416	minecraft:dark_oak_door	facing=east,half=upper,hinge=right,open=false,powered=true
M	3164	1405	minecraft:dark_oak_door	facing=east,half=lower,hinge=right,open=false,powered=false
M	3165	1405	minecraft:dark_oak_door	facing=east,half=lower,hinge=right,open=false,powered=false
M	3166	1405	minecraft:dark_oak_door	facing=east,half=lower,hinge=right,open=false,powered=false
M	3167	1405	minecraft:dark_oak_door	facing=east,half=lower,hinge=right,open=false,powered=false
M	3168	1417	minecraft:end_rod	facing=down
M	3169	1418	minecraft:end_rod	facing=up
M	3170	1419	minecraft:end_rod	facing=north
M	3171	1420	minecraft:end_rod	facing=south
M	3172	1421	minecraft:end_rod	facing=west
M	3173	1422	minecraft:end_rod	facing=east
M	3174	1417	minecraft:end_rod	facing=down
M	3175	1417	minecraft:end_rod	facing=down
M	3176	1417	minecraft:end_rod	facing=down
M	3177	1417	minecraft:end_rod	facing=down
M	3178	1417	minecraft:end_rod	facing=down
M	3179	1417	minecraft:end_rod	facing=down
M	3180	1417	minecraft:end_rod	facing=down
M	3181	1417	minecraft:end_rod	facing=down
M	3182	1417	minecraft:end_rod	facing=down
M	3183	1417	minecraft:end_rod	facing=down
M	3184	1423	minecraft:chorus_plant	down=false,east=false,north=false,south=false,up=false,west=false
M	3185	1423	minecraft:chorus_plant	down=false,east=false,north=false,south=false,up=false,west=false
M	3186	1423	minecraft:chorus_plant	down=false,east=false,north=false,south=false,up=false,west=false
M	3187	1423	minecraft:chorus_plant	down=false,east=false,north=false,south=false,up=false,west=false
M	3188	1423	minecraft:chorus_plant	down=false,east=false,north=false,south=false,up=false,west=false
M	3189	1423	minecraft:chorus_plant	down=false,east=false,north=false,south=false,up=false,west=false
M	3190	1423	minecraft:chorus_plant	down=false,east=false,north=false,south=false,up=false,west=false
M	3191	1423	minecraft:chorus_plant	down=false,east=false,north=false,south=false,up=false,west=false
M	3192	1423	minecraft:chorus_plant	down=false,east=false,north=false,south=false,up=false,west=false
M	3193	1423	minecraft:chorus_plant	down=false,east=false,north=false,south=false,up=false,west=false
M	3194	1423	minecraft:chorus_plant	down=false,east=false,north=false,south=false,up=false,west=false
M	3195	1423	minecraft:chorus_plant	down=false,east=false,north=false,south=false,up=false,west=false
M	3196	1423	minecraft:chorus_plant	down=false,east=false,north=false,south=false,up=false,west=false
M	3197	1423	minecraft:chorus_plant	down=false,east=false,north=false,south=false,up=false,west=false
M	3198	1423	minecraft:chorus_plant	down=false,east=false,north=false,south=false,up=false,west=false
M	3199	1423	minecraft:chorus_plant	down=false,east=false,north=false,south=false,up=false,west=false
M	3200	1424	minecraft:chorus_flower	age=0
M	3201	1425	minecraft:chorus_flower	age=1
M	3202	1426	minecraft:chorus_flower	age=2
M	3203	1427	minecraft:chorus_flower	age=3
M	3204	1428	minecraft:chorus_flower	age=4
M	3205	1429	minecraft:chorus_flower	age=5
M	3206	1424	minecraft:chorus_flower	age=0
M	3207	1424	minecraft:chorus_flower	age=0
M	3208	1424	minecraft:chorus_flower	age=0
M	3209	1424	minecraft:chorus_flower	age=0
M	3210	1424	minecraft:chorus_flower	age=0
M	3211	1424	minecraft:chorus_flower	age=0
M	3212	1424	minecraft:chorus_flower	age=0
M	3213	1424	minecraft:chorus_flower	age=0
M	3214	1424	minecraft:chorus_flower	age=0
M	3215	1424	minecraft:chorus_flower	age=0
M	3216	1430	minecraft:purpur_block	
M	3217	1430	minecraft:purpur_block	
M	3218	1430	minecraft:purpur_block	
M	3219	1430	minecraft:purpur_block	
M	3220	1430	minecraft:purpur_block	
M	3221	1430	minecraft:purpur_block	
M	3222	1430	minecraft:purpur_block	
M	3223	1430	minecraft:purpur_block	
M	3224	1430	minecraft:purpur_block	
M	3225	1430	minecraft:purpur_block	
M	3226	1430	minecraft:purpur_block	
M	3227	1430	minecraft:purpur_block	
M	3228	1430	minecraft:purpur_block	
M	3229	1430	minecraft:purpur_block	
M	3230	1430	minecraft:purpur_block	
M	3231	1430	minecraft:purpur_block	
M	3232	1431	minecraft:purpur_pillar	axis=y
M	3233	1431	minecraft:purpur_pillar	axis=y
M	3234	1431	minecraft:purpur_pillar	axis=y
M	3235	1431	minecraft:purpur_pillar	axis=y
M	3236	1432	minecraft:purpur_pillar	axis=x
M	3237	1431	minecraft:purpur_pillar	axis=y
M	3238	1431	minecraft:purpur_pillar	axis=y
M	3239	1431	minecraft:purpur_pillar	axis=y
M	3240	1433	minecraft:purpur_pillar	axis=z
M	3241	1431	minecraft:purpur_pillar	axis=y
M	3242	1431	minecraft:purpur_pillar	axis=y
M	3243	1431	minecraft:purpur_pillar	axis=y
M	3244	1431	minecraft:purpur_pillar	axis=y
M	3245	1431	minecraft:purpur_pillar	axis=y
M	3246	1431	minecraft:purpur_pillar	axis=y
M	3247	1431	minecraft:purpur_pillar	axis=y
M	3248	1434	minecraft:purpur_stairs	facing=east,half=bottom,shape=straight
M	3249	1435	minecraft:purpur_stairs	facing=west,half=bottom,shape=straight
M	3250	1436	minecraft:purpur_stairs	facing=south,half=bottom,shape=straight
M	3251	1437	minecraft:purpur_stairs	facing=north,half=bottom,shape=straight
M	3252	1438	minecraft:purpur_stairs	facing=east,half=top,shape=straight
M	3253	1439	minecraft:purpur_stairs	facing=west,half=top,shape=straight
M	3254	1440	minecraft:purpur_stairs	facing=south,half=top,shape=straight
M	3255	1441	minecraft:purpur_stairs	facing=north,half=top,shape=straight
M	3256	1434	minecraft:purpur_stairs	facing=east,half=bottom,shape=straight
M	3257	1434	minecraft:purpur_stairs	facing=east,half=bottom,shape=straight
M	3258	1434	minecraft:purpur_stairs	facing=east,half=bottom,shape=straight
M	3259	1434	minecraft:purpur_stairs	facing=east,half=bottom,shape=straight
M	3260	1434	minecraft:purpur_stairs	facing=east,half=bottom,shape=straight
M	3261	1434	minecraft:purpur_stairs	facing=east,half=bottom,shape=straight
M	3262	1434	minecraft:purpur_stairs	facing=east,half=bottom,shape=straight
M	3263	1434	minecraft:purpur_stairs	facing=east,half=bottom,shape=straight
M	3264	1442	minecraft:purpur_slab	type=double
M	3265	1442	minecraft:purpur_slab	type=double
M	3266	1442	minecraft:purpur_slab	type=double
M	3267	1442	minecraft:purpur_slab	type=double
M	3268	1442	minecraft:purpur_slab	type=double
M	3269	1442	minecraft:purpur_slab	type=double
M	3270	1442	minecraft:purpur_slab	type=double
M	3271	1442	minecraft:purpur_slab	type=double
M	3272	1442	minecraft:purpur_slab	type=double
M	3273	1442	minecraft:purpur_slab	type=double
M	3274	1442	minecraft:purpur_slab	type=double
M	3275	1442	minecraft:purpur_slab	type=double
M	3276	1442	minecraft:purpur_slab	type=double
M	3277	1442	minecraft:purpur_slab	type=double
M	3278	1442	minecraft:purpur_slab	type=double
M	3279	1442	minecraft:purpur_slab	type=double
M	3280	1443	minecraft:purpur_slab	type=bottom
M	3281	1443	minecraft:purpur_slab	type=bottom
M	3282	1443	minecraft:purpur_slab	type=bottom
M	3283	1443	minecraft:purpur_slab	type=bottom
M	3284	1443	minecraft:purpur_slab	type=bottom
M	3285	1443	minecraft:purpur_slab	type=bottom
M	3286	1443	minecraft:purpur_slab	type=bottom
M	3287	1443	minecraft:purpur_slab	type=bottom
M	3288	1444	minecraft:purpur_slab	type=top
M	3289	1443	minecraft:purpur_slab	type=bottom
M	3290	1443	minecraft:purpur_slab	type=bottom
M	3291	1443	minecraft:purpur_slab	type=bottom
M	3292	1443	minecraft:purpur_slab	type=bottom
M	3293	1443	minecraft:purpur_slab	type=bottom
M	3294	1443	minecraft:purpur_slab	type=bottom
M	3295	1443	minecraft:purpur_slab	type=bottom
M	3296	1445	minecraft:end_stone_bricks	
M	3297	1445	minecraft:end_stone_bricks	
M	3298	1445	minecraft:end_stone_bricks	
M	3299	1445	minecraft:end_stone_bricks	
M	3300	1445	minecraft:end_stone_bricks	
M	3301	1445	minecraft:end_stone_bricks	
M	3302	1445	minecraft:end_stone_bricks	
M	3303	1445	minecraft:end_stone_bricks	
M	3304	1445	minecraft:end_stone_bricks	
M	3305	1445	minecraft:end_stone_bricks	
M	3306	1445	minecraft:end_stone_bricks	
M	3307	1445	minecraft:end_stone_bricks	
M	3308	1445	minecraft:end_stone_bricks	
M	3309	1445	minecraft:end_stone_bricks	
M	3310	1445	minecraft:end_stone_bricks	
M	3311	1445	minecraft:end_stone_bricks	
M	3312	1446	minecraft:beetroots	age=0
M	3313	1447	minecraft:beetroots	age=1
M	3314	1448	minecraft:beetroots	age=2
M	3315	1449	minecraft:beetroots	age=3
M	3316	1446	minecraft:beetroots	age=0
M	3317	1446	minecraft:beetroots	age=0
M	3318	1446	minecraft:beetroots	age=0
M	3319	1446	minecraft:beetroots	age=0
M	3320	1446	minecraft:beetroots	age=0
M	3321	1446	minecraft:beetroots	age=0
M	3322	1446	minecraft:beetroots	age=0
M	3323	1446	minecraft:beetroots	age=0
M	3324	1446	minecraft:beetroots	age=0
M	3325	1446	minecraft:beetroots	age=0
M	3326	1446	minecraft:beetroots	age=0
M	3327	1446	minecraft:beetroots	age=0
M	3328	1450	minecraft:grass_path	
M	3329	1450	minecraft:grass_path	
M	3330	1450	minecraft:grass_path	
M	3331	1450	minecraft:grass_path	
M	3332	1450	minecraft:grass_path	
M	3333	1450	minecraft:grass_path	
M	3334	1450	minecraft:grass_path	
M	3335	1450	minecraft:grass_path	
M	3336	1450	minecraft:grass_path	
M	3337	1450	minecraft:grass_path	
M	3338	1450	minecraft:grass_path	
M	3339	1450	minecraft:grass_path	
M	3340	1450	minecraft:grass_path	
M	3341	1450	minecraft:grass_path	
M	3342	1450	minecraft:grass_path	
M	3343	1450	minecraft:grass_path	
M	3344	1451	minecraft:end_gateway	
M	3345	1451	minecraft:end_gateway	
M	3346	1451	minecraft:end_gateway	
M	3347	1451	minecraft:end_gateway	
M	3348	1451	minecraft:end_gateway	
M	3349	1451	minecraft:end_gateway	
M	3350	1451	minecraft:end_gateway	
M	3351	1451	minecraft:end_gateway	
M	3352	1451	minecraft:end_gateway	
M	3353	1451	minecraft:end_gateway	
M	3354	1451	minecraft:end_gateway	
M	3355	1451	minecraft:end_gateway	
M	3356	1451	minecraft:end_gateway	
M	3357	1451	minecraft:end_gateway	
M	3358	1451	minecraft:end_gateway	
M	3359	1451	minecraft:end_gateway	
M	3360	1452	minecraft:repeating_command_block	conditional=false,facing=down
M	3361	1453	minecraft:repeating_command_block	conditional=false,facing=up
M	3362	1454	minecraft:repeating_command_block	conditional=false,facing=north
M	3363	1455	minecraft:repeating_command_block	conditional=false,facing=south
M	3364	1456	minecraft:repeating_command_block	conditional=false,facing=west
M	3365	1457	minecraft:repeating_command_block	conditional=false,facing=east
M	3366	1452	minecraft:repeating_command_block	conditional=false,facing=down
M	3367	1452	minecraft:repeating_command_block	conditional=false,facing=down
M	3368	1458	minecraft:repeating_command_block	conditional=true,facing=down
M	3369	1459	minecraft:repeating_command_block	conditional=true,facing=up
M	3370	1460	minecraft:repeating_command_block	conditional=true,facing=north
M	3371	1461	minecraft:repeating_command_block	conditional=true,facing=south
M	3372	1462	minecraft:repeating_command_block	conditional=true,facing=west
M	3373	1463	minecraft:repeating_command_block	conditional=true,facing=east
M	3374	1452	minecraft:repeating_command_block	conditional=false,facing=down
M	3375	1452	minecraft:repeating_command_block	conditional=false,facing=down
M	3376	1464	minecraft:chain_command_block	conditional=false,facing=down
M	3377	1465	minecraft:chain_command_block	conditional=false,facing=up
M	3378	1466	minecraft:chain_command_block	conditional=false,facing=north
M	3379	1467	minecraft:chain_command_block	conditional=false,facing=south
M	3380	1468	minecraft:chain_command_block	conditional=false,facing=west
M	3381	1469	minecraft:chain_command_block	conditional=false,facing=east
M	3382	1464	minecraft:chain_command_block	conditional=false,facing=down
M	3383	1464	minecraft:chain_command_block	conditional=false,facing=down
M	3384	1470	minecraft:chain_command_block	conditional=true,facing=down
M	3385	1471	minecraft:chain_command_block	conditional=true,facing=up
M	3386	1472	minecraft:chain_command_block	conditional=true,facing=north
M	3387	1473	minecraft:chain_command_block	conditional=true,facing=south
M	3388	1474	minecraft:chain_command_block	conditional=true,facing=west
M	3389	1475	minecraft:chain_command_block	conditional=true,facing=east
M	3390	1464	minecraft:chain_command_block	conditional=false,facing=down
M	3391	1464	minecraft:chain_command_block	conditional=false,facing=down
M	3392	1476	minecraft:frosted_ice	age=0
M	3393	1477	minecraft:frosted_ice	age=1
M	3394	1478	minecraft:frosted_ice	age=2
M	3395	1479	minecraft:frosted_ice	age=3
M	3396	1476	minecraft:frosted_ice	age=0
M	3397	1476	minecraft:frosted_ice	age=0
M	3398	1476	minecraft:frosted_ice	age=0
M	3399	1476	minecraft:frosted_ice	age=0
M	3400	1476	minecraft:frosted_ice	age=0
M	3401	1476	minecraft:frosted_ice	age=0
M	3402	1476	minecraft:frosted_ice	age=0
M	3403	1476	minecraft:frosted_ice	age=0
M	3404	1476	minecraft:frosted_ice	age=0
M	3405	1476	minecraft:frosted_ice	age=0
M	3406	1476	minecraft:frosted_ice	age=0
M	3407	1476	minecraft:frosted_ice	age=0
M	3408	1480	minecraft:magma_block	
M	3409	1480	minecraft:magma_block	
M	3410	1480	minecraft:magma_block	
M	3411	1480	minecraft:magma_block	
M	3412	1480	minecraft:magma_block	
M	3413	1480	minecraft:magma_block	
M	3414	1480	minecraft:magma_block	
M	3415	1480	minecraft:magma_block	
M	3416	1480	minecraft:magma_block	
M	3417	1480	minecraft:magma_block	
M	3418	1480	minecraft:magma_block	
M	3419	1480	minecraft:magma_block	
M	3420	1480	minecraft:magma_block	
M	3421	1480	minecraft:magma_block	
M	3422	1480	minecraft:magma_block	
M	3423	1480	minecraft:magma_block	
M	3424	1481	minecraft:nether_wart_block	
M	3425	1481	minecraft:nether_wart_block	
M	3426	1481	minecraft:nether_wart_block	
M	3427	1481	minecraft:nether_wart_block	
M	3428	1481	minecraft:nether_wart_block	
M	3429	1481	minecraft:nether_wart_block	
M	3430	1481	minecraft:nether_wart_block	
M	3431	1481	minecraft:nether_wart_block	
M	3432	1481	minecraft:nether_wart_block	
M	3433	1481	minecraft:nether_wart_block	
M	3434	1481	minecraft:nether_wart_block	
M	3435	1481	minecraft:nether_wart_block	
M	3436	1481	minecraft:nether_wart_block	
M	3437	1481	minecraft:nether_wart_block	
M	3438	1481	minecraft:nether_wart_block	
M	3439	1481	minecraft:nether_wart_block	
M	3440	1482	minecraft:red_nether_bricks	
M	3441	1482	minecraft:red_nether_bricks	
M	3442	1482	minecraft:red_nether_bricks	
M	3443	1482	minecraft:red_nether_bricks	
M	3444	1482	minecraft:red_nether_bricks	
M	3445	1482	minecraft:red_nether_bricks	
M	3446	1482	minecraft:red_nether_bricks	
M	3447	1482	minecraft:red_nether_bricks	
M	3448	1482	minecraft:red_nether_bricks	
M	3449	1482	minecraft:red_nether_bricks	
M	3450	1482	minecraft:red_nether_bricks	
M	3451	1482	minecraft:red_nether_bricks	
M	3452	1482	minecraft:red_nether_bricks	
M	3453	1482	minecraft:red_nether_bricks	
M	3454	1482	minecraft:red_nether_bricks	
M	3455	1482	minecraft:red_nether_bricks	
M	3456	1483	minecraft:bone_block	axis=y
M	3457	1483	minecraft:bone_block	axis=y
M	3458	1483	minecraft:bone_block	axis=y
M	3459	1483	minecraft:bone_block	axis=y
M	3460	1484	minecraft:bone_block	axis=x
M	3461	1483	minecraft:bone_block	axis=y
M	3462	1483	minecraft:bone_block	axis=y
M	3463	1483	minecraft:bone_block	axis=y
M	3464	1485	minecraft:bone_block	axis=z
M	3465	1483	minecraft:bone_block	axis=y
M	3466	1483	minecraft:bone_block	axis=y
M	3467	1483	minecraft:bone_block	axis=y
M	3468	1483	minecraft:bone_block	axis=y
M	3469	1483	minecraft:bone_block	axis=y
M	3470	1483	minecraft:bone_block	axis=y
M	3471	1483	minecraft:bone_block	axis=y
M	3472	1486	minecraft:structure_void	
M	3473	1486	minecraft:structure_void	
M	3474	1486	minecraft:structure_void	
M	3475	1486	minecraft:structure_void	
M	3476	1486	minecraft:structure_void	
M	3477	1486	minecraft:structure_void	
M	3478	1486	minecraft:structure_void	
M	3479	1486	minecraft:structure_void	
M	3480	1486	minecraft:structure_void	
M	3481	1486	minecraft:structure_void	
M	3482	1486	minecraft:structure_void	
M	3483	1486	minecraft:structure_void	
M	3484	1486	minecraft:structure_void	
M	3485	1486	minecraft:structure_void	
M	3486	1486	minecraft:structure_void	
M	3487	1486	minecraft:structure_void	
M	3488	1487	minecraft:observer	facing=down,powered=false
M	3489	1488	minecraft:observer	facing=up,powered=false
M	3490	1489	minecraft:observer	facing=north,powered=false
M	3491	1490	minecraft:observer	facing=south,powered=false
M	3492	1491	minecraft:observer	facing=west,powered=false
M	3493	1492	minecraft:observer	facing=east,powered=false
M	3494	1487	minecraft:observer	facing=down,powered=false
M	3495	1487	minecraft:observer	facing=down,powered=false
M	3496	1493	minecraft:observer	facing=down,powered=true
M	3497	1494	minecraft:observer	facing=up,powered=true
M	3498	1495	minecraft:observer	facing=north,powered=true
M	3499	1496	minecraft:observer	facing=south,powered=true
M	3500	1497	minecraft:observer	facing=west,powered=true
M	3501	1498	minecraft:observer	facing=east,powered=true
M	3502	1487	minecraft:observer	facing=down,powered=false
M	3503	1487	minecraft:observer	facing=down,powered=false
M	3504	1499	minecraft:white_shulker_box	facing=down
M	3505	1500	minecraft:white_shulker_box	facing=up
M	3506	1501	minecraft:white_shulker_box	facing=north
M	3507	1502	minecraft:white_shulker_box	facing=south
M	3508	1503	minecraft:white_shulker_box	facing=west
M	3509	1504	minecraft:white_shulker_box	facing=east
M	3510	1499	minecraft:white_shulker_box	facing=down
M	3511	1499	minecraft:white_shulker_box	facing=down
M	3512	1499	minecraft:white_shulker_box	facing=down
M	3513	1499	minecraft:white_shulker_box	facing=down
M	3514	1499	minecraft:white_shulker_box	facing=down
M	3515	1499	minecraft:white_shulker_box	facing=down
M	3516	1499	minecraft:white_shulker_box	facing=down
M	3517	1499	minecraft:white_shulker_box	facing=down
M	3518	1499	minecraft:white_shulker_box	facing=down
M	3519	1499	minecraft:white_shulker_box	facing=down
M	3520	1505	minecraft:orange_shulker_box	facing=down
M	3521	1506	minecraft:orange_shulker_box	facing=up
M	3522	1507	minecraft:orange_shulker_box	facing=north
M	3523	1508	minecraft:orange_shulker_box	facing=south
M	3524	1509	minecraft:orange_shulker_box	facing=west
M	3525	1510	minecraft:orange_shulker_box	facing=east
M	3526	1505	minecraft:orange_shulker_box	facing=down
M	3527	1505	minecraft:orange_shulker_box	facing=down
M	3528	1505	minecraft:orange_shulker_box	facing=down
M	3529	1505	minecraft:orange_shulker_box	facing=down
M	3530	1505	minecraft:orange_shulker_box	facing=down
M	3531	1505	minecraft:orange_shulker_box	facing=down
M	3532	1505	minecraft:orange_shulker_box	facing=down
M	3533	1505	minecraft:orange_shulker_box	facing=down
M	3534	1505	minecraft:orange_shulker_box	facing=down
M	3535	1505	minecraft:orange_shulker_box	facing=down
M	3536	1511	minecraft:magenta_shulker_box	facing=down
M	3537	1512	minecraft:magenta_shulker_box	facing=up
M	3538	1513	minecraft:magenta_shulker_box	facing=north
M	3539	1514	minecraft:magenta_shulker_box	facing=south
M	3540	1515	minecraft:magenta_shulker_box	facing=west
M	3541	1516	minecraft:magenta_shulker_box	facing=east
M	3542	1511	minecraft:magenta_shulker_box	facing=down
M	3543	1511	minecraft:magenta_shulker_box	facing=down
M	3544	1511	minecraft:magenta_shulker_box	facing=down
M	3545	1511	minecraft:magenta_shulker_box	facing=down
M	3546	1511	minecraft:magenta_shulker_box	facing=down
M	3547	1511	minecraft:magenta_shulker_box	facing=down
M	3548	1511	minecraft:magenta_shulker_box	facing=down
M	3549	1511	minecraft:magenta_shulker_box	facing=down
M	3550	1511	minecraft:magenta_shulker_box	facing=down
M	3551	1511	minecraft:magenta_shulker_box	facing=down
M	3552	1517	minecraft:light_blue_shulker_box	facing=down
M	3553	1518	minecraft:light_blue_shulker_box	facing=up
M	3554	1519	minecraft:light_blue_shulker_box	facing=north
M	3555	1520	minecraft:light_blue_shulker_box	facing=south
M	3556	1521	minecraft:light_blue_shulker_box	facing=west
M	3557	1522	minecraft:light_blue_shulker_box	facing=east
M	3558	1517	minecraft:light_blue_shulker_box	facing=down
M	3559	1517	minecraft:light_blue_shulker_box	facing=down
M	3560	1517	minecraft:light_blue_shulker_box	facing=down
M	3561	1517	minecraft:light_blue_shulker_box	facing=down
M	3562	1517	minecraft:light_blue_shulker_box	facing=down
M	3563	1517	minecraft:light_blue_shulker_box	facing=down
M	3564	1517	minecraft:light_blue_shulker_box	facing=down
M	3565	1517	minecraft:light_blue_shulker_box	facing=down
M	3566	1517	minecraft:light_blue_shulker_box	facing=down
M	3567	1517	minecraft:light_blue_shulker_box	facing=down
M	3568	1523	minecraft:yellow_shulker_box	facing=down
M	3569	1524	minecraft:yellow_shulker_box	facing=up
M	3570	1525	minecraft:yellow_shulker_box	facing=north
M	3571	1526	minecraft:yellow_shulker_box	facing=south
M	3572	1527	minecraft:yellow_shulker_box	facing=west
M	3573	1528	minecraft:yellow_shulker_box	facing=east
M	3574	1523	minecraft:yellow_shulker_box	facing=down
M	3575	1523	minecraft:yellow_shulker_box	facing=down
M	3576	1523	minecraft:yellow_shulker_box	facing=down
M	3577	1523	minecraft:yellow_shulker_box	facing=down
M	3578	1523	minecraft:yellow_shulker_box	facing=down
M	3579	1523	minecraft:yellow_shulker_box	facing=down
M	3580	1523	minecraft:yellow_shulker_box	facing=down
M	3581	1523	minecraft:yellow_shulker_box	facing=down
M	3582	1523	minecraft:yellow_shulker_box	facing=down
M	3583	1523	minecraft:yellow_shulker_box	facing=down
M	3584	1529	minecraft:lime_shulker_box	facing=down
M	3585	1530	minecraft:lime_shulker_box	facing=up
M	3586	1531	minecraft:lime_shulker_box	facing=north
M	3587	1532	minecraft:lime_shulker_box	facing=south
M	3588	1533	minecraft:lime_shulker_box	facing=west
M	3589	1534	minecraft:lime_shulker_box	facing=east
M	3590	1529	minecraft:lime_shulker_box	facing=down
M	3591	1529	minecraft:lime_shulker_box	facing=down
M	3592	1529	minecraft:lime_shulker_box	facing=down
M	3593	1529	minecraft:lime_shulker_box	facing=down
M	3594	1529	minecraft:lime_shulker_box	facing=down
M	3595	1529	minecraft:lime_shulker_box	facing=down
M	3596	1529	minecraft:lime_shulker_box	facing=down
M	3597	1529	minecraft:lime_shulker_box	facing=down
M	3598	1529	minecraft:lime_shulker_box	facing=down
M	3599	1529	minecraft:lime_shulker_box	facing=down
M	3600	1535	minecraft:pink_shulker_box	facing=down
M	3601	1536	minecraft:pink_shulker_box	facing=up
M	3602	1537	minecraft:pink_shulker_box	facing=north
M	3603	1538	minecraft:pink_shulker_box	facing=south
M	3604	1539	minecraft:pink_shulker_box	facing=west
M	3605	1540	minecraft:pink_shulker_box	facing=east
M	3606	1535	minecraft:pink_shulker_box	facing=down
M	3607	1535	minecraft:pink_shulker_box	facing=down
M	3608	1535	minecraft:pink_shulker_box	facing=down
M	3609	1535	minecraft:pink_shulker_box	facing=down
M	3610	1535	minecraft:pink_shulker_box	facing=down
M	3611	1535	minecraft:pink_shulker_box	facing=down
M	3612	1535	minecraft:pink_shulker_box	facing=down
M	3613	1535	minecraft:pink_shulker_box	facing=down
M	3614	1535	minecraft:pink_shulker_box	facing=down
M	3615	1535	minecraft:pink_shulker_box	facing=down
M	3616	1541	minecraft:gray_shulker_box	facing=down
M	3617	1542	minecraft:gray_shulker_box	facing=up
M	3618	1543	minecraft:gray_shulker_box	facing=north
M	3619	1544	minecraft:gray_shulker_box	facing=south
M	3620	1545	minecraft:gray_shulker_box	facing=west
M	3621	1546	minecraft:gray_shulker_box	facing=east
M	3622	1541	minecraft:gray_shulker_box	facing=down
M	3623	1541	minecraft:gray_shulker_box	facing=down
M	3624	1541	minecraft:gray_shulker_box	facing=down
M	3625	1541	minecraft:gray_shulker_box	facing=down
M	3626	1541	minecraft:gray_shulker_box	facing=down
M	3627	1541	minecraft:gray_shulker_box	facing=down
M	3628	1541	minecraft:gray_shulker_box	facing=down
M	3629	1541	minecraft:gray_shulker_box	facing=down
M	3630	1541	minecraft:gray_shulker_box	facing=down
M	3631	1541	minecraft:gray_shulker_box	facing=down
M	3632	1547	minecraft:light_gray_shulker_box	facing=down
M	3633	1548	minecraft:light_gray_shulker_box	facing=up
M	3634	1549	minecraft:light_gray_shulker_box	facing=north
M	3635	1550	minecraft:light_gray_shulker_box	facing=south
M	3636	1551	minecraft:light_gray_shulker_box	facing=west
M	3637	1552	minecraft:light_gray_shulker_box	facing=east
M	3638	1547	minecraft:light_gray_shulker_box	facing=down
M	3639	1547	minecraft:light_gray_shulker_box	facing=down
M	3640	1547	minecraft:light_gray_shulker_box	facing=down
M	3641	1547	minecraft:light_gray_shulker_box	facing=down
M	3642	1547	minecraft:light_gray_shulker_box	facing=down
M	3643	1547	minecraft:light_gray_shulker_box	facing=down
M	3644	1547	minecraft:light_gray_shulker_box	facing=down
M	3645	1547	minecraft:light_gray_shulker_box	facing=down
M	3646	1547	minecraft:light_gray_shulker_box	facing=down
M	3647	1547	minecraft:light_gray_shulker_box	facing=down
M	3648	1553	minecraft:cyan_shulker_box	facing=down
M	3649	1554	minecraft:cyan_shulker_box	facing=up
M	3650	1555	minecraft:cyan_shulker_box	facing=north
M	3651	1556	minecraft:cyan_shulker_box	facing=south
M	3652	1557	minecraft:cyan_shulker_box	facing=west
M	3653	1558	minecraft:cyan_shulker_box	facing=east
M	3654	1553	minecraft:cyan_shulker_box	facing=down
M	3655	1553	minecraft:cyan_shulker_box	facing=down
M	3656	1553	minecraft:cyan_shulker_box	facing=down
M	3657	1553	minecraft:cyan_shulker_box	facing=down
M	3658	1553	minecraft:cyan_shulker_box	facing=down
M	3659	1553	minecraft:cyan_shulker_box	facing=down
M	3660	1553	minecraft:cyan_shulker_box	facing=down
M	3661	1553	minecraft:cyan_shulker_box	facing=down
M	3662	1553	minecraft:cyan_shulker_box	facing=down
M	3663	1553	minecraft:cyan_shulker_box	facing=down
M	3664	1559	minecraft:purple_shulker_box	facing=down
M	3665	1560	minecraft:purple_shulker_box	facing=up
M	3666	1561	minecraft:purple_shulker_box	facing=north
M	3667	1562	minecraft:purple_shulker_box	facing=south
M	3668	1563	minecraft:purple_shulker_box	facing=west
M	3669	1564	minecraft:purple_shulker_box	facing=east
M	3670	1559	minecraft:purple_shulker_box	facing=down
M	3671	1559	minecraft:purple_shulker_box	facing=down
M	3672	1559	minecraft:purple_shulker_box	facing=down
M	3673	1559	minecraft:purple_shulker_box	facing=down
M	3674	1559	minecraft:purple_shulker_box	facing=down
M	3675	1559	minecraft:purple_shulker_box	facing=down
M	3676	1559	minecraft:purple_shulker_box	facing=down
M	3677	1559	minecraft:purple_shulker_box	facing=down
M	3678	1559	minecraft:purple_shulker_box	facing=down
M	3679	1559	minecraft:purple_shulker_box	facing=down
M	3680	1565	minecraft:blue_shulker_box	facing=down
M	3681	1566	minecraft:blue_shulker_box	facing=up
M	3682	1567	minecraft:blue_shulker_box	facing=north
M	3683	1568	minecraft:blue_shulker_box	facing=south
M	3684	1569	minecraft:blue_shulker_box	facing=west
M	3685	1570	minecraft:blue_shulker_box	facing=east
M	3686	1565	minecraft:blue_shulker_box	facing=down
M	3687	1565	minecraft:blue_shulker_box	facing=down
M	3688	1565	minecraft:blue_shulker_box	facing=down
M	3689	1565	minecraft:blue_shulker_box	facing=down
M	3690	1565	minecraft:blue_shulker_box	facing=down
M	3691	1565	minecraft:blue_shulker_box	facing=down
M	3692	1565	minecraft:blue_shulker_box	facing=down
M	3693	1565	minecraft:blue_shulker_box	facing=down
M	3694	1565	minecraft:blue_shulker_box	facing=down
M	3695	1565	minecraft:blue_shulker_box	facing=down
M	3696	1571	minecraft:brown_shulker_box	facing=down
M	3697	1572	minecraft:brown_shulker_box	facing=up
M	3698	1573	minecraft:brown_shulker_box	facing=north
M	3699	1574	minecraft:brown_shulker_box	facing=south
M	3700	1575	minecraft:brown_shulker_box	facing=west
M	3701	1576	minecraft:brown_shulker_box	facing=east
M	3702	1571	minecraft:brown_shulker_box	facing=down
M	3703	1571	minecraft:brown_shulker_box	facing=down
M	3704	1571	minecraft:brown_shulker_box	facing=down
M	3705	1571	minecraft:brown_shulker_box	facing=down
M	3706	1571	minecraft:brown_shulker_box	facing=down
M	3707	1571	minecraft:brown_shulker_box	facing=down
M	3708	1571	minecraft:brown_shulker_box	facing=down
M	3709	1571	minecraft:brown_shulker_box	facing=down
M	3710	1571	minecraft:brown_shulker_box	facing=down
M	3711	1571	minecraft:brown_shulker_box	facing=down
M	3712	1577	minecraft:green_shulker_box	facing=down
M	3713	1578	minecraft:green_shulker_box	facing=up
M	3714	1579	minecraft:green_shulker_box	facing=north
M	3715	1580	minecraft:green_shulker_box	facing=south
M	3716	1581	minecraft:green_shulker_box	facing=west
M	3717	1582	minecraft:green_shulker_box	facing=east
M	3718	1577	minecraft:green_shulker_box	facing=down
M	3719	1577	minecraft:green_shulker_box	facing=down
M	3720	1577	minecraft:green_shulker_box	facing=down
M	3721	1577	minecraft:green_shulker_box	facing=down
M	3722	1577	minecraft:green_shulker_box	facing=down
M	3723	1577	minecraft:green_shulker_box	facing=down
M	3724	1577	minecraft:green_shulker_box	facing=down
M	3725	1577	minecraft:green_shulker_box	facing=down
M	3726	1577	minecraft:green_shulker_box	facing=down
M	3727	1577	minecraft:green_shulker_box	facing=down
M	3728	1583	minecraft:red_shulker_box	facing=down
M	3729	1584	minecraft:red_shulker_box	facing=up
M	3730	1585	minecraft:red_shulker_box	facing=north
M	3731	1586	minecraft:red_shulker_box	facing=south
M	3732	1587	minecraft:red_shulker_box	facing=west
M	3733	1588	minecraft:red_shulker_box	facing=east
M	3734	1583	minecraft:red_shulker_box	facing=down
M	3735	1583	minecraft:red_shulker_box	facing=down
M	3736	1583	minecraft:red_shulker_box	facing=down
M	3737	1583	minecraft:red_shulker_box	facing=down
M	3738	1583	minecraft:red_shulker_box	facing=down
M	3739	1583	minecraft:red_shulker_box	facing=down
M	3740	1583	minecraft:red_shulker_box	facing=down
M	3741	1583	minecraft:red_shulker_box	facing=down
M	3742	1583	minecraft:red_shulker_box	facing=down
M	3743	1583	minecraft:red_shulker_box	facing=down
M	3744	1589	minecraft:black_shulker_box	facing=down
M	3745	1590	minecraft:black_shulker_box	facing=up
M	3746	1591	minecraft:black_shulker_box	facing=north
M	3747	1592	minecraft:black_shulker_box	facing=south
M	3748	1593	minecraft:black_shulker_box	facing=west
M	3749	1594	minecraft:black_shulker_box	facing=east
M	3750	1589	minecraft:black_shulker_box	facing=down
M	3751	1589	minecraft:black_shulker_box	facing=down
M	3752	1589	minecraft:black_shulker_box	facing=down
M	3753	1589	minecraft:black_shulker_box	facing=down
M	3754	1589	minecraft:black_shulker_box	facing=down
M	3755	1589	minecraft:black_shulker_box	facing=down
M	3756	1589	minecraft:black_shulker_box	facing=down
M	3757	1589	minecraft:black_shulker_box	facing=down
M	3758	1589	minecraft:black_shulker_box	facing=down
M	3759	1589	minecraft:black_shulker_box	facing=down
M	3760	1595	minecraft:white_glazed_terracotta	facing=south
M	3761	1596	minecraft:white_glazed_terracotta	facing=west
M	3762	1597	minecraft:white_glazed_terracotta	facing=north
M	3763	1598	minecraft:white_glazed_terracotta	facing=east
M	3764	1595	minecraft:white_glazed_terracotta	facing=south
M	3765	1595	minecraft:white_glazed_terracotta	facing=south
M	3766	1595	minecraft:white_glazed_terracotta	facing=south
M	3767	1595	minecraft:white_glazed_terracotta	facing=south
M	3768	1595	minecraft:white_glazed_terracotta	facing=south
M	3769	1595	minecraft:white_glazed_terracotta	facing=south
M	3770	1595	minecraft:white_glazed_terracotta	facing=south
M	3771	1595	minecraft:white_glazed_terracotta	facing=south
M	3772	1595	minecraft:white_glazed_terracotta	facing=south
M	3773	1595	minecraft:white_glazed_terracotta	facing=south
M	3774	1595	minecraft:white_glazed_terracotta	facing=south
M	3775	1595	minecraft:white_glazed_terracotta	facing=south
M	3776	1599	minecraft:orange_glazed_terracotta	facing=south
M	3777	1600	minecraft:orange_glazed_terracotta	facing=west
M	3778	1601	minecraft:orange_glazed_terracotta	facing=north
M	3779	1602	minecraft:orange_glazed_terracotta	facing=east
M	3780	1599	minecraft:orange_glazed_terracotta	facing=south
M	3781	1599	minecraft:orange_glazed_terracotta	facing=south
M	3782	1599	minecraft:orange_glazed_terracotta	facing=south
M	3783	1599	minecraft:orange_glazed_terracotta	facing=south
M	3784	1599	minecraft:orange_glazed_terracotta	facing=south
M	3785	1599	minecraft:orange_glazed_terracotta	facing=south
M	3786	1599	minecraft:orange_glazed_terracotta	facing=south
M	3787	1599	minecraft:orange_glazed_terracotta	facing=south
M	3788	1599	minecraft:orange_glazed_terracotta	facing=south
M	3789	1599	minecraft:orange_glazed_terracotta	facing=south
M	3790	1599	minecraft:orange_glazed_terracotta	facing=south
M	3791	1599	minecraft:orange_glazed_terracotta	facing=south
M	3792	1603	minecraft:magenta_glazed_terracotta	facing=south
M	3793	1604	minecraft:magenta_glazed_terracotta	facing=west
M	3794	1605	minecraft:magenta_glazed_terracotta	facing=north
M	3795	1606	minecraft:magenta_glazed_terracotta	facing=east
M	3796	1603	minecraft:magenta_glazed_terracotta	facing=south
M	3797	1603	minecraft:magenta_glazed_terracotta	facing=south
M	3798	1603	minecraft:magenta_glazed_terracotta	facing=south
M	3799	1603	minecraft:magenta_glazed_terracotta	facing=south
M	3800	1603	minecraft:magenta_glazed_terracotta	facing=south
M	3801	1603	minecraft:magenta_glazed_terracotta	facing=south
M	3802	1603	minecraft:magenta_glazed_terracotta	facing=south
M	3803	1603	minecraft:magenta_glazed_terracotta	facing=south
M	3804	1603	minecraft:magenta_glazed_terracotta	facing=south
M	3805	1603	minecraft:magenta_glazed_terracotta	facing=south
M	3806	1603	minecraft:magenta_glazed_terracotta	facing=south
M	3807	1603	minecraft:magenta_glazed_terracotta	facing=south
M	3808	1607	minecraft:light_blue_glazed_terracotta	facing=south
M	3809	1608	minecraft:light_blue_glazed_terracotta	facing=west
M	3810	1609	minecraft:light_blue_glazed_terracotta	facing=north
M	3811	1610	minecraft:light_blue_glazed_terracotta	facing=east
M	3812	1607	minecraft:light_blue_glazed_terracotta	facing=south
M	3813	1607	minecraft:light_blue_glazed_terracotta	facing=south
M	3814	1607	minecraft:light_blue_glazed_terracotta	facing=south
M	3815	1607	minecraft:light_blue_glazed_terracotta	facing=south
M	3816	1607	minecraft:light_blue_glazed_terracotta	facing=south
M	3817	1607	minecraft:light_blue_glazed_terracotta	facing=south
M	3818	1607	minecraft:light_blue_glazed_terracotta	facing=south
M	3819	1607	minecraft:light_blue_glazed_terracotta	facing=south
M	3820	1607	minecraft:light_blue_glazed_terracotta	facing=south
M	3821	1607	minecraft:light_blue_glazed_terracotta	facing=south
M	3822	1607	minecraft:light_blue_glazed_terracotta	facing=south
M	3823	1607	minecraft:light_blue_glazed_terracotta	facing=south
M	3824	1611	minecraft:yellow_glazed_terracotta	facing=south
M	3825	1612	minecraft:yellow_glazed_terracotta	facing=west
M	3826	1613	minecraft:yellow_glazed_terracotta	facing=north
M	3827	1614	minecraft:yellow_glazed_terracotta	facing=east
M	3828	1611	minecraft:yellow_glazed_terracotta	facing=south
M	3829	1611	minecraft:yellow_glazed_terracotta	facing=south
M	3830	1611	minecraft:yellow_glazed_terracotta	facing=south
M	3831	1611	minecraft:yellow_glazed_terracotta	facing=south
M	3832	1611	minecraft:yellow_glazed_terracotta	facing=south
M	3833	1611	minecraft:yellow_glazed_terracotta	facing=south
M	3834	1611	minecraft:yellow_glazed_terracotta	facing=south
M	3835	1611	minecraft:yellow_glazed_terracotta	facing=south
M	3836	1611	minecraft:yellow_glazed_terracotta	facing=south
M	3837	1611	minecraft:yellow_glazed_terracotta	facing=south
M	3838	1611	minecraft:yellow_glazed_terracotta	facing=south
M	3839	1611	minecraft:yellow_glazed_terracotta	facing=south
M	3840	1615	minecraft:lime_glazed_terracotta	facing=south
M	3841	1616	minecraft:lime_glazed_terracotta	facing=west
M	3842	1617	minecraft:lime_glazed_terracotta	facing=north
M	3843	1618	minecraft:lime_glazed_terracotta	facing=east
M	3844	1615	minecraft:lime_glazed_terracotta	facing=south
M	3845	1615	minecraft:lime_glazed_terracotta	facing=south
M	3846	1615	minecraft:lime_glazed_terracotta	facing=south
M	3847	1615	minecraft:lime_glazed_terracotta	facing=south
M	3848	1615	minecraft:lime_glazed_terracotta	facing=south
M	3849	1615	minecraft:lime_glazed_terracotta	facing=south
M	3850	1615	minecraft:lime_glazed_terracotta	facing=south
M	3851	1615	minecraft:lime_glazed_terracotta	facing=south
M	3852	1615	minecraft:lime_glazed_terracotta	facing=south
M	3853	1615	minecraft:lime_glazed_terracotta	facing=south
M	3854	1615	minecraft:lime_glazed_terracotta	facing=south
M	3855	1615	minecraft:lime_glazed_terracotta	facing=south
M	3856	1619	minecraft:pink_glazed_terracotta	facing=south
M	3857	1620	minecraft:pink_glazed_terracotta	facing=west
M	3858	1621	minecraft:pink_glazed_terracotta	facing=north
M	3859	1622	minecraft:pink_glazed_terracotta	facing=east
M	3860	1619	minecraft:pink_glazed_terracotta	facing=south
M	3861	1619	minecraft:pink_glazed_terracotta	facing=south
M	3862	1619	minecraft:pink_glazed_terracotta	facing=south
M	3863	1619	minecraft:pink_glazed_terracotta	facing=south
M	3864	1619	minecraft:pink_glazed_terracotta	facing=south
M	3865	1619	minecraft:pink_glazed_terracotta	facing=south
M	3866	1619	minecraft:pink_glazed_terracotta	facing=south
M	3867	1619	minecraft:pink_glazed_terracotta	facing=south
M	3868	1619	minecraft:pink_glazed_terracotta	facing=south
M	3869	1619	minecraft:pink_glazed_terracotta	facing=south
M	3870	1619	minecraft:pink_glazed_terracotta	facing=south
M	3871	1619	minecraft:pink_glazed_terracotta	facing=south
M	3872	1623	minecraft:gray_glazed_terracotta	facing=south
M	3873	1624	minecraft:gray_glazed_terracotta	facing=west
M	3874	1625	minecraft:gray_glazed_terracotta	facing=north
M	3875	1626	minecraft:gray_glazed_terracotta	facing=east
M	3876	1623	minecraft:gray_glazed_terracotta	facing=south
M	3877	1623	minecraft:gray_glazed_terracotta	facing=south
M	3878	1623	minecraft:gray_glazed_terracotta	facing=south
M	3879	1623	minecraft:gray_glazed_terracotta	facing=south
M	3880	1623	minecraft:gray_glazed_terracotta	facing=south
M	3881	1623	minecraft:gray_glazed_terracotta	facing=south
M	3882	1623	minecraft:gray_glazed_terracotta	facing=south
M	3883	1623	minecraft:gray_glazed_terracotta	facing=south
M	3884	1623	minecraft:gray_glazed_terracotta	facing=south
M	3885	1623	minecraft:gray_glazed_terracotta	facing=south
M	3886	1623	minecraft:gray_glazed_terracotta	facing=south
M	3887	1623	minecraft:gray_glazed_terracotta	facing=south
M	3888	1627	minecraft:light_gray_glazed_terracotta	facing=south
M	3889	1628	minecraft:light_gray_glazed_terracotta	facing=west
M	3890	1629	minecraft:light_gray_glazed_terracotta	facing=north
M	3891	1630	minecraft:light_gray_glazed_terracotta	facing=east
M	3892	1627	minecraft:light_gray_glazed_terracotta	facing=south
M	3893	1627	minecraft:light_gray_glazed_terracotta	facing=south
M	3894	1627	minecraft:light_gray_glazed_terracotta	facing=south
M	3895	1627	minecraft:light_gray_glazed_terracotta	facing=south
M	3896	1627	minecraft:light_gray_glazed_terracotta	facing=south
M	3897	1627	minecraft:light_gray_glazed_terracotta	facing=south
M	3898	1627	minecraft:light_gray_glazed_terracotta	facing=south
M	3899	1627	minecraft:light_gray_glazed_terracotta	facing=south
M	3900	1627	minecraft:light_gray_glazed_terracotta	facing=south
M	3901	1627	minecraft:light_gray_glazed_terracotta	facing=south
M	3902	1627	minecraft:light_gray_glazed_terracotta	facing=south
M	3903	1627	minecraft:light_gray_glazed_terracotta	facing=south
M	3904	1631	minecraft:cyan_glazed_terracotta	facing=south
M	3905	1632	minecraft:cyan_glazed_terracotta	facing=west
M	3906	1633	minecraft:cyan_glazed_terracotta	facing=north
M	3907	1634	minecraft:cyan_glazed_terracotta	facing=east
M	3908	1631	minecraft:cyan_glazed_terracotta	facing=south
M	3909	1631	minecraft:cyan_glazed_terracotta	facing=south
M	3910	1631	minecraft:cyan_glazed_terracotta	facing=south
M	3911	1631	minecraft:cyan_glazed_terracotta	facing=south
M	3912	1631	minecraft:cyan_glazed_terracotta	facing=south
M	3913	1631	minecraft:cyan_glazed_terracotta	facing=south
M	3914	1631	minecraft:cyan_glazed_terracotta	facing=south
M	3915	1631	minecraft:cyan_glazed_terracotta	facing=south
M	3916	1631	minecraft:cyan_glazed_terracotta	facing=south
M	3917	1631	minecraft:cyan_glazed_terracotta	facing=south
M	3918	1631	minecraft:cyan_glazed_terracotta	facing=south
M	3919	1631	minecraft:cyan_glazed_terracotta	facing=south
M	3920	1635	minecraft:purple_glazed_terracotta	facing=south
M	3921	1636	minecraft:purple_glazed_terracotta	facing=west
M	3922	1637	minecraft:purple_glazed_terracotta	facing=north
M	3923	1638	minecraft:purple_glazed_terracotta	facing=east
M	3924	1635	minecraft:purple_glazed_terracotta	facing=south
M	3925	1635	minecraft:purple_glazed_terracotta	facing=south
M	3926	1635	minecraft:purple_glazed_terracotta	facing=south
M	3927	1635	minecraft:purple_glazed_terracotta	facing=south
M	3928	1635	minecraft:purple_glazed_terracotta	facing=south
M	3929	1635	minecraft:purple_glazed_terracotta	facing=south
M	3930	1635	minecraft:purple_glazed_terracotta	facing=south
M	3931	1635	minecraft:purple_glazed_terracotta	facing=south
M	3932	1635	minecraft:purple_glazed_terracotta	facing=south
M	3933	1635	minecraft:purple_glazed_terracotta	facing=south
M	3934	1635	minecraft:purple_glazed_terracotta	facing=south
M	3935	1635	minecraft:purple_glazed_terracotta	facing=south
M	3936	1639	minecraft:blue_glazed_terracotta	facing=south
M	3937	1640	minecraft:blue_glazed_terracotta	facing=west
M	3938	1641	minecraft:blue_glazed_terracotta	facing=north
M	3939	1642	minecraft:blue_glazed_terracotta	facing=east
M	3940	1639	minecraft:blue_glazed_terracotta	facing=south
M	3941	1639	minecraft:blue_glazed_terracotta	facing=south
M	3942	1639	minecraft:blue_glazed_terracotta	facing=south
M	3943	1639	minecraft:blue_glazed_terracotta	facing=south
M	3944	1639	minecraft:blue_glazed_terracotta	facing=south
M	3945	1639	minecraft:blue_glazed_terracotta	facing=south
M	3946	1639	minecraft:blue_glazed_terracotta	facing=south
M	3947	1639	minecraft:blue_glazed_terracotta	facing=south
M	3948	1639	minecraft:blue_glazed_terracotta	facing=south
M	3949	1639	minecraft:blue_glazed_terracotta	facing=south
M	3950	1639	minecraft:blue_glazed_terracotta	facing=south
M	3951	1639	minecraft:blue_glazed_terracotta	facing=south
M	3952	1643	minecraft:brown_glazed_terracotta	facing=south
M	3953	1644	minecraft:brown_glazed_terracotta	facing=west
M	3954	1645	minecraft:brown_glazed_terracotta	facing=north
M	3955	1646	minecraft:brown_glazed_terracotta	facing=east
M	3956	1643	minecraft:brown_glazed_terracotta	facing=south
M	3957	1643	minecraft:brown_glazed_terracotta	facing=south
M	3958	1643	minecraft:brown_glazed_terracotta	facing=south
M	3959	1643	minecraft:brown_glazed_terracotta	facing=south
M	3960	1643	minecraft:brown_glazed_terracotta	facing=south
M	3961	1643	minecraft:brown_glazed_terracotta	facing=south
M	3962	1643	minecraft:brown_glazed_terracotta	facing=south
M	3963	1643	minecraft:brown_glazed_terracotta	facing=south
M	3964	1643	minecraft:brown_glazed_terracotta	facing=south
M	3965	1643	minecraft:brown_glazed_terracotta	facing=south
M	3966	1643	minecraft:brown_glazed_terracotta	facing=south
M	3967	1643	minecraft:brown_glazed_terracotta	facing=south
M	3968	1647	minecraft:green_glazed_terracotta	facing=south
M	3969	1648	minecraft:green_glazed_terracotta	facing=west
M	3970	1649	minecraft:green_glazed_terracotta	facing=north
M	3971	1650	minecraft:green_glazed_terracotta	facing=east
M	3972	1647	minecraft:green_glazed_terracotta	facing=south
M	3973	1647	minecraft:green_glazed_terracotta	facing=south
M	3974	1647	minecraft:green_glazed_terracotta	facing=south
M	3975	1647	minecraft:green_glazed_terracotta	facing=south
M	3976	1647	minecraft:green_glazed_terracotta	facing=south
M	3977	1647	minecraft:green_glazed_terracotta	facing=south
M	3978	1647	minecraft:green_glazed_terracotta	facing=south
M	3979	1647	minecraft:green_glazed_terracotta	facing=south
M	3980	1647	minecraft:green_glazed_terracotta	facing=south
M	3981	1647	minecraft:green_glazed_terracotta	facing=south
M	3982	1647	minecraft:green_glazed_terracotta	facing=south
M	3983	1647	minecraft:green_glazed_terracotta	facing=south
M	3984	1651	minecraft:red_glazed_terracotta	facing=south
M	3985	1652	minecraft:red_glazed_terracotta	facing=west
M	3986	1653	minecraft:red_glazed_terracotta	facing=north
M	3987	1654	minecraft:red_glazed_terracotta	facing=east
M	3988	1651	minecraft:red_glazed_terracotta	facing=south
M	3989	1651	minecraft:red_glazed_terracotta	facing=south
M	3990	1651	minecraft:red_glazed_terracotta	facing=south
M	3991	1651	minecraft:red_glazed_terracotta	facing=south
M	3992	1651	minecraft:red_glazed_terracotta	facing=south
M	3993	1651	minecraft:red_glazed_terracotta	facing=south
M	3994	1651	minecraft:red_glazed_terracotta	facing=south
M	3995	1651	minecraft:red_glazed_terracotta	facing=south
M	3996	1651	minecraft:red_glazed_terracotta	facing=south
M	3997	1651	minecraft:red_glazed_terracotta	facing=south
M	3998	1651	minecraft:red_glazed_terracotta	facing=south
M	3999	1651	minecraft:red_glazed_terracotta	facing=south
M	4000	1655	minecraft:black_glazed_terracotta	facing=south
M	4001	1656	minecraft:black_glazed_terracotta	facing=west
M	4002	1657	minecraft:black_glazed_terracotta	facing=north
M	4003	1658	minecraft:black_glazed_terracotta	facing=east
M	4004	1655	minecraft:black_glazed_terracotta	facing=south
M	4005	1655	minecraft:black_glazed_terracotta	facing=south
M	4006	1655	minecraft:black_glazed_terracotta	facing=south
M	4007	1655	minecraft:black_glazed_terracotta	facing=south
M	4008	1655	minecraft:black_glazed_terracotta	facing=south
M	4009	1655	minecraft:black_glazed_terracotta	facing=south
M	4010	1655	minecraft:black_glazed_terracotta	facing=south
M	4011	1655	minecraft:black_glazed_terracotta	facing=south
M	4012	1655	minecraft:black_glazed_terracotta	facing=south
M	4013	1655	minecraft:black_glazed_terracotta	facing=south
M	4014	1655	minecraft:black_glazed_terracotta	facing=south
M	4015	1655	minecraft:black_glazed_terracotta	facing=south
M	4016	1659	minecraft:white_concrete	
M	4017	1660	minecraft:orange_concrete	
M	4018	1661	minecraft:magenta_concrete	
M	4019	1662	minecraft:light_blue_concrete	
M	4020	1663	minecraft:yellow_concrete	
M	4021	1664	minecraft:lime_concrete	
M	4022	1665	minecraft:pink_concrete	
M	4023	1666	minecraft:gray_concrete	
M	4024	1667	minecraft:light_gray_concrete	
M	4025	1668	minecraft:cyan_concrete	
M	4026	1669	minecraft:purple_concrete	
M	4027	1670	minecraft:blue_concrete	
M	4028	1671	minecraft:brown_concrete	
M	4029	1672	minecraft:green_concrete	
M	4030	1673	minecraft:red_concrete	
M	4031	1674	minecraft:black_concrete	
M	4032	1675	minecraft:white_concrete_powder	
M	4033	1676	minecraft:orange_concrete_powder	
M	4034	1677	minecraft:magenta_concrete_powder	
M	4035	1678	minecraft:light_blue_concrete_powder	
M	4036	1679	minecraft:yellow_concrete_powder	
M	4037	1680	minecraft:lime_concrete_powder	
M	4038	1681	minecraft:pink_concrete_powder	
M	4039	1682	minecraft:gray_concrete_powder	
M	4040	1683	minecraft:light_gray_concrete_powder	
M	4041	1684	minecraft:cyan_concrete_powder	
M	4042	1685	minecraft:purple_concrete_powder	
M	4043	1686	minecraft:blue_concrete_powder	
M	4044	1687	minecraft:brown_concrete_powder	
M	4045	1688	minecraft:green_concrete_powder	
M	4046	1689	minecraft:red_concrete_powder	
M	4047	1690	minecraft:black_concrete_powder	
M	4048	-1	-	
M	4049	-1	-	
M	4050	-1	-	
M	4051	-1	-	
M	4052	-1	-	
M	4053	-1	-	
M	4054	-1	-	
M	4055	-1	-	
M	4056	-1	-	
M	4057	-1	-	
M	4058	-1	-	
M	4059	-1	-	
M	4060	-1	-	
M	4061	-1	-	
M	4062	-1	-	
M	4063	-1	-	
M	4064	-1	-	
M	4065	-1	-	
M	4066	-1	-	
M	4067	-1	-	
M	4068	-1	-	
M	4069	-1	-	
M	4070	-1	-	
M	4071	-1	-	
M	4072	-1	-	
M	4073	-1	-	
M	4074	-1	-	
M	4075	-1	-	
M	4076	-1	-	
M	4077	-1	-	
M	4078	-1	-	
M	4079	-1	-	
M	4080	1691	minecraft:structure_block	mode=save
M	4081	1692	minecraft:structure_block	mode=load
M	4082	1693	minecraft:structure_block	mode=corner
M	4083	1694	minecraft:structure_block	mode=data
M	4084	1691	minecraft:structure_block	mode=save
M	4085	1691	minecraft:structure_block	mode=save
M	4086	1691	minecraft:structure_block	mode=save
M	4087	1691	minecraft:structure_block	mode=save
M	4088	1691	minecraft:structure_block	mode=save
M	4089	1691	minecraft:structure_block	mode=save
M	4090	1691	minecraft:structure_block	mode=save
M	4091	1691	minecraft:structure_block	mode=save
M	4092	1691	minecraft:structure_block	mode=save
M	4093	1691	minecraft:structure_block	mode=save
M	4094	1691	minecraft:structure_block	mode=save
M	4095	1691	minecraft:structure_block	mode=save
O	minecraft:acacia_door	facing=east,half=lower,hinge=left,open=false,powered=false	3136
O	minecraft:acacia_door	facing=east,half=lower,hinge=left,open=false,powered=true	3136
O	minecraft:acacia_door	facing=east,half=lower,hinge=left,open=true,powered=false	3140
O	minecraft:acacia_door	facing=east,half=lower,hinge=left,open=true,powered=true	3140
O	minecraft:acacia_door	facing=east,half=lower,hinge=right,open=false,powered=false	3136
O	minecraft:acacia_door	facing=east,half=lower,hinge=right,open=false,powered=true	3136
O	minecraft:acacia_door	facing=east,half=lower,hinge=right,open=true,powered=false	3140
O	minecraft:acacia_door	facing=east,half=lower,hinge=right,open=true,powered=true	3140
O	minecraft:acacia_door	facing=east,half=upper,hinge=left,open=false,powered=false	3144
O	minecraft:acacia_door	facing=east,half=upper,hinge=left,open=false,powered=true	3146
O	minecraft:acacia_door	facing=east,half=upper,hinge=left,open=true,powered=false	3144
O	minecraft:acacia_door	facing=east,half=upper,hinge=left,open=true,powered=true	3146
O	minecraft:acacia_door	facing=east,half=upper,hinge=right,open=false,powered=false	3145
O	minecraft:acacia_door	facing=east,half=upper,hinge=right,open=false,powered=true	3147
O	minecraft:acacia_door	facing=east,half=upper,hinge=right,open=true,powered=false	3145
O	minecraft:acacia_door	facing=east,half=upper,hinge=right,open=true,powered=true	3147
O	minecraft:acacia_door	facing=north,half=lower,hinge=left,open=false,powered=false	3139
O	minecraft:acacia_door	facing=north,half=lower,hinge=left,open=false,powered=true	3139
O	minecraft:acacia_door	facing=north,half=lower,hinge=left,open=true,powered=false	3143
O	minecraft:acacia_door	facing=north,half=lower,hinge=left,open=true,powered=true	3143
O	minecraft:acacia_door	facing=north,half=lower,hinge=right,open=false,powered=false	3139
O	minecraft:acacia_door	facing=north,half=lower,hinge=right,open=false,powered=true	3139
O	minecraft:acacia_door	facing=north,half=lower,hinge=right,open=true,powered=false	3143
O	minecraft:acacia_door	facing=north,half=lower,hinge=right,open=true,powered=true	3143
O	minecraft:acacia_door	facing=north,half=upper,hinge=left,open=false,powered=false	3144
O	minecraft:acacia_door	facing=north,half=upper,hinge=left,open=false,powered=true	3146
O	minecraft:acacia_door	facing=north,half=upper,hinge=left,open=true,powered=false	3144
O	minecraft:acacia_door	facing=north,half=upper,hinge=left,open=true,powered=true	3146
O	minecraft:acacia_door	facing=north,half=upper,hinge=right,open=false,powered=false	3145
O	minecraft:acacia_door	facing=north,half=upper,hinge=right,open=false,powered=true	3147
O	minecraft:acacia_door	facing=north,half=upper,hinge=right,open=true,powered=false	3145
O	minecraft:acacia_door	facing=north,half=upper,hinge=right,open=true,powered=true	3147
O	minecraft:acacia_door	facing=south,half=lower,hinge=left,open=false,powered=false	3137
O	minecraft:acacia_door	facing=south,half=lower,hinge=left,open=false,powered=true	3137
O	minecraft:acacia_door	facing=south,half=lower,hinge=left,open=true,powered=false	3141
O	minecraft:acacia_door	facing=south,half=lower,hinge=left,open=true,powered=true	3141
O	minecraft:acacia_door	facing=south,half=lower,hinge=right,open=false,powered=false	3137
O	minecraft:acacia_door	facing=south,half=lower,hinge=right,open=false,powered=true	3137
O	minecraft:acacia_door	facing=south,half=lower,hinge=right,open=true,powered=false	3141
O	minecraft:acacia_door	facing=south,half=lower,hinge=right,open=true,powered=true	3141
O	minecraft:acacia_door	facing=south,half=upper,hinge=left,open=false,powered=false	3144
O	minecraft:acacia_door	facing=south,half=upper,hinge=left,open=false,powered=true	3146
O	minecraft:acacia_door	facing=south,half=upper,hinge=left,open=true,powered=false	3144
O	minecraft:acacia_door	facing=south,half=upper,hinge=left,open=true,powered=true	3146
O	minecraft:acacia_door	facing=south,half=upper,hinge=right,open=false,powered=false	3145
O	minecraft:acacia_door	facing=south,half=upper,hinge=right,open=false,powered=true	3147
O	minecraft:acacia_door	facing=south,half=upper,hinge=right,open=true,powered=false	3145
O	minecraft:acacia_door	facing=south,half=upper,hinge=right,open=true,powered=true	3147
O	minecraft:acacia_door	facing=west,half=lower,hinge=left,open=false,powered=false	3138
O	minecraft:acacia_door	facing=west,half=lower,hinge=left,open=false,powered=true	3138
O	minecraft:acacia_door	facing=west,half=lower,hinge=left,open=true,powered=false	3142
O	minecraft:acacia_door	facing=west,half=lower,hinge=left,open=true,powered=true	3142
O	minecraft:acacia_door	facing=west,half=lower,hinge=right,open=false,powered=false	3138
O	minecraft:acacia_door	facing=west,half=lower,hinge=right,open=false,powered=true	3138
O	minecraft:acacia_door	facing=west,half=lower,hinge=right,open=true,powered=false	3142
O	minecraft:acacia_door	facing=west,half=lower,hinge=right,open=true,powered=true	3142
O	minecraft:acacia_door	facing=west,half=upper,hinge=left,open=false,powered=false	3144
O	minecraft:acacia_door	facing=west,half=upper,hinge=left,open=false,powered=true	3146
O	minecraft:acacia_door	facing=west,half=upper,hinge=left,open=true,powered=false	3144
O	minecraft:acacia_door	facing=west,half=upper,hinge=left,open=true,powered=true	3146
O	minecraft:acacia_door	facing=west,half=upper,hinge=right,open=false,powered=false	3145
O	minecraft:acacia_door	facing=west,half=upper,hinge=right,open=false,powered=true	3147
O	minecraft:acacia_door	facing=west,half=upper,hinge=right,open=true,powered=false	3145
O	minecraft:acacia_door	facing=west,half=upper,hinge=right,open=true,powered=true	3147
O	minecraft:acacia_fence	east=false,north=false,south=false,west=false	3072
O	minecraft:acacia_fence	east=false,north=false,south=false,west=true	3072
O	minecraft:acacia_fence	east=false,north=false,south=true,west=false	3072
O	minecraft:acacia_fence	east=false,north=false,south=true,west=true	3072
O	minecraft:acacia_fence	east=false,north=true,south=false,west=false	3072
O	minecraft:acacia_fence	east=false,north=true,south=false,west=true	3072
O	minecraft:acacia_fence	east=false,north=true,south=true,west=false	3072
O	minecraft:acacia_fence	east=false,north=true,south=true,west=true	3072
O	minecraft:acacia_fence	east=true,north=false,south=false,west=false	3072
O	minecraft:acacia_fence	east=true,north=false,south=false,west=true	3072
O	minecraft:acacia_fence	east=true,north=false,south=true,west=false	3072
O	minecraft:acacia_fence	east=true,north=false,south=true,west=true	3072
O	minecraft:acacia_fence	east=true,north=true,south=false,west=false	3072
O	minecraft:acacia_fence	east=true,north=true,south=false,west=true	3072
O	minecraft:acacia_fence	east=true,north=true,south=true,west=false	3072
O	minecraft:acacia_fence	east=true,north=true,south=true,west=true	3072
O	minecraft:acacia_fence_gate	facing=east,in_wall=false,open=false,powered=false	2995
O	minecraft:acacia_fence_gate	facing=east,in_wall=false,open=false,powered=true	3003
O	minecraft:acacia_fence_gate	facing=east,in_wall=false,open=true,powered=false	2999
O	minecraft:acacia_fence_gate	facing=east,in_wall=false,open=true,powered=true	3007
O	minecraft:acacia_fence_gate	facing=east,in_wall=true,open=false,powered=false	2995
O	minecraft:acacia_fence_gate	facing=east,in_wall=true,open=false,powered=true	3003
O	minecraft:acacia_fence_gate	facing=east,in_wall=true,open=true,powered=false	2999
O	minecraft:acacia_fence_gate	facing=east,in_wall=true,open=true,powered=true	3007
O	minecraft:acacia_fence_gate	facing=north,in_wall=false,open=false,powered=false	2994
O	minecraft:acacia_fence_gate	facing=north,in_wall=false,open=false,powered=true	3002
O	minecraft:acacia_fence_gate	facing=north,in_wall=false,open=true,powered=false	2998
O	minecraft:acacia_fence_gate	facing=north,in_wall=false,open=true,powered=true	3006
O	minecraft:acacia_fence_gate	facing=north,in_wall=true,open=false,powered=false	2994
O	minecraft:acacia_fence_gate	facing=north,in_wall=true,open=false,powered=true	3002
O	minecraft:acacia_fence_gate	facing=north,in_wall=true,open=true,powered=false	2998
O	minecraft:acacia_fence_gate	facing=north,in_wall=true,open=true,powered=true	3006
O	minecraft:acacia_fence_gate	facing=south,in_wall=false,open=false,powered=false	2992
O	minecraft:acacia_fence_gate	facing=south,in_wall=false,open=false,powered=true	3000
O	minecraft:acacia_fence_gate	facing=south,in_wall=false,open=true,powered=false	2996
O	minecraft:acacia_fence_gate	facing=south,in_wall=false,open=true,powered=true	3004
O	minecraft:acacia_fence_gate	facing=south,in_wall=true,open=false,powered=false	2992
O	minecraft:acacia_fence_gate	facing=south,in_wall=true,open=false,powered=true	3000
O	minecraft:acacia_fence_gate	facing=south,in_wall=true,open=true,powered=false	2996
O	minecraft:acacia_fence_gate	facing=south,in_wall=true,open=true,powered=true	3004
O	minecraft:acacia_fence_gate	facing=west,in_wall=false,open=false,powered=false	2993
O	minecraft:acacia_fence_gate	facing=west,in_wall=false,open=false,powered=true	3001
O	minecraft:acacia_fence_gate	facing=west,in_wall=false,open=true,powered=false	2997
O	minecraft:acacia_fence_gate	facing=west,in_wall=false,open=true,powered=true	3005
O	minecraft:acacia_fence_gate	facing=west,in_wall=true,open=false,powered=false	2993
O	minecraft:acacia_fence_gate	facing=west,in_wall=true,open=false,powered=true	3001
O	minecraft:acacia_fence_gate	facing=west,in_wall=true,open=true,powered=false	2997
O	minecraft:acacia_fence_gate	facing=west,in_wall=true,open=true,powered=true	3005
O	minecraft:acacia_stairs	facing=east,half=bottom,shape=inner_left	2608
O	minecraft:acacia_stairs	facing=east,half=bottom,shape=inner_right	2608
O	minecraft:acacia_stairs	facing=east,half=bottom,shape=outer_left	2608
O	minecraft:acacia_stairs	facing=east,half=bottom,shape=outer_right	2608
O	minecraft:acacia_stairs	facing=east,half=bottom,shape=straight	2608
O	minecraft:acacia_stairs	facing=east,half=top,shape=inner_left	2612
O	minecraft:acacia_stairs	facing=east,half=top,shape=inner_right	2612
O	minecraft:acacia_stairs	facing=east,half=top,shape=outer_left	2612
O	minecraft:acacia_stairs	facing=east,half=top,shape=outer_right	2612
O	minecraft:acacia_stairs	facing=east,half=top,shape=straight	2612
O	minecraft:acacia_stairs	facing=north,half=bottom,shape=inner_left	2611
O	minecraft:acacia_stairs	facing=north,half=bottom,shape=inner_right	2611
O	minecraft:acacia_stairs	facing=north,half=bottom,shape=outer_left	2611
O	minecraft:acacia_stairs	facing=north,half=bottom,shape=outer_right	2611
O	minecraft:acacia_stairs	facing=north,half=bottom,shape=straight	2611
O	minecraft:acacia_stairs	facing=north,half=top,shape=inner_left	2615
O	minecraft:acacia_stairs	facing=north,half=top,shape=inner_right	2615
O	minecraft:acacia_stairs	facing=north,half=top,shape=outer_left	2615
O	minecraft:acacia_stairs	facing=north,half=top,shape=outer_right	2615
O	minecraft:acacia_stairs	facing=north,half=top,shape=straight	2615
O	minecraft:acacia_stairs	facing=south,half=bottom,shape=inner_left	2610
O	minecraft:acacia_stairs	facing=south,half=bottom,shape=inner_right	2610
O	minecraft:acacia_stairs	facing=south,half=bottom,shape=outer_left	2610
O	minecraft:acacia_stairs	facing=south,half=bottom,shape=outer_right	2610
O	minecraft:acacia_stairs	facing=south,half=bottom,shape=straight	2610
O	minecraft:acacia_stairs	facing=south,half=top,shape=inner_left	2614
O	minecraft:acacia_stairs	facing=south,half=top,shape=inner_right	2614
O	minecraft:acacia_stairs	facing=south,half=top,shape=outer_left	2614
O	minecraft:acacia_stairs	facing=south,half=top,shape=outer_right	2614
O	minecraft:acacia_stairs	facing=south,half=top,shape=straight	2614
O	minecraft:acacia_stairs	facing=west,half=bottom,shape=inner_left	2609
O	minecraft:acacia_stairs	facing=west,half=bottom,shape=inner_right	2609
O	minecraft:acacia_stairs	facing=west,half=bottom,shape=outer_left	2609
O	minecraft:acacia_stairs	facing=west,half=bottom,shape=outer_right	2609
O	minecraft:acacia_stairs	facing=west,half=bottom,shape=straight	2609
O	minecraft:acacia_stairs	facing=west,half=top,shape=inner_left	2613
O	minecraft:acacia_stairs	facing=west,half=top,shape=inner_right	2613
O	minecraft:acacia_stairs	facing=west,half=top,shape=outer_left	2613
O	minecraft:acacia_stairs	facing=west,half=top,shape=outer_right	2613
O	minecraft:acacia_stairs	facing=west,half=top,shape=straight	2613
O	minecraft:activator_rail	powered=false,shape=ascending_east	2514
O	minecraft:activator_rail	powered=false,shape=ascending_north	2516
O	minecraft:activator_rail	powered=false,shape=ascending_south	2517
O	minecraft:activator_rail	powered=false,shape=ascending_west	2515
O	minecraft:activator_rail	powered=false,shape=east_west	2513
O	minecraft:activator_rail	powered=false,shape=north_south	2512
O	minecraft:activator_rail	powered=true,shape=ascending_east	2522
O	minecraft:activator_rail	powered=true,shape=ascending_north	2524
O	minecraft:activator_rail	powered=true,shape=ascending_south	2525
O	minecraft:activator_rail	powered=true,shape=ascending_west	2523
O	minecraft:activator_rail	powered=true,shape=east_west	2521
O	minecraft:activator_rail	powered=true,shape=north_south	2520
O	minecraft:air		0
O	minecraft:anvil	damage=0,facing=east	2323
O	minecraft:anvil	damage=0,facing=north	2322
O	minecraft:anvil	damage=0,facing=south	2320
O	minecraft:anvil	damage=0,facing=west	2321
O	minecraft:anvil	damage=1,facing=east	2327
O	minecraft:anvil	damage=1,facing=north	2326
O	minecraft:anvil	damage=1,facing=south	2324
O	minecraft:anvil	damage=1,facing=west	2325
O	minecraft:anvil	damage=2,facing=east	2331
O	minecraft:anvil	damage=2,facing=north	2330
O	minecraft:anvil	damage=2,facing=south	2328
O	minecraft:anvil	damage=2,facing=west	2329
O	minecraft:barrier		2656
O	minecraft:beacon		2208
O	minecraft:bed	facing=east,occupied=false,part=foot	419
O	minecraft:bed	facing=east,occupied=false,part=head	427
O	minecraft:bed	facing=east,occupied=true,part=foot	419
O	minecraft:bed	facing=east,occupied=true,part=head	431
O	minecraft:bed	facing=north,occupied=false,part=foot	418
O	minecraft:bed	facing=north,occupied=false,part=head	426
O	minecraft:bed	facing=north,occupied=true,part=foot	418
O	minecraft:bed	facing=north,occupied=true,part=head	430
O	minecraft:bed	facing=south,occupied=false,part=foot	416
O	minecraft:bed	facing=south,occupied=false,part=head	424
O	minecraft:bed	facing=south,occupied=true,part=foot	416
O	minecraft:bed	facing=south,occupied=true,part=head	428
O	minecraft:bed	facing=west,occupied=false,part=foot	417
O	minecraft:bed	facing=west,occupied=false,part=head	425
O	minecraft:bed	facing=west,occupied=true,part=foot	417
O	minecraft:bed	facing=west,occupied=true,part=head	429
O	minecraft:bedrock		112
O	minecraft:beetroots	age=0	3312
O	minecraft:beetroots	age=1	3313
O	minecraft:beetroots	age=2	3314
O	minecraft:beetroots	age=3	3315
O	minecraft:birch_door	facing=east,half=lower,hinge=left,open=false,powered=false	3104
O	minecraft:birch_door	facing=east,half=lower,hinge=left,open=false,powered=true	3104
O	minecraft:birch_door	facing=east,half=lower,hinge=left,open=true,powered=false	3108
O	minecraft:birch_door	facing=east,half=lower,hinge=left,open=true,powered=true	3108
O	minecraft:birch_door	facing=east,half=lower,hinge=right,open=false,powered=false	3104
O	minecraft:birch_door	facing=east,half=lower,hinge=right,open=false,powered=true	3104
O	minecraft:birch_door	facing=east,half=lower,hinge=right,open=true,powered=false	3108
O	minecraft:birch_door	facing=east,half=lower,hinge=right,open=true,powered=true	3108
O	minecraft:birch_door	facing=east,half=upper,hinge=left,open=false,powered=false	3112
O	minecraft:birch_door	facing=east,half=upper,hinge=left,open=false,powered=true	3114
O	minecraft:birch_door	facing=east,half=upper,hinge=left,open=true,powered=false	3112
O	minecraft:birch_door	facing=east,half=upper,hinge=left,open=true,powered=true	3114
O	minecraft:birch_door	facing=east,half=upper,hinge=right,open=false,powered=false	3113
O	minecraft:birch_door	facing=east,half=upper,hinge=right,open=false,powered=true	3115
O	minecraft:birch_door	facing=east,half=upper,hinge=right,open=true,powered=false	3113
O	minecraft:birch_door	facing=east,half=upper,hinge=right,open=true,powered=true	3115
O	minecraft:birch_door	facing=north,half=lower,hinge=left,open=false,powered=false	3107
O	minecraft:birch_door	facing=north,half=lower,hinge=left,open=false,powered=true	3107
O	minecraft:birch_door	facing=north,half=lower,hinge=left,open=true,powered=false	3111
O	minecraft:birch_door	facing=north,half=lower,hinge=left,open=true,powered=true	3111
O	minecraft:birch_door	facing=north,half=lower,hinge=right,open=false,powered=false	3107
O	minecraft:birch_door	facing=north,half=lower,hinge=right,open=false,powered=true	3107
O	minecraft:birch_door	facing=north,half=lower,hinge=right,open=true,powered=false	3111
O	minecraft:birch_door	facing=north,half=lower,hinge=right,open=true,powered=true	3111
O	minecraft:birch_door	facing=north,half=upper,hinge=left,open=false,powered=false	3112
O	minecraft:birch_door	facing=north,half=upper,hinge=left,open=false,powered=true	3114
O	minecraft:birch_door	facing=north,half=upper,hinge=left,open=true,powered=false	3112
O	minecraft:birch_door	facing=north,half=upper,hinge=left,open=true,powered=true	3114
O	minecraft:birch_door	facing=north,half=upper,hinge=right,open=false,powered=false	3113
O	minecraft:birch_door	facing=north,half=upper,hinge=right,open=false,powered=true	3115
O	minecraft:birch_door	facing=north,half=upper,hinge=right,open=true,powered=false	3113
O	minecraft:birch_door	facing=north,half=upper,hinge=right,open=true,powered=true	3115
O	minecraft:birch_door	facing=south,half=lower,hinge=left,open=false,powered=false	3105
O	minecraft:birch_door	facing=south,half=lower,hinge=left,open=false,powered=true	3105
O	minecraft:birch_door	facing=south,half=lower,hinge=left,open=true,powered=false	3109
O	minecraft:birch_door	facing=south,half=lower,hinge=left,open=true,powered=true	3109
O	minecraft:birch_door	facing=south,half=lower,hinge=right,open=false,powered=false	3105
O	minecraft:birch_door	facing=south,half=lower,hinge=right,open=false,powered=true	3105
O	minecraft:birch_door	facing=south,half=lower,hinge=right,open=true,powered=false	3109
O	minecraft:birch_door	facing=south,half=lower,hinge=right,open=true,powered=true	3109
O	minecraft:birch_door	facing=south,half=upper,hinge=left,open=false,powered=false	3112
O	minecraft:birch_door	facing=south,half=upper,hinge=left,open=false,powered=true	3114
O	minecraft:birch_door	facing=south,half=upper,hinge=left,open=true,powered=false	3112
O	minecraft:birch_door	facing=south,half=upper,hinge=left,open=true,powered=true	3114
O	minecraft:birch_door	facing=south,half=upper,hinge=right,open=false,powered=false	3113
O	minecraft:birch_door	facing=south,half=upper,hinge=right,open=false,powered=true	3115
O	minecraft:birch_door	facing=south,half=upper,hinge=right,open=true,powered=false	3113
O	minecraft:birch_door	facing=south,half=upper,hinge=right,open=true,powered=true	3115
O	minecraft:birch_door	facing=west,half=lower,hinge=left,open=false,powered=false	3106
O	minecraft:birch_door	facing=west,half=lower,hinge=left,open=false,powered=true	3106
O	minecraft:birch_door	facing=west,half=lower,hinge=left,open=true,powered=false	3110
O	minecraft:birch_door	facing=west,half=lower,hinge=left,open=true,powered=true	3110
O	minecraft:birch_door	facing=west,half=lower,hinge=right,open=false,powered=false	3106
O	minecraft:birch_door	facing=west,half=lower,hinge=right,open=false,powered=true	3106
O	minecraft:birch_door	facing=west,half=lower,hinge=right,open=true,powered=false	3110
O	minecraft:birch_door	facing=west,half=lower,hinge=right,open=true,powered=true	3110
O	minecraft:birch_door	facing=west,half=upper,hinge=left,open=false,powered=false	3112
O	minecraft:birch_door	facing=west,half=upper,hinge=left,open=false,powered=true	3114
O	minecraft:birch_door	facing=west,half=upper,hinge=left,open=true,powered=false	3112
O	minecraft:birch_door	facing=west,half=upper,hinge=left,open=true,powered=true	3114
O	minecraft:birch_door	facing=west,half=upper,hinge=right,open=false,powered=false	3113
O	minecraft:birch_door	facing=west,half=upper,hinge=right,open=false,powered=true	3115
O	minecraft:birch_door	facing=west,half=upper,hinge=right,open=true,powered=false	3113
O	minecraft:birch_door	facing=west,half=upper,hinge=right,open=true,powered=true	3115
O	minecraft:birch_fence	east=false,north=false,south=false,west=false	3024
O	minecraft:birch_fence	east=false,north=false,south=false,west=true	3024
O	minecraft:birch_fence	east=false,north=false,south=true,west=false	3024
O	minecraft:birch_fence	east=false,north=false,south=true,west=true	3024
O	minecraft:birch_fence	east=false,north=true,south=false,west=false	3024
O	minecraft:birch_fence	east=false,north=true,south=false,west=true	3024
O	minecraft:birch_fence	east=false,north=true,south=true,west=false	3024
O	minecraft:birch_fence	east=false,north=true,south=true,west=true	3024
O	minecraft:birch_fence	east=true,north=false,south=false,west=false	3024
O	minecraft:birch_fence	east=true,north=false,south=false,west=true	3024
O	minecraft:birch_fence	east=true,north=false,south=true,west=false	3024
O	minecraft:birch_fence	east=true,north=false,south=true,west=true	3024
O	minecraft:birch_fence	east=true,north=true,south=false,west=false	3024
O	minecraft:birch_fence	east=true,north=true,south=false,west=true	3024
O	minecraft:birch_fence	east=true,north=true,south=true,west=false	3024
O	minecraft:birch_fence	east=true,north=true,south=true,west=true	3024
O	minecraft:birch_fence_gate	facing=east,in_wall=false,open=false,powered=false	2947
O	minecraft:birch_fence_gate	facing=east,in_wall=false,open=false,powered=true	2955
O	minecraft:birch_fence_gate	facing=east,in_wall=false,open=true,powered=false	2951
O	minecraft:birch_fence_gate	facing=east,in_wall=false,open=true,powered=true	2959
O	minecraft:birch_fence_gate	facing=east,in_wall=true,open=false,powered=false	2947
O	minecraft:birch_fence_gate	facing=east,in_wall=true,open=false,powered=true	2955
O	minecraft:birch_fence_gate	facing=east,in_wall=true,open=true,powered=false	2951
O	minecraft:birch_fence_gate	facing=east,in_wall=true,open=true,powered=true	2959
O	minecraft:birch_fence_gate	facing=north,in_wall=false,open=false,powered=false	2946
O	minecraft:birch_fence_gate	facing=north,in_wall=false,open=false,powered=true	2954
O	minecraft:birch_fence_gate	facing=north,in_wall=false,open=true,powered=false	2950
O	minecraft:birch_fence_gate	facing=north,in_wall=false,open=true,powered=true	2958
O	minecraft:birch_fence_gate	facing=north,in_wall=true,open=false,powered=false	2946
O	minecraft:birch_fence_gate	facing=north,in_wall=true,open=false,powered=true	2954
O	minecraft:birch_fence_gate	facing=north,in_wall=true,open=true,powered=false	2950
O	minecraft:birch_fence_gate	facing=north,in_wall=true,open=true,powered=true	2958
O	minecraft:birch_fence_gate	facing=south,in_wall=false,open=false,powered=false	2944
O	minecraft:birch_fence_gate	facing=south,in_wall=false,open=false,powered=true	2952
O	minecraft:birch_fence_gate	facing=south,in_wall=false,open=true,powered=false	2948
O	minecraft:birch_fence_gate	facing=south,in_wall=false,open=true,powered=true	2956
O	minecraft:birch_fence_gate	facing=south,in_wall=true,open=false,powered=false	2944
O	minecraft:birch_fence_gate	facing=south,in_wall=true,open=false,powered=true	2952
O	minecraft:birch_fence_gate	facing=south,in_wall=true,open=true,powered=false	2948
O	minecraft:birch_fence_gate	facing=south,in_wall=true,open=true,powered=true	2956
O	minecraft:birch_fence_gate	facing=west,in_wall=false,open=false,powered=false	2945
O	minecraft:birch_fence_gate	facing=west,in_wall=false,open=false,powered=true	2953
O	minecraft:birch_fence_gate	facing=west,in_wall=false,open=true,powered=false	2949
O	minecraft:birch_fence_gate	facing=west,in_wall=false,open=true,powered=true	2957
O	minecraft:birch_fence_gate	facing=west,in_wall=true,open=false,powered=false	2945
O	minecraft:birch_fence_gate	facing=west,in_wall=true,open=false,powered=true	2953
O	minecraft:birch_fence_gate	facing=west,in_wall=true,open=true,powered=false	2949
O	minecraft:birch_fence_gate	facing=west,in_wall=true,open=true,powered=true	2957
O	minecraft:birch_stairs	facing=east,half=bottom,shape=inner_left	2160
O	minecraft:birch_stairs	facing=east,half=bottom,shape=inner_right	2160
O	minecraft:birch_stairs	facing=east,half=bottom,shape=outer_left	2160
O	minecraft:birch_stairs	facing=east,half=bottom,shape=outer_right	2160
O	minecraft:birch_stairs	facing=east,half=bottom,shape=straight	2160
O	minecraft:birch_stairs	facing=east,half=top,shape=inner_left	2164
O	minecraft:birch_stairs	facing=east,half=top,shape=inner_right	2164
O	minecraft:birch_stairs	facing=east,half=top,shape=outer_left	2164
O	minecraft:birch_stairs	facing=east,half=top,shape=outer_right	2164
O	minecraft:birch_stairs	facing=east,half=top,shape=straight	2164
O	minecraft:birch_stairs	facing=north,half=bottom,shape=inner_left	2163
O	minecraft:birch_stairs	facing=north,half=bottom,shape=inner_right	2163
O	minecraft:birch_stairs	facing=north,half=bottom,shape=outer_left	2163
O	minecraft:birch_stairs	facing=north,half=bottom,shape=outer_right	2163
O	minecraft:birch_stairs	facing=north,half=bottom,shape=straight	2163
O	minecraft:birch_stairs	facing=north,half=top,shape=inner_left	2167
O	minecraft:birch_stairs	facing=north,half=top,shape=inner_right	2167
O	minecraft:birch_stairs	facing=north,half=top,shape=outer_left	2167
O	minecraft:birch_stairs	facing=north,half=top,shape=outer_right	2167
O	minecraft:birch_stairs	facing=north,half=top,shape=straight	2167
O	minecraft:birch_stairs	facing=south,half=bottom,shape=inner_left	2162
O	minecraft:birch_stairs	facing=south,half=bottom,shape=inner_right	2162
O	minecraft:birch_stairs	facing=south,half=bottom,shape=outer_left	2162
O	minecraft:birch_stairs	facing=south,half=bottom,shape=outer_right	2162
O	minecraft:birch_stairs	facing=south,half=bottom,shape=straight	2162
O	minecraft:birch_stairs	facing=south,half=top,shape=inner_left	2166
O	minecraft:birch_stairs	facing=south,half=top,shape=inner_right	2166
O	minecraft:birch_stairs	facing=south,half=top,shape=outer_left	2166
O	minecraft:birch_stairs	facing=south,half=top,shape=outer_right	2166
O	minecraft:birch_stairs	facing=south,half=top,shape=straight	2166
O	minecraft:birch_stairs	facing=west,half=bottom,shape=inner_left	2161
O	minecraft:birch_stairs	facing=west,half=bottom,shape=inner_right	2161
O	minecraft:birch_stairs	facing=west,half=bottom,shape=outer_left	2161
O	minecraft:birch_stairs	facing=west,half=bottom,shape=outer_right	2161
O	minecraft:birch_stairs	facing=west,half=bottom,shape=straight	2161
O	minecraft:birch_stairs	facing=west,half=top,shape=inner_left	2165
O	minecraft:birch_stairs	facing=west,half=top,shape=inner_right	2165
O	minecraft:birch_stairs	facing=west,half=top,shape=outer_left	2165
O	minecraft:birch_stairs	facing=west,half=top,shape=outer_right	2165
O	minecraft:birch_stairs	facing=west,half=top,shape=straight	2165
O	minecraft:black_glazed_terracotta	facing=east	4003
O	minecraft:black_glazed_terracotta	facing=north	4002
O	minecraft:black_glazed_terracotta	facing=south	4000
O	minecraft:black_glazed_terracotta	facing=west	4001
O	minecraft:black_shulker_box	facing=down	3744
O	minecraft:black_shulker_box	facing=east	3749
O	minecraft:black_shulker_box	facing=north	3746
O	minecraft:black_shulker_box	facing=south	3747
O	minecraft:black_shulker_box	facing=up	3745
O	minecraft:black_shulker_box	facing=west	3748
O	minecraft:blue_glazed_terracotta	facing=east	3939
O	minecraft:blue_glazed_terracotta	facing=north	3938
O	minecraft:blue_glazed_terracotta	facing=south	3936
O	minecraft:blue_glazed_terracotta	facing=west	3937
O	minecraft:blue_shulker_box	facing=down	3680
O	minecraft:blue_shulker_box	facing=east	3685
O	minecraft:blue_shulker_box	facing=north	3682
O	minecraft:blue_shulker_box	facing=south	3683
O	minecraft:blue_shulker_box	facing=up	3681
O	minecraft:blue_shulker_box	facing=west	3684
O	minecraft:bone_block	axis=x	3460
O	minecraft:bone_block	axis=y	3456
O	minecraft:bone_block	axis=z	3464
O	minecraft:bookshelf		752
O	minecraft:brewing_stand	has_bottle_0=false,has_bottle_1=false,has_bottle_2=false	1872
O	minecraft:brewing_stand	has_bottle_0=false,has_bottle_1=false,has_bottle_2=true	1876
O	minecraft:brewing_stand	has_bottle_0=false,has_bottle_1=true,has_bottle_2=false	1874
O	minecraft:brewing_stand	has_bottle_0=false,has_bottle_1=true,has_bottle_2=true	1878
O	minecraft:brewing_stand	has_bottle_0=true,has_bottle_1=false,has_bottle_2=false	1873
O	minecraft:brewing_stand	has_bottle_0=true,has_bottle_1=false,has_bottle_2=true	1877
O	minecraft:brewing_stand	has_bottle_0=true,has_bottle_1=true,has_bottle_2=false	1875
O	minecraft:brewing_stand	has_bottle_0=true,has_bottle_1=true,has_bottle_2=true	1879
O	minecraft:brick_block		720
O	minecraft:brick_stairs	facing=east,half=bottom,shape=inner_left	1728
O	minecraft:brick_stairs	facing=east,half=bottom,shape=inner_right	1728
O	minecraft:brick_stairs	facing=east,half=bottom,shape=outer_left	1728
O	minecraft:brick_stairs	facing=east,half=bottom,shape=outer_right	1728
O	minecraft:brick_stairs	facing=east,half=bottom,shape=straight	1728
O	minecraft:brick_stairs	facing=east,half=top,shape=inner_left	1732
O	minecraft:brick_stairs	facing=east,half=top,shape=inner_right	1732
O	minecraft:brick_stairs	facing=east,half=top,shape=outer_left	1732
O	minecraft:brick_stairs	facing=east,half=top,shape=outer_right	1732
O	minecraft:brick_stairs	facing=east,half=top,shape=straight	1732
O	minecraft:brick_stairs	facing=north,half=bottom,shape=inner_left	1731
O	minecraft:brick_stairs	facing=north,half=bottom,shape=inner_right	1731
O	minecraft:brick_stairs	facing=north,half=bottom,shape=outer_left	1731
O	minecraft:brick_stairs	facing=north,half=bottom,shape=outer_right	1731
O	minecraft:brick_stairs	facing=north,half=bottom,shape=straight	1731
O	minecraft:brick_stairs	facing=north,half=top,shape=inner_left	1735
O	minecraft:brick_stairs	facing=north,half=top,shape=inner_right	1735
O	minecraft:brick_stairs	facing=north,half=top,shape=outer_left	1735
O	minecraft:brick_stairs	facing=north,half=top,shape=outer_right	1735
O	minecraft:brick_stairs	facing=north,half=top,shape=straight	1735
O	minecraft:brick_stairs	facing=south,half=bottom,shape=inner_left	1730
O	minecraft:brick_stairs	facing=south,half=bottom,shape=inner_right	1730
O	minecraft:brick_stairs	facing=south,half=bottom,shape=outer_left	1730
O	minecraft:brick_stairs	facing=south,half=bottom,shape=outer_right	1730
O	minecraft:brick_stairs	facing=south,half=bottom,shape=straight	1730
O	minecraft:brick_stairs	facing=south,half=top,shape=inner_left	1734
O	minecraft:brick_stairs	facing=south,half=top,shape=inner_right	1734
O	minecraft:brick_stairs	facing=south,half=top,shape=outer_left	1734
O	minecraft:brick_stairs	facing=south,half=top,shape=outer_right	1734
O	minecraft:brick_stairs	facing=south,half=top,shape=straight	1734
O	minecraft:brick_stairs	facing=west,half=bottom,shape=inner_left	1729
O	minecraft:brick_stairs	facing=west,half=bottom,shape=inner_right	1729
O	minecraft:brick_stairs	facing=west,half=bottom,shape=outer_left	1729
O	minecraft:brick_stairs	facing=west,half=bottom,shape=outer_right	1729
O	minecraft:brick_stairs	facing=west,half=bottom,shape=straight	1729
O	minecraft:brick_stairs	facing=west,half=top,shape=inner_left	1733
O	minecraft:brick_stairs	facing=west,half=top,shape=inner_right	1733
O	minecraft:brick_stairs	facing=west,half=top,shape=outer_left	1733
O	minecraft:brick_stairs	facing=west,half=top,shape=outer_right	1733
O	minecraft:brick_stairs	facing=west,half=top,shape=straight	1733
O	minecraft:brown_glazed_terracotta	facing=east	3955
O	minecraft:brown_glazed_terracotta	facing=north	3954
O	minecraft:brown_glazed_terracotta	facing=south	3952
O	minecraft:brown_glazed_terracotta	facing=west	3953
O	minecraft:brown_mushroom		624
O	minecraft:brown_mushroom_block	variant=all_inside	1584
O	minecraft:brown_mushroom_block	variant=all_outside	1598
O	minecraft:brown_mushroom_block	variant=all_stem	1599
O	minecraft:brown_mushroom_block	variant=center	1589
O	minecraft:brown_mushroom_block	variant=east	1590
O	minecraft:brown_mushroom_block	variant=north	1586
O	minecraft:brown_mushroom_block	variant=north_east	1587
O	minecraft:brown_mushroom_block	variant=north_west	1585
O	minecraft:brown_mushroom_block	variant=south	1592
O	minecraft:brown_mushroom_block	variant=south_east	1593
O	minecraft:brown_mushroom_block	variant=south_west	1591
O	minecraft:brown_mushroom_block	variant=stem	1594
O	minecraft:brown_mushroom_block	variant=west	1588
O	minecraft:brown_shulker_box	facing=down	3696
O	minecraft:brown_shulker_box	facing=east	3701
O	minecraft:brown_shulker_box	facing=north	3698
O	minecraft:brown_shulker_box	facing=south	3699
O	minecraft:brown_shulker_box	facing=up	3697
O	minecraft:brown_shulker_box	facing=west	3700
O	minecraft:cactus	age=0	1296
O	minecraft:cactus	age=1	1297
O	minecraft:cactus	age=10	1306
O	minecraft:cactus	age=11	1307
O	minecraft:cactus	age=12	1308
O	minecraft:cactus	age=13	1309
O	minecraft:cactus	age=14	1310
O	minecraft:cactus	age=15	1311
O	minecraft:cactus	age=2	1298
O	minecraft:cactus	age=3	1299
O	minecraft:cactus	age=4	1300
O	minecraft:cactus	age=5	1301
O	minecraft:cactus	age=6	1302
O	minecraft:cactus	age=7	1303
O	minecraft:cactus	age=8	1304
O	minecraft:cactus	age=9	1305
O	minecraft:cake	bites=0	1472
O	minecraft:cake	bites=1	1473
O	minecraft:cake	bites=2	1474
O	minecraft:cake	bites=3	1475
O	minecraft:cake	bites=4	1476
O	minecraft:cake	bites=5	1477
O	minecraft:cake	bites=6	1478
O	minecraft:carpet	color=black	2751
O	minecraft:carpet	color=blue	2747
O	minecraft:carpet	color=brown	2748
O	minecraft:carpet	color=cyan	2745
O	minecraft:carpet	color=gray	2743
O	minecraft:carpet	color=green	2749
O	minecraft:carpet	color=light_blue	2739
O	minecraft:carpet	color=lime	2741
O	minecraft:carpet	color=magenta	2738
O	minecraft:carpet	color=orange	2737
O	minecraft:carpet	color=pink	2742
O	minecraft:carpet	color=purple	2746
O	minecraft:carpet	color=red	2750
O	minecraft:carpet	color=silver	2744
O	minecraft:carpet	color=white	2736
O	minecraft:carpet	color=yellow	2740
O	minecraft:carrots	age=0	2256
O	minecraft:carrots	age=1	2257
O	minecraft:carrots	age=2	2258
O	minecraft:carrots	age=3	2259
O	minecraft:carrots	age=4	2260
O	minecraft:carrots	age=5	2261
O	minecraft:carrots	age=6	2262
O	minecraft:carrots	age=7	2263
O	minecraft:cauldron	level=0	1888
O	minecraft:cauldron	level=1	1889
O	minecraft:cauldron	level=2	1890
O	minecraft:cauldron	level=3	1891
O	minecraft:chain_command_block	conditional=false,facing=down	3376
O	minecraft:chain_command_block	conditional=false,facing=east	3381
O	minecraft:chain_command_block	conditional=false,facing=north	3378
O	minecraft:chain_command_block	conditional=false,facing=south	3379
O	minecraft:chain_command_block	conditional=false,facing=up	3377
O	minecraft:chain_command_block	conditional=false,facing=west	3380
O	minecraft:chain_command_block	conditional=true,facing=down	3384
O	minecraft:chain_command_block	conditional=true,facing=east	3389
O	minecraft:chain_command_block	conditional=true,facing=north	3386
O	minecraft:chain_command_block	conditional=true,facing=south	3387
O	minecraft:chain_command_block	conditional=true,facing=up	3385
O	minecraft:chain_command_block	conditional=true,facing=west	3388
O	minecraft:chest	facing=east	869
O	minecraft:chest	facing=north	866
O	minecraft:chest	facing=south	867
O	minecraft:chest	facing=west	868
O	minecraft:chorus_flower	age=0	3200
O	minecraft:chorus_flower	age=1	3201
O	minecraft:chorus_flower	age=2	3202
O	minecraft:chorus_flower	age=3	3203
O	minecraft:chorus_flower	age=4	3204
O	minecraft:chorus_flower	age=5	3205
O	minecraft:chorus_plant	down=false,east=false,north=false,south=false,up=false,west=false	3184
O	minecraft:chorus_plant	down=false,east=false,north=false,south=false,up=false,west=true	3184
O	minecraft:chorus_plant	down=false,east=false,north=false,south=false,up=true,west=false	3184
O	minecraft:chorus_plant	down=false,east=false,north=false,south=false,up=true,west=true	3184
O	minecraft:chorus_plant	down=false,east=false,north=false,south=true,up=false,west=false	3184
O	minecraft:chorus_plant	down=false,east=false,north=false,south=true,up=false,west=true	3184
O	minecraft:chorus_plant	down=false,east=false,north=false,south=true,up=true,west=false	3184
O	minecraft:chorus_plant	down=false,east=false,north=false,south=true,up=true,west=true	3184
O	minecraft:chorus_plant	down=false,east=false,north=true,south=false,up=false,west=false	3184
O	minecraft:chorus_plant	down=false,east=false,north=true,south=false,up=false,west=true	3184
O	minecraft:chorus_plant	down=false,east=false,north=true,south=false,up=true,west=false	3184
O	minecraft:chorus_plant	down=false,east=false,north=true,south=false,up=true,west=true	3184
O	minecraft:chorus_plant	down=false,east=false,north=true,south=true,up=false,west=false	3184
O	minecraft:chorus_plant	down=false,east=false,north=true,south=true,up=false,west=true	3184
O	minecraft:chorus_plant	down=false,east=false,north=true,south=true,up=true,west=false	3184
O	minecraft:chorus_plant	down=false,east=false,north=true,south=true,up=true,west=true	3184
O	minecraft:chorus_plant	down=false,east=true,north=false,south=false,up=false,west=false	3184
O	minecraft:chorus_plant	down=false,east=true,north=false,south=false,up=false,west=true	3184
O	minecraft:chorus_plant	down=false,east=true,north=false,south=false,up=true,west=false	3184
O	minecraft:chorus_plant	down=false,east=true,north=false,south=false,up=true,west=true	3184
O	minecraft:chorus_plant	down=false,east=true,north=false,south=true,up=false,west=false	3184
O	minecraft:chorus_plant	down=false,east=true,north=false,south=true,up=false,west=true	3184
O	minecraft:chorus_plant	down=false,east=true,north=false,south=true,up=true,west=false	3184
O	minecraft:chorus_plant	down=false,east=true,north=false,south=true,up=true,west=true	3184
O	minecraft:chorus_plant	down=false,east=true,north=true,south=false,up=false,west=false	3184
O	minecraft:chorus_plant	down=false,east=true,north=true,south=false,up=false,west=true	3184
O	minecraft:chorus_plant	down=false,east=true,north=true,south=false,up=true,west=false	3184
O	minecraft:chorus_plant	down=false,east=true,north=true,south=false,up=true,west=true	3184
O	minecraft:chorus_plant	down=false,east=true,north=true,south=true,up=false,west=false	3184
O	minecraft:chorus_plant	down=false,east=true,north=true,south=true,up=false,west=true	3184
O	minecraft:chorus_plant	down=false,east=true,north=true,south=true,up=true,west=false	3184
O	minecraft:chorus_plant	down=false,east=true,north=true,south=true,up=true,west=true	3184
O	minecraft:chorus_plant	down=true,east=false,north=false,south=false,up=false,west=false	3184
O	minecraft:chorus_plant	down=true,east=false,north=false,south=false,up=false,west=true	3184
O	minecraft:chorus_plant	down=true,east=false,north=false,south=false,up=true,west=false	3184
O	minecraft:chorus_plant	down=true,east=false,north=false,south=false,up=true,west=true	3184
O	minecraft:chorus_plant	down=true,east=false,north=false,south=true,up=false,west=false	3184
O	minecraft:chorus_plant	down=true,east=false,north=false,south=true,up=false,west=true	3184
O	minecraft:chorus_plant	down=true,east=false,north=false,south=true,up=true,west=false	3184
O	minecraft:chorus_plant	down=true,east=false,north=false,south=true,up=true,west=true	3184
O	minecraft:chorus_plant	down=true,east=false,north=true,south=false,up=false,west=false	3184
O	minecraft:chorus_plant	down=true,east=false,north=true,south=false,up=false,west=true	3184
O	minecraft:chorus_plant	down=true,east=false,north=true,south=false,up=true,west=false	3184
O	minecraft:chorus_plant	down=true,east=false,north=true,south=false,up=true,west=true	3184
O	minecraft:chorus_plant	down=true,east=false,north=true,south=true,up=false,west=false	3184
O	minecraft:chorus_plant	down=true,east=false,north=true,south=true,up=false,west=true	3184
O	minecraft:chorus_plant	down=true,east=false,north=true,south=true,up=true,west=false	3184
O	minecraft:chorus_plant	down=true,east=false,north=true,south=true,up=true,west=true	3184
O	minecraft:chorus_plant	down=true,east=true,north=false,south=false,up=false,west=false	3184
O	minecraft:chorus_plant	down=true,east=true,north=false,south=false,up=false,west=true	3184
O	minecraft:chorus_plant	down=true,east=true,north=false,south=false,up=true,west=false	3184
O	minecraft:chorus_plant	down=true,east=true,north=false,south=false,up=true,west=true	3184
O	minecraft:chorus_plant	down=true,east=true,north=false,south=true,up=false,west=false	3184
O	minecraft:chorus_plant	down=true,east=true,north=false,south=true,up=false,west=true	3184
O	minecraft:chorus_plant	down=true,east=true,north=false,south=true,up=true,west=false	3184
O	minecraft:chorus_plant	down=true,east=true,north=false,south=true,up=true,west=true	3184
O	minecraft:chorus_plant	down=true,east=true,north=true,south=false,up=false,west=false	3184
O	minecraft:chorus_plant	down=true,east=true,north=true,south=false,up=false,west=true	3184
O	minecraft:chorus_plant	down=true,east=true,north=true,south=false,up=true,west=false	3184
O	minecraft:chorus_plant	down=true,east=true,north=true,south=false,up=true,west=true	3184
O	minecraft:chorus_plant	down=true,east=true,north=true,south=true,up=false,west=false	3184
O	minecraft:chorus_plant	down=true,east=true,north=true,south=true,up=false,west=true	3184
O	minecraft:chorus_plant	down=true,east=true,north=true,south=true,up=true,west=false	3184
O	minecraft:chorus_plant	down=true,east=true,north=true,south=true,up=true,west=true	3184
O	minecraft:clay		1312
O	minecraft:coal_block		2768
O	minecraft:coal_ore		256
O	minecraft:cobblestone		64
O	minecraft:cobblestone_wall	east=false,north=false,south=false,up=false,variant=cobblestone,west=false	2224
O	minecraft:cobblestone_wall	east=false,north=false,south=false,up=false,variant=cobblestone,west=true	2224
O	minecraft:cobblestone_wall	east=false,north=false,south=false,up=false,variant=mossy_cobblestone,west=false	2225
O	minecraft:cobblestone_wall	east=false,north=false,south=false,up=false,variant=mossy_cobblestone,west=true	2225
O	minecraft:cobblestone_wall	east=false,north=false,south=false,up=true,variant=cobblestone,west=false	2224
O	minecraft:cobblestone_wall	east=false,north=false,south=false,up=true,variant=cobblestone,west=true	2224
O	minecraft:cobblestone_wall	east=false,north=false,south=false,up=true,variant=mossy_cobblestone,west=false	2225
O	minecraft:cobblestone_wall	east=false,north=false,south=false,up=true,variant=mossy_cobblestone,west=true	2225
O	minecraft:cobblestone_wall	east=false,north=false,south=true,up=false,variant=cobblestone,west=false	2224
O	minecraft:cobblestone_wall	east=false,north=false,south=true,up=false,variant=cobblestone,west=true	2224
O	minecraft:cobblestone_wall	east=false,north=false,south=true,up=false,variant=mossy_cobblestone,west=false	2225
O	minecraft:cobblestone_wall	east=false,north=false,south=true,up=false,variant=mossy_cobblestone,west=true	2225
O	minecraft:cobblestone_wall	east=false,north=false,south=true,up=true,variant=cobblestone,west=false	2224
O	minecraft:cobblestone_wall	east=false,north=false,south=true,up=true,variant=cobblestone,west=true	2224
O	minecraft:cobblestone_wall	east=false,north=false,south=true,up=true,variant=mossy_cobblestone,west=false	2225
O	minecraft:cobblestone_wall	east=false,north=false,south=true,up=true,variant=mossy_cobblestone,west=true	2225
O	minecraft:cobblestone_wall	east=false,north=true,south=false,up=false,variant=cobblestone,west=false	2224
O	minecraft:cobblestone_wall	east=false,north=true,south=false,up=false,variant=cobblestone,west=true	2224
O	minecraft:cobblestone_wall	east=false,north=true,south=false,up=false,variant=mossy_cobblestone,west=false	2225
O	minecraft:cobblestone_wall	east=false,north=true,south=false,up=false,variant=mossy_cobblestone,west=true	2225
O	minecraft:cobblestone_wall	east=false,north=true,south=false,up=true,variant=cobblestone,west=false	2224
O	minecraft:cobblestone_wall	east=false,north=true,south=false,up=true,variant=cobblestone,west=true	2224
O	minecraft:cobblestone_wall	east=false,north=true,south=false,up=true,variant=mossy_cobblestone,west=false	2225
O	minecraft:cobblestone_wall	east=false,north=true,south=false,up=true,variant=mossy_cobblestone,west=true	2225
O	minecraft:cobblestone_wall	east=false,north=true,south=true,up=false,variant=cobblestone,west=false	2224
O	minecraft:cobblestone_wall	east=false,north=true,south=true,up=false,variant=cobblestone,west=true	2224
O	minecraft:cobblestone_wall	east=false,north=true,south=true,up=false,variant=mossy_cobblestone,west=false	2225
O	minecraft:cobblestone_wall	east=false,north=true,south=true,up=false,variant=mossy_cobblestone,west=true	2225
O	minecraft:cobblestone_wall	east=false,north=true,south=true,up=true,variant=cobblestone,west=false	2224
O	minecraft:cobblestone_wall	east=false,north=true,south=true,up=true,variant=cobblestone,west=true	2224
O	minecraft:cobblestone_wall	east=false,north=true,south=true,up=true,variant=mossy_cobblestone,west=false	2225
O	minecraft:cobblestone_wall	east=false,north=true,south=true,up=true,variant=mossy_cobblestone,west=true	2225
O	minecraft:cobblestone_wall	east=true,north=false,south=false,up=false,variant=cobblestone,west=false	2224
O	minecraft:cobblestone_wall	east=true,north=false,south=false,up=false,variant=cobblestone,west=true	2224
O	minecraft:cobblestone_wall	east=true,north=false,south=false,up=false,variant=mossy_cobblestone,west=false	2225
O	minecraft:cobblestone_wall	east=true,north=false,south=false,up=false,variant=mossy_cobblestone,west=true	2225
O	minecraft:cobblestone_wall	east=true,north=false,south=false,up=true,variant=cobblestone,west=false	2224
O	minecraft:cobblestone_wall	east=true,north=false,south=false,up=true,variant=cobblestone,west=true	2224
O	minecraft:cobblestone_wall	east=true,north=false,south=false,up=true,variant=mossy_cobblestone,west=false	2225
O	minecraft:cobblestone_wall	east=true,north=false,south=false,up=true,variant=mossy_cobblestone,west=true	2225
O	minecraft:cobblestone_wall	east=true,north=false,south=true,up=false,variant=cobblestone,west=false	2224
O	minecraft:cobblestone_wall	east=true,north=false,south=true,up=false,variant=cobblestone,west=true	2224
O	minecraft:cobblestone_wall	east=true,north=false,south=true,up=false,variant=mossy_cobblestone,west=false	2225
O	minecraft:cobblestone_wall	east=true,north=false,south=true,up=false,variant=mossy_cobblestone,west=true	2225
O	minecraft:cobblestone_wall	east=true,north=false,south=true,up=true,variant=cobblestone,west=false	2224
O	minecraft:cobblestone_wall	east=true,north=false,south=true,up=true,variant=cobblestone,west=true	2224
O	minecraft:cobblestone_wall	east=true,north=false,south=true,up=true,variant=mossy_cobblestone,west=false	2225
O	minecraft:cobblestone_wall	east=true,north=false,south=true,up=true,variant=mossy_cobblestone,west=true	2225
O	minecraft:cobblestone_wall	east=true,north=true,south=false,up=false,variant=cobblestone,west=false	2224
O	minecraft:cobblestone_wall	east=true,north=true,south=false,up=false,variant=cobblestone,west=true	2224
O	minecraft:cobblestone_wall	east=true,north=true,south=false,up=false,variant=mossy_cobblestone,west=false	2225
O	minecraft:cobblestone_wall	east=true,north=true,south=false,up=false,variant=mossy_cobblestone,west=true	2225
O	minecraft:cobblestone_wall	east=true,north=true,south=false,up=true,variant=cobblestone,west=false	2224
O	minecraft:cobblestone_wall	east=true,north=true,south=false,up=true,variant=cobblestone,west=true	2224
O	minecraft:cobblestone_wall	east=true,north=true,south=false,up=true,variant=mossy_cobblestone,west=false	2225
O	minecraft:cobblestone_wall	east=true,north=true,south=false,up=true,variant=mossy_cobblestone,west=true	2225
O	minecraft:cobblestone_wall	east=true,north=true,south=true,up=false,variant=cobblestone,west=false	2224
O	minecraft:cobblestone_wall	east=true,north=true,south=true,up=false,variant=cobblestone,west=true	2224
O	minecraft:cobblestone_wall	east=true,north=true,south=true,up=false,variant=mossy_cobblestone,west=false	2225
O	minecraft:cobblestone_wall	east=true,north=true,south=true,up=false,variant=mossy_cobblestone,west=true	2225
O	minecraft:cobblestone_wall	east=true,north=true,south=true,up=true,variant=cobblestone,west=false	2224
O	minecraft:cobblestone_wall	east=true,north=true,south=true,up=true,variant=cobblestone,west=true	2224
O	minecraft:cobblestone_wall	east=true,north=true,south=true,up=true,variant=mossy_cobblestone,west=false	2225
O	minecraft:cobblestone_wall	east=true,north=true,south=true,up=true,variant=mossy_cobblestone,west=true	2225
O	minecraft:cocoa	age=0,facing=east	2035
O	minecraft:cocoa	age=0,facing=north	2034
O	minecraft:cocoa	age=0,facing=south	2032
O	minecraft:cocoa	age=0,facing=west	2033
O	minecraft:cocoa	age=1,facing=east	2039
O	minecraft:cocoa	age=1,facing=north	2038
O	minecraft:cocoa	age=1,facing=south	2036
O	minecraft:cocoa	age=1,facing=west	2037
O	minecraft:cocoa	age=2,facing=east	2043
O	minecraft:cocoa	age=2,facing=north	2042
O	minecraft:cocoa	age=2,facing=south	2040
O	minecraft:cocoa	age=2,facing=west	2041
O	minecraft:command_block	conditional=false,facing=down	2192
O	minecraft:command_block	conditional=false,facing=east	2197
O	minecraft:command_block	conditional=false,facing=north	2194
O	minecraft:command_block	conditional=false,facing=south	2195
O	minecraft:command_block	conditional=false,facing=up	2193
O	minecraft:command_block	conditional=false,facing=west	2196
O	minecraft:command_block	conditional=true,facing=down	2200
O	minecraft:command_block	conditional=true,facing=east	2205
O	minecraft:command_block	conditional=true,facing=north	2202
O	minecraft:command_block	conditional=true,facing=south	2203
O	minecraft:command_block	conditional=true,facing=up	2201
O	minecraft:command_block	conditional=true,facing=west	2204
O	minecraft:concrete	color=black	4031
O	minecraft:concrete	color=blue	4027
O	minecraft:concrete	color=brown	4028
O	minecraft:concrete	color=cyan	4025
O	minecraft:concrete	color=gray	4023
O	minecraft:concrete	color=green	4029
O	minecraft:concrete	color=light_blue	4019
O	minecraft:concrete	color=lime	4021
O	minecraft:concrete	color=magenta	4018
O	minecraft:concrete	color=orange	4017
O	minecraft:concrete	color=pink	4022
O	minecraft:concrete	color=purple	4026
O	minecraft:concrete	color=red	4030
O	minecraft:concrete	color=silver	4024
O	minecraft:concrete	color=white	4016
O	minecraft:concrete	color=yellow	4020
O	minecraft:concrete_powder	color=black	4047
O	minecraft:concrete_powder	color=blue	4043
O	minecraft:concrete_powder	color=brown	4044
O	minecraft:concrete_powder	color=cyan	4041
O	minecraft:concrete_powder	color=gray	4039
O	minecraft:concrete_powder	color=green	4045
O	minecraft:concrete_powder	color=light_blue	4035
O	minecraft:concrete_powder	color=lime	4037
O	minecraft:concrete_powder	color=magenta	4034
O	minecraft:concrete_powder	color=orange	4033
O	minecraft:concrete_powder	color=pink	4038
O	minecraft:concrete_powder	color=purple	4042
O	minecraft:concrete_powder	color=red	4046
O	minecraft:concrete_powder	color=silver	4040
O	minecraft:concrete_powder	color=white	4032
O	minecraft:concrete_powder	color=yellow	4036
O	minecraft:crafting_table		928
O	minecraft:cyan_glazed_terracotta	facing=east	3907
O	minecraft:cyan_glazed_terracotta	facing=north	3906
O	minecraft:cyan_glazed_terracotta	facing=south	3904
O	minecraft:cyan_glazed_terracotta	facing=west	3905
O	minecraft:cyan_shulker_box	facing=down	3648
O	minecraft:cyan_shulker_box	facing=east	3653
O	minecraft:cyan_shulker_box	facing=north	3650
O	minecraft:cyan_shulker_box	facing=south	3651
O	minecraft:cyan_shulker_box	facing=up	3649
O	minecraft:cyan_shulker_box	facing=west	3652
O	minecraft:dark_oak_door	facing=east,half=lower,hinge=left,open=false,powered=false	3152
O	minecraft:dark_oak_door	facing=east,half=lower,hinge=left,open=false,powered=true	3152
O	minecraft:dark_oak_door	facing=east,half=lower,hinge=left,open=true,powered=false	3156
O	minecraft:dark_oak_door	facing=east,half=lower,hinge=left,open=true,powered=true	3156
O	minecraft:dark_oak_door	facing=east,half=lower,hinge=right,open=false,powered=false	3152
O	minecraft:dark_oak_door	facing=east,half=lower,hinge=right,open=false,powered=true	3152
O	minecraft:dark_oak_door	facing=east,half=lower,hinge=right,open=true,powered=false	3156
O	minecraft:dark_oak_door	facing=east,half=lower,hinge=right,open=true,powered=true	3156
O	minecraft:dark_oak_door	facing=east,half=upper,hinge=left,open=false,powered=false	3160
O	minecraft:dark_oak_door	facing=east,half=upper,hinge=left,open=false,powered=true	3162
O	minecraft:dark_oak_door	facing=east,half=upper,hinge=left,open=true,powered=false	3160
O	minecraft:dark_oak_door	facing=east,half=upper,hinge=left,open=true,powered=true	3162
O	minecraft:dark_oak_door	facing=east,half=upper,hinge=right,open=false,powered=false	3161
O	minecraft:dark_oak_door	facing=east,half=upper,hinge=right,open=false,powered=true	3163
O	minecraft:dark_oak_door	facing=east,half=upper,hinge=right,open=true,powered=false	3161
O	minecraft:dark_oak_door	facing=east,half=upper,hinge=right,open=true,powered=true	3163
O	minecraft:dark_oak_door	facing=north,half=lower,hinge=left,open=false,powered=false	3155
O	minecraft:dark_oak_door	facing=north,half=lower,hinge=left,open=false,powered=true	3155
O	minecraft:dark_oak_door	facing=north,half=lower,hinge=left,open=true,powered=false	3159
O	minecraft:dark_oak_door	facing=north,half=lower,hinge=left,open=true,powered=true	3159
O	minecraft:dark_oak_door	facing=north,half=lower,hinge=right,open=false,powered=false	3155
O	minecraft:dark_oak_door	facing=north,half=lower,hinge=right,open=false,powered=true	3155
O	minecraft:dark_oak_door	facing=north,half=lower,hinge=right,open=true,powered=false	3159
O	minecraft:dark_oak_door	facing=north,half=lower,hinge=right,open=true,powered=true	3159
O	minecraft:dark_oak_door	facing=north,half=upper,hinge=left,open=false,powered=false	3160
O	minecraft:dark_oak_door	facing=north,half=upper,hinge=left,open=false,powered=true	3162
O	minecraft:dark_oak_door	facing=north,half=upper,hinge=left,open=true,powered=false	3160
O	minecraft:dark_oak_door	facing=north,half=upper,hinge=left,open=true,powered=true	3162
O	minecraft:dark_oak_door	facing=north,half=upper,hinge=right,open=false,powered=false	3161
O	minecraft:dark_oak_door	facing=north,half=upper,hinge=right,open=false,powered=true	3163
O	minecraft:dark_oak_door	facing=north,half=upper,hinge=right,open=true,powered=false	3161
O	minecraft:dark_oak_door	facing=north,half=upper,hinge=right,open=true,powered=true	3163
O	minecraft:dark_oak_door	facing=south,half=lower,hinge=left,open=false,powered=false	3153
O	minecraft:dark_oak_door	facing=south,half=lower,hinge=left,open=false,powered=true	3153
O	minecraft:dark_oak_door	facing=south,half=lower,hinge=left,open=true,powered=false	3157
O	minecraft:dark_oak_door	facing=south,half=lower,hinge=left,open=true,powered=true	3157
O	minecraft:dark_oak_door	facing=south,half=lower,hinge=right,open=false,powered=false	3153
O	minecraft:dark_oak_door	facing=south,half=lower,hinge=right,open=false,powered=true	3153
O	minecraft:dark_oak_door	facing=south,half=lower,hinge=right,open=true,powered=false	3157
O	minecraft:dark_oak_door	facing=south,half=lower,hinge=right,open=true,powered=true	3157
O	minecraft:dark_oak_door	facing=south,half=upper,hinge=left,open=false,powered=false	3160
O	minecraft:dark_oak_door	facing=south,half=upper,hinge=left,open=false,powered=true	3162
O	minecraft:dark_oak_door	facing=south,half=upper,hinge=left,open=true,powered=false	3160
O	minecraft:dark_oak_door	facing=south,half=upper,hinge=left,open=true,powered=true	3162
O	minecraft:dark_oak_door	facing=south,half=upper,hinge=right,open=false,powered=false	3161
O	minecraft:dark_oak_door	facing=south,half=upper,hinge=right,open=false,powered=true	3163
O	minecraft:dark_oak_door	facing=south,half=upper,hinge=right,open=true,powered=false	3161
O	minecraft:dark_oak_door	facing=south,half=upper,hinge=right,open=true,powered=true	3163
O	minecraft:dark_oak_door	facing=west,half=lower,hinge=left,open=false,powered=false	3154
O	minecraft:dark_oak_door	facing=west,half=lower,hinge=left,open=false,powered=true	3154
O	minecraft:dark_oak_door	facing=west,half=lower,hinge=left,open=true,powered=false	3158
O	minecraft:dark_oak_door	facing=west,half=lower,hinge=left,open=true,powered=true	3158
O	minecraft:dark_oak_door	facing=west,half=lower,hinge=right,open=false,powered=false	3154
O	minecraft:dark_oak_door	facing=west,half=lower,hinge=right,open=false,powered=true	3154
O	minecraft:dark_oak_door	facing=west,half=lower,hinge=right,open=true,powered=false	3158
O	minecraft:dark_oak_door	facing=west,half=lower,hinge=right,open=true,powered=true	3158
O	minecraft:dark_oak_door	facing=west,half=upper,hinge=left,open=false,powered=false	3160
O	minecraft:dark_oak_door	facing=west,half=upper,hinge=left,open=false,powered=true	3162
O	minecraft:dark_oak_door	facing=west,half=upper,hinge=left,open=true,powered=false	3160
O	minecraft:dark_oak_door	facing=west,half=upper,hinge=left,open=true,powered=true	3162
O	minecraft:dark_oak_door	facing=west,half=upper,hinge=right,open=false,powered=false	3161
O	minecraft:dark_oak_door	facing=west,half=upper,hinge=right,open=false,powered=true	3163
O	minecraft:dark_oak_door	facing=west,half=upper,hinge=right,open=true,powered=false	3161
O	minecraft:dark_oak_door	facing=west,half=upper,hinge=right,open=true,powered=true	3163
O	minecraft:dark_oak_fence	east=false,north=false,south=false,west=false	3056
O	minecraft:dark_oak_fence	east=false,north=false,south=false,west=true	3056
O	minecraft:dark_oak_fence	east=false,north=false,south=true,west=false	3056
O	minecraft:dark_oak_fence	east=false,north=false,south=true,west=true	3056
O	minecraft:dark_oak_fence	east=false,north=true,south=false,west=false	3056
O	minecraft:dark_oak_fence	east=false,north=true,south=false,west=true	3056
O	minecraft:dark_oak_fence	east=false,north=true,south=true,west=false	3056
O	minecraft:dark_oak_fence	east=false,north=true,south=true,west=true	3056
O	minecraft:dark_oak_fence	east=true,north=false,south=false,west=false	3056
O	minecraft:dark_oak_fence	east=true,north=false,south=false,west=true	3056
O	minecraft:dark_oak_fence	east=true,north=false,south=true,west=false	3056
O	minecraft:dark_oak_fence	east=true,north=false,south=true,west=true	3056
O	minecraft:dark_oak_fence	east=true,north=true,south=false,west=false	3056
O	minecraft:dark_oak_fence	east=true,north=true,south=false,west=true	3056
O	minecraft:dark_oak_fence	east=true,north=true,south=true,west=false	3056
O	minecraft:dark_oak_fence	east=true,north=true,south=true,west=true	3056
O	minecraft:dark_oak_fence_gate	facing=east,in_wall=false,open=false,powered=false	2979
O	minecraft:dark_oak_fence_gate	facing=east,in_wall=false,open=false,powered=true	2987
O	minecraft:dark_oak_fence_gate	facing=east,in_wall=false,open=true,powered=false	2983
O	minecraft:dark_oak_fence_gate	facing=east,in_wall=false,open=true,powered=true	2991
O	minecraft:dark_oak_fence_gate	facing=east,in_wall=true,open=false,powered=false	2979
O	minecraft:dark_oak_fence_gate	facing=east,in_wall=true,open=false,powered=true	2987
O	minecraft:dark_oak_fence_gate	facing=east,in_wall=true,open=true,powered=false	2983
O	minecraft:dark_oak_fence_gate	facing=east,in_wall=true,open=true,powered=true	2991
O	minecraft:dark_oak_fence_gate	facing=north,in_wall=false,open=false,powered=false	2978
O	minecraft:dark_oak_fence_gate	facing=north,in_wall=false,open=false,powered=true	2986
O	minecraft:dark_oak_fence_gate	facing=north,in_wall=false,open=true,powered=false	2982
O	minecraft:dark_oak_fence_gate	facing=north,in_wall=false,open=true,powered=true	2990
O	minecraft:dark_oak_fence_gate	facing=north,in_wall=true,open=false,powered=false	2978
O	minecraft:dark_oak_fence_gate	facing=north,in_wall=true,open=false,powered=true	2986
O	minecraft:dark_oak_fence_gate	facing=north,in_wall=true,open=true,powered=false	2982
O	minecraft:dark_oak_fence_gate	facing=north,in_wall=true,open=true,powered=true	2990
O	minecraft:dark_oak_fence_gate	facing=south,in_wall=false,open=false,powered=false	2976
O	minecraft:dark_oak_fence_gate	facing=south,in_wall=false,open=false,powered=true	2984
O	minecraft:dark_oak_fence_gate	facing=south,in_wall=false,open=true,powered=false	2980
O	minecraft:dark_oak_fence_gate	facing=south,in_wall=false,open=true,powered=true	2988
O	minecraft:dark_oak_fence_gate	facing=south,in_wall=true,open=false,powered=false	2976
O	minecraft:dark_oak_fence_gate	facing=south,in_wall=true,open=false,powered=true	2984
O	minecraft:dark_oak_fence_gate	facing=south,in_wall=true,open=true,powered=false	2980
O	minecraft:dark_oak_fence_gate	facing=south,in_wall=true,open=true,powered=true	2988
O	minecraft:dark_oak_fence_gate	facing=west,in_wall=false,open=false,powered=false	2977
O	minecraft:dark_oak_fence_gate	facing=west,in_wall=false,open=false,powered=true	2985
O	minecraft:dark_oak_fence_gate	facing=west,in_wall=false,open=true,powered=false	2981
O	minecraft:dark_oak_fence_gate	facing=west,in_wall=false,open=true,powered=true	2989
O	minecraft:dark_oak_fence_gate	facing=west,in_wall=true,open=false,powered=false	2977
O	minecraft:dark_oak_fence_gate	facing=west,in_wall=true,open=false,powered=true	2985
O	minecraft:dark_oak_fence_gate	facing=west,in_wall=true,open=true,powered=false	2981
O	minecraft:dark_oak_fence_gate	facing=west,in_wall=true,open=true,powered=true	2989
O	minecraft:dark_oak_stairs	facing=east,half=bottom,shape=inner_left	2624
O	minecraft:dark_oak_stairs	facing=east,half=bottom,shape=inner_right	2624
O	minecraft:dark_oak_stairs	facing=east,half=bottom,shape=outer_left	2624
O	minecraft:dark_oak_stairs	facing=east,half=bottom,shape=outer_right	2624
O	minecraft:dark_oak_stairs	facing=east,half=bottom,shape=straight	2624
O	minecraft:dark_oak_stairs	facing=east,half=top,shape=inner_left	2628
O	minecraft:dark_oak_stairs	facing=east,half=top,shape=inner_right	2628
O	minecraft:dark_oak_stairs	facing=east,half=top,shape=outer_left	2628
O	minecraft:dark_oak_stairs	facing=east,half=top,shape=outer_right	2628
O	minecraft:dark_oak_stairs	facing=east,half=top,shape=straight	2628
O	minecraft:dark_oak_stairs	facing=north,half=bottom,shape=inner_left	2627
O	minecraft:dark_oak_stairs	facing=north,half=bottom,shape=inner_right	2627
O	minecraft:dark_oak_stairs	facing=north,half=bottom,shape=outer_left	2627
O	minecraft:dark_oak_stairs	facing=north,half=bottom,shape=outer_right	2627
O	minecraft:dark_oak_stairs	facing=north,half=bottom,shape=straight	2627
O	minecraft:dark_oak_stairs	facing=north,half=top,shape=inner_left	2631
O	minecraft:dark_oak_stairs	facing=north,half=top,shape=inner_right	2631
O	minecraft:dark_oak_stairs	facing=north,half=top,shape=outer_left	2631
O	minecraft:dark_oak_stairs	facing=north,half=top,shape=outer_right	2631
O	minecraft:dark_oak_stairs	facing=north,half=top,shape=straight	2631
O	minecraft:dark_oak_stairs	facing=south,half=bottom,shape=inner_left	2626
O	minecraft:dark_oak_stairs	facing=south,half=bottom,shape=inner_right	2626
O	minecraft:dark_oak_stairs	facing=south,half=bottom,shape=outer_left	2626
O	minecraft:dark_oak_stairs	facing=south,half=bottom,shape=outer_right	2626
O	minecraft:dark_oak_stairs	facing=south,half=bottom,shape=straight	2626
O	minecraft:dark_oak_stairs	facing=south,half=top,shape=inner_left	2630
O	minecraft:dark_oak_stairs	facing=south,half=top,shape=inner_right	2630
O	minecraft:dark_oak_stairs	facing=south,half=top,shape=outer_left	2630
O	minecraft:dark_oak_stairs	facing=south,half=top,shape=outer_right	2630
O	minecraft:dark_oak_stairs	facing=south,half=top,shape=straight	2630
O	minecraft:dark_oak_stairs	facing=west,half=bottom,shape=inner_left	2625
O	minecraft:dark_oak_stairs	facing=west,half=bottom,shape=inner_right	2625
O	minecraft:dark_oak_stairs	facing=west,half=bottom,shape=outer_left	2625
O	minecraft:dark_oak_stairs	facing=west,half=bottom,shape=outer_right	2625
O	minecraft:dark_oak_stairs	facing=west,half=bottom,shape=straight	2625
O	minecraft:dark_oak_stairs	facing=west,half=top,shape=inner_left	2629
O	minecraft:dark_oak_stairs	facing=west,half=top,shape=inner_right	2629
O	minecraft:dark_oak_stairs	facing=west,half=top,shape=outer_left	2629
O	minecraft:dark_oak_stairs	facing=west,half=top,shape=outer_right	2629
O	minecraft:dark_oak_stairs	facing=west,half=top,shape=straight	2629
O	minecraft:daylight_detector	power=0	2416
O	minecraft:daylight_detector	power=1	2417
O	minecraft:daylight_detector	power=10	2426
O	minecraft:daylight_detector	power=11	2427
O	minecraft:daylight_detector	power=12	2428
O	minecraft:daylight_detector	power=13	2429
O	minecraft:daylight_detector	power=14	2430
O	minecraft:daylight_detector	power=15	2431
O	minecraft:daylight_detector	power=2	2418
O	minecraft:daylight_detector	power=3	2419
O	minecraft:daylight_detector	power=4	2420
O	minecraft:daylight_detector	power=5	2421
O	minecraft:daylight_detector	power=6	2422
O	minecraft:daylight_detector	power=7	2423
O	minecraft:daylight_detector	power=8	2424
O	minecraft:daylight_detector	power=9	2425
O	minecraft:daylight_detector_inverted	power=0	2848
O	minecraft:daylight_detector_inverted	power=1	2849
O	minecraft:daylight_detector_inverted	power=10	2858
O	minecraft:daylight_detector_inverted	power=11	2859
O	minecraft:daylight_detector_inverted	power=12	2860
O	minecraft:daylight_detector_inverted	power=13	2861
O	minecraft:daylight_detector_inverted	power=14	2862
O	minecraft:daylight_detector_inverted	power=15	2863
O	minecraft:daylight_detector_inverted	power=2	2850
O	minecraft:daylight_detector_inverted	power=3	2851
O	minecraft:daylight_detector_inverted	power=4	2852
O	minecraft:daylight_detector_inverted	power=5	2853
O	minecraft:daylight_detector_inverted	power=6	2854
O	minecraft:daylight_detector_inverted	power=7	2855
O	minecraft:daylight_detector_inverted	power=8	2856
O	minecraft:daylight_detector_inverted	power=9	2857
O	minecraft:deadbush		512
O	minecraft:detector_rail	powered=false,shape=ascending_east	450
O	minecraft:detector_rail	powered=false,shape=ascending_north	452
O	minecraft:detector_rail	powered=false,shape=ascending_south	453
O	minecraft:detector_rail	powered=false,shape=ascending_west	451
O	minecraft:detector_rail	powered=false,shape=east_west	449
O	minecraft:detector_rail	powered=false,shape=north_south	448
O	minecraft:detector_rail	powered=true,shape=ascending_east	458
O	minecraft:detector_rail	powered=true,shape=ascending_north	460
O	minecraft:detector_rail	powered=true,shape=ascending_south	461
O	minecraft:detector_rail	powered=true,shape=ascending_west	459
O	minecraft:detector_rail	powered=true,shape=east_west	457
O	minecraft:detector_rail	powered=true,shape=north_south	456
O	minecraft:diamond_block		912
O	minecraft:diamond_ore		896
O	minecraft:dirt	snowy=false,variant=coarse_dirt	49
O	minecraft:dirt	snowy=false,variant=dirt	48
O	minecraft:dirt	snowy=false,variant=podzol	50
O	minecraft:dirt	snowy=true,variant=coarse_dirt	49
O	minecraft:dirt	snowy=true,variant=dirt	48
O	minecraft:dirt	snowy=true,variant=podzol	50
O	minecraft:dispenser	facing=down,triggered=false	368
O	minecraft:dispenser	facing=down,triggered=true	376
O	minecraft:dispenser	facing=east,triggered=false	373
O	minecraft:dispenser	facing=east,triggered=true	381
O	minecraft:dispenser	facing=north,triggered=false	370
O	minecraft:dispenser	facing=north,triggered=true	378
O	minecraft:dispenser	facing=south,triggered=false	371
O	minecraft:dispenser	facing=south,triggered=true	379
O	minecraft:dispenser	facing=up,triggered=false	369
O	minecraft:dispenser	facing=up,triggered=true	377
O	minecraft:dispenser	facing=west,triggered=false	372
O	minecraft:dispenser	facing=west,triggered=true	380
O	minecraft:double_plant	facing=east,half=lower,variant=double_fern	2803
O	minecraft:double_plant	facing=east,half=lower,variant=double_grass	2802
O	minecraft:double_plant	facing=east,half=lower,variant=double_rose	2804
O	minecraft:double_plant	facing=east,half=lower,variant=paeonia	2805
O	minecraft:double_plant	facing=east,half=lower,variant=sunflower	2800
O	minecraft:double_plant	facing=east,half=lower,variant=syringa	2801
O	minecraft:double_plant	facing=east,half=upper,variant=double_fern	2811
O	minecraft:double_plant	facing=east,half=upper,variant=double_grass	2811
O	minecraft:double_plant	facing=east,half=upper,variant=double_rose	2811
O	minecraft:double_plant	facing=east,half=upper,variant=paeonia	2811
O	minecraft:double_plant	facing=east,half=upper,variant=sunflower	2811
O	minecraft:double_plant	facing=east,half=upper,variant=syringa	2811
O	minecraft:double_plant	facing=north,half=lower,variant=double_fern	2803
O	minecraft:double_plant	facing=north,half=lower,variant=double_grass	2802
O	minecraft:double_plant	facing=north,half=lower,variant=double_rose	2804
O	minecraft:double_plant	facing=north,half=lower,variant=paeonia	2805
O	minecraft:double_plant	facing=north,half=lower,variant=sunflower	2800
O	minecraft:double_plant	facing=north,half=lower,variant=syringa	2801
O	minecraft:double_plant	facing=north,half=upper,variant=double_fern	2810
O	minecraft:double_plant	facing=north,half=upper,variant=double_grass	2810
O	minecraft:double_plant	facing=north,half=upper,variant=double_rose	2810
O	minecraft:double_plant	facing=north,half=upper,variant=paeonia	2810
O	minecraft:double_plant	facing=north,half=upper,variant=sunflower	2810
O	minecraft:double_plant	facing=north,half=upper,variant=syringa	2810
O	minecraft:double_plant	facing=south,half=lower,variant=double_fern	2803
O	minecraft:double_plant	facing=south,half=lower,variant=double_grass	2802
O	minecraft:double_plant	facing=south,half=lower,variant=double_rose	2804
O	minecraft:double_plant	facing=south,half=lower,variant=paeonia	2805
O	minecraft:double_plant	facing=south,half=lower,variant=sunflower	2800
O	minecraft:double_plant	facing=south,half=lower,variant=syringa	2801
O	minecraft:double_plant	facing=south,half=upper,variant=double_fern	2808
O	minecraft:double_plant	facing=south,half=upper,variant=double_grass	2808
O	minecraft:double_plant	facing=south,half=upper,variant=double_rose	2808
O	minecraft:double_plant	facing=south,half=upper,variant=paeonia	2808
O	minecraft:double_plant	facing=south,half=upper,variant=sunflower	2808
O	minecraft:double_plant	facing=south,half=upper,variant=syringa	2808
O	minecraft:double_plant	facing=west,half=lower,variant=double_fern	2803
O	minecraft:double_plant	facing=west,half=lower,variant=double_grass	2802
O	minecraft:double_plant	facing=west,half=lower,variant=double_rose	2804
O	minecraft:double_plant	facing=west,half=lower,variant=paeonia	2805
O	minecraft:double_plant	facing=west,half=lower,variant=sunflower	2800
O	minecraft:double_plant	facing=west,half=lower,variant=syringa	2801
O	minecraft:double_plant	facing=west,half=upper,variant=double_fern	2809
O	minecraft:double_plant	facing=west,half=upper,variant=double_grass	2809
O	minecraft:double_plant	facing=west,half=upper,variant=double_rose	2809
O	minecraft:double_plant	facing=west,half=upper,variant=paeonia	2809
O	minecraft:double_plant	facing=west,half=upper,variant=sunflower	2809
O	minecraft:double_plant	facing=west,half=upper,variant=syringa	2809
O	minecraft:double_stone_slab	seamless=false,variant=brick	692
O	minecraft:double_stone_slab	seamless=false,variant=cobblestone	691
O	minecraft:double_stone_slab	seamless=false,variant=nether_brick	694
O	minecraft:double_stone_slab	seamless=false,variant=quartz	695
O	minecraft:double_stone_slab	seamless=false,variant=sandstone	689
O	minecraft:double_stone_slab	seamless=false,variant=stone	688
O	minecraft:double_stone_slab	seamless=false,variant=stone_brick	693
O	minecraft:double_stone_slab	seamless=false,variant=wood_old	690
O	minecraft:double_stone_slab	seamless=true,variant=brick	700
O	minecraft:double_stone_slab	seamless=true,variant=cobblestone	699
O	minecraft:double_stone_slab	seamless=true,variant=nether_brick	702
O	minecraft:double_stone_slab	seamless=true,variant=quartz	703
O	minecraft:double_stone_slab	seamless=true,variant=sandstone	697
O	minecraft:double_stone_slab	seamless=true,variant=stone	696
O	minecraft:double_stone_slab	seamless=true,variant=stone_brick	701
O	minecraft:double_stone_slab	seamless=true,variant=wood_old	698
O	minecraft:double_stone_slab2	seamless=false,variant=red_sandstone	2896
O	minecraft:double_stone_slab2	seamless=true,variant=red_sandstone	2904
O	minecraft:double_wooden_slab	variant=acacia	2004
O	minecraft:double_wooden_slab	variant=birch	2002
O	minecraft:double_wooden_slab	variant=dark_oak	2005
O	minecraft:double_wooden_slab	variant=jungle	2003
O	minecraft:double_wooden_slab	variant=oak	2000
O	minecraft:double_wooden_slab	variant=spruce	2001
O	minecraft:dragon_egg		1952
O	minecraft:dropper	facing=down,triggered=false	2528
O	minecraft:dropper	facing=down,triggered=true	2536
O	minecraft:dropper	facing=east,triggered=false	2533
O	minecraft:dropper	facing=east,triggered=true	2541
O	minecraft:dropper	facing=north,triggered=false	2530
O	minecraft:dropper	facing=north,triggered=true	2538
O	minecraft:dropper	facing=south,triggered=false	2531
O	minecraft:dropper	facing=south,triggered=true	2539
O	minecraft:dropper	facing=up,triggered=false	2529
O	minecraft:dropper	facing=up,triggered=true	2537
O	minecraft:dropper	facing=west,triggered=false	2532
O	minecraft:dropper	facing=west,triggered=true	2540
O	minecraft:emerald_block		2128
O	minecraft:emerald_ore		2064
O	minecraft:enchanting_table		1856
O	minecraft:end_bricks		3296
O	minecraft:end_gateway		3344
O	minecraft:end_portal		1904
O	minecraft:end_portal_frame	eye=false,facing=east	1923
O	minecraft:end_portal_frame	eye=false,facing=north	1922
O	minecraft:end_portal_frame	eye=false,facing=south	1920
O	minecraft:end_portal_frame	eye=false,facing=west	1921
O	minecraft:end_portal_frame	eye=true,facing=east	1927
O	minecraft:end_portal_frame	eye=true,facing=north	1926
O	minecraft:end_portal_frame	eye=true,facing=south	1924
O	minecraft:end_portal_frame	eye=true,facing=west	1925
O	minecraft:end_rod	facing=down	3168
O	minecraft:end_rod	facing=east	3173
O	minecraft:end_rod	facing=north	3170
O	minecraft:end_rod	facing=south	3171
O	minecraft:end_rod	facing=up	3169
O	minecraft:end_rod	facing=west	3172
O	minecraft:end_stone		1936
O	minecraft:ender_chest	facing=east	2085
O	minecraft:ender_chest	facing=north	2082
O	minecraft:ender_chest	facing=south	2083
O	minecraft:ender_chest	facing=west	2084
O	minecraft:farmland	moisture=0	960
O	minecraft:farmland	moisture=1	961
O	minecraft:farmland	moisture=2	962
O	minecraft:farmland	moisture=3	963
O	minecraft:farmland	moisture=4	964
O	minecraft:farmland	moisture=5	965
O	minecraft:farmland	moisture=6	966
O	minecraft:farmland	moisture=7	967
O	minecraft:fence	east=false,north=false,south=false,west=false	1360
O	minecraft:fence	east=false,north=false,south=false,west=true	1360
O	minecraft:fence	east=false,north=false,south=true,west=false	1360
O	minecraft:fence	east=false,north=false,south=true,west=true	1360
O	minecraft:fence	east=false,north=true,south=false,west=false	1360
O	minecraft:fence	east=false,north=true,south=false,west=true	1360
O	minecraft:fence	east=false,north=true,south=true,west=false	1360
O	minecraft:fence	east=false,north=true,south=true,west=true	1360
O	minecraft:fence	east=true,north=false,south=false,west=false	1360
O	minecraft:fence	east=true,north=false,south=false,west=true	1360
O	minecraft:fence	east=true,north=false,south=true,west=false	1360
O	minecraft:fence	east=true,north=false,south=true,west=true	1360
O	minecraft:fence	east=true,north=true,south=false,west=false	1360
O	minecraft:fence	east=true,north=true,south=false,west=true	1360
O	minecraft:fence	east=true,north=true,south=true,west=false	1360
O	minecraft:fence	east=true,north=true,south=true,west=true	1360
O	minecraft:fence_gate	facing=east,in_wall=false,open=false,powered=false	1715
O	minecraft:fence_gate	facing=east,in_wall=false,open=false,powered=true	1723
O	minecraft:fence_gate	facing=east,in_wall=false,open=true,powered=false	1719
O	minecraft:fence_gate	facing=east,in_wall=false,open=true,powered=true	1727
O	minecraft:fence_gate	facing=east,in_wall=true,open=false,powered=false	1715
O	minecraft:fence_gate	facing=east,in_wall=true,open=false,powered=true	1723
O	minecraft:fence_gate	facing=east,in_wall=true,open=true,powered=false	1719
O	minecraft:fence_gate	facing=east,in_wall=true,open=true,powered=true	1727
O	minecraft:fence_gate	facing=north,in_wall=false,open=false,powered=false	1714
O	minecraft:fence_gate	facing=north,in_wall=false,open=false,powered=true	1722
O	minecraft:fence_gate	facing=north,in_wall=false,open=true,powered=false	1718
O	minecraft:fence_gate	facing=north,in_wall=false,open=true,powered=true	1726
O	minecraft:fence_gate	facing=north,in_wall=true,open=false,powered=false	1714
O	minecraft:fence_gate	facing=north,in_wall=true,open=false,powered=true	1722
O	minecraft:fence_gate	facing=north,in_wall=true,open=true,powered=false	1718
O	minecraft:fence_gate	facing=north,in_wall=true,open=true,powered=true	1726
O	minecraft:fence_gate	facing=south,in_wall=false,open=false,powered=false	1712
O	minecraft:fence_gate	facing=south,in_wall=false,open=false,powered=true	1720
O	minecraft:fence_gate	facing=south,in_wall=false,open=true,powered=false	1716
O	minecraft:fence_gate	facing=south,in_wall=false,open=true,powered=true	1724
O	minecraft:fence_gate	facing=south,in_wall=true,open=false,powered=false	1712
O	minecraft:fence_gate	facing=south,in_wall=true,open=false,powered=true	1720
O	minecraft:fence_gate	facing=south,in_wall=true,open=true,powered=false	1716
O	minecraft:fence_gate	facing=south,in_wall=true,open=true,powered=true	1724
O	minecraft:fence_gate	facing=west,in_wall=false,open=false,powered=false	1713
O	minecraft:fence_gate	facing=west,in_wall=false,open=false,powered=true	1721
O	minecraft:fence_gate	facing=west,in_wall=false,open=true,powered=false	1717
O	minecraft:fence_gate	facing=west,in_wall=false,open=true,powered=true	1725
O	minecraft:fence_gate	facing=west,in_wall=true,open=false,powered=false	1713
O	minecraft:fence_gate	facing=west,in_wall=true,open=false,powered=true	1721
O	minecraft:fence_gate	facing=west,in_wall=true,open=true,powered=false	1717
O	minecraft:fence_gate	facing=west,in_wall=true,open=true,powered=true	1725
O	minecraft:fire	age=0,east=false,north=false,south=false,up=false,west=false	816
O	minecraft:fire	age=0,east=false,north=false,south=false,up=false,west=true	816
O	minecraft:fire	age=0,east=false,north=false,south=false,up=true,west=false	816
O	minecraft:fire	age=0,east=false,north=false,south=false,up=true,west=true	816
O	minecraft:fire	age=0,east=false,north=false,south=true,up=false,west=false	816
O	minecraft:fire	age=0,east=false,north=false,south=true,up=false,west=true	816
O	minecraft:fire	age=0,east=false,north=false,south=true,up=true,west=false	816
O	minecraft:fire	age=0,east=false,north=false,south=true,up=true,west=true	816
O	minecraft:fire	age=0,east=false,north=true,south=false,up=false,west=false	816
O	minecraft:fire	age=0,east=false,north=true,south=false,up=false,west=true	816
O	minecraft:fire	age=0,east=false,north=true,south=false,up=true,west=false	816
O	minecraft:fire	age=0,east=false,north=true,south=false,up=true,west=true	816
O	minecraft:fire	age=0,east=false,north=true,south=true,up=false,west=false	816
O	minecraft:fire	age=0,east=false,north=true,south=true,up=false,west=true	816
O	minecraft:fire	age=0,east=false,north=true,south=true,up=true,west=false	816
O	minecraft:fire	age=0,east=false,north=true,south=true,up=true,west=true	816
O	minecraft:fire	age=0,east=true,north=false,south=false,up=false,west=false	816
O	minecraft:fire	age=0,east=true,north=false,south=false,up=false,west=true	816
O	minecraft:fire	age=0,east=true,north=false,south=false,up=true,west=false	816
O	minecraft:fire	age=0,east=true,north=false,south=false,up=true,west=true	816
O	minecraft:fire	age=0,east=true,north=false,south=true,up=false,west=false	816
O	minecraft:fire	age=0,east=true,north=false,south=true,up=false,west=true	816
O	minecraft:fire	age=0,east=true,north=false,south=true,up=true,west=false	816
O	minecraft:fire	age=0,east=true,north=false,south=true,up=true,west=true	816
O	minecraft:fire	age=0,east=true,north=true,south=false,up=false,west=false	816
O	minecraft:fire	age=0,east=true,north=true,south=false,up=false,west=true	816
O	minecraft:fire	age=0,east=true,north=true,south=false,up=true,west=false	816
O	minecraft:fire	age=0,east=true,north=true,south=false,up=true,west=true	816
O	minecraft:fire	age=0,east=true,north=true,south=true,up=false,west=false	816
O	minecraft:fire	age=0,east=true,north=true,south=true,up=false,west=true	816
O	minecraft:fire	age=0,east=true,north=true,south=true,up=true,west=false	816
O	minecraft:fire	age=0,east=true,north=true,south=true,up=true,west=true	816
O	minecraft:fire	age=1,east=false,north=false,south=false,up=false,west=false	817
O	minecraft:fire	age=1,east=false,north=false,south=false,up=false,west=true	817
O	minecraft:fire	age=1,east=false,north=false,south=false,up=true,west=false	817
O	minecraft:fire	age=1,east=false,north=false,south=false,up=true,west=true	817
O	minecraft:fire	age=1,east=false,north=false,south=true,up=false,west=false	817
O	minecraft:fire	age=1,east=false,north=false,south=true,up=false,west=true	817
O	minecraft:fire	age=1,east=false,north=false,south=true,up=true,west=false	817
O	minecraft:fire	age=1,east=false,north=false,south=true,up=true,west=true	817
O	minecraft:fire	age=1,east=false,north=true,south=false,up=false,west=false	817
O	minecraft:fire	age=1,east=false,north=true,south=false,up=false,west=true	817
O	minecraft:fire	age=1,east=false,north=true,south=false,up=true,west=false	817
O	minecraft:fire	age=1,east=false,north=true,south=false,up=true,west=true	817
O	minecraft:fire	age=1,east=false,north=true,south=true,up=false,west=false	817
O	minecraft:fire	age=1,east=false,north=true,south=true,up=false,west=true	817
O	minecraft:fire	age=1,east=false,north=true,south=true,up=true,west=false	817
O	minecraft:fire	age=1,east=false,north=true,south=true,up=true,west=true	817
O	minecraft:fire	age=1,east=true,north=false,south=false,up=false,west=false	817
O	minecraft:fire	age=1,east=true,north=false,south=false,up=false,west=true	817
O	minecraft:fire	age=1,east=true,north=false,south=false,up=true,west=false	817
O	minecraft:fire	age=1,east=true,north=false,south=false,up=true,west=true	817
O	minecraft:fire	age=1,east=true,north=false,south=true,up=false,west=false	817
O	minecraft:fire	age=1,east=true,north=false,south=true,up=false,west=true	817
O	minecraft:fire	age=1,east=true,north=false,south=true,up=true,west=false	817
O	minecraft:fire	age=1,east=true,north=false,south=true,up=true,west=true	817
O	minecraft:fire	age=1,east=true,north=true,south=false,up=false,west=false	817
O	minecraft:fire	age=1,east=true,north=true,south=false,up=false,west=true	817
O	minecraft:fire	age=1,east=true,north=true,south=false,up=true,west=false	817
O	minecraft:fire	age=1,east=true,north=true,south=false,up=true,west=true	817
O	minecraft:fire	age=1,east=true,north=true,south=true,up=false,west=false	817
O	minecraft:fire	age=1,east=true,north=true,south=true,up=false,west=true	817
O	minecraft:fire	age=1,east=true,north=true,south=true,up=true,west=false	817
O	minecraft:fire	age=1,east=true,north=true,south=true,up=true,west=true	817
O	minecraft:fire	age=10,east=false,north=false,south=false,up=false,west=false	826
O	minecraft:fire	age=10,east=false,north=false,south=false,up=false,west=true	826
O	minecraft:fire	age=10,east=false,north=false,south=false,up=true,west=false	826
O	minecraft:fire	age=10,east=false,north=false,south=false,up=true,west=true	826
O	minecraft:fire	age=10,east=false,north=false,south=true,up=false,west=false	826
O	minecraft:fire	age=10,east=false,north=false,south=true,up=false,west=true	826
O	minecraft:fire	age=10,east=false,north=false,south=true,up=true,west=false	826
O	minecraft:fire	age=10,east=false,north=false,south=true,up=true,west=true	826
O	minecraft:fire	age=10,east=false,north=true,south=false,up=false,west=false	826
O	minecraft:fire	age=10,east=false,north=true,south=false,up=false,west=true	826
O	minecraft:fire	age=10,east=false,north=true,south=false,up=true,west=false	826
O	minecraft:fire	age=10,east=false,north=true,south=false,up=true,west=true	826
O	minecraft:fire	age=10,east=false,north=true,south=true,up=false,west=false	826
O	minecraft:fire	age=10,east=false,north=true,south=true,up=false,west=true	826
O	minecraft:fire	age=10,east=false,north=true,south=true,up=true,west=false	826
O	minecraft:fire	age=10,east=false,north=true,south=true,up=true,west=true	826
O	minecraft:fire	age=10,east=true,north=false,south=false,up=false,west=false	826
O	minecraft:fire	age=10,east=true,north=false,south=false,up=false,west=true	826
O	minecraft:fire	age=10,east=true,north=false,south=false,up=true,west=false	826
O	minecraft:fire	age=10,east=true,north=false,south=false,up=true,west=true	826
O	minecraft:fire	age=10,east=true,north=false,south=true,up=false,west=false	826
O	minecraft:fire	age=10,east=true,north=false,south=true,up=false,west=true	826
O	minecraft:fire	age=10,east=true,north=false,south=true,up=true,west=false	826
O	minecraft:fire	age=10,east=true,north=false,south=true,up=true,west=true	826
O	minecraft:fire	age=10,east=true,north=true,south=false,up=false,west=false	826
O	minecraft:fire	age=10,east=true,north=true,south=false,up=false,west=true	826
O	minecraft:fire	age=10,east=true,north=true,south=false,up=true,west=false	826
O	minecraft:fire	age=10,east=true,north=true,south=false,up=true,west=true	826
O	minecraft:fire	age=10,east=true,north=true,south=true,up=false,west=false	826
O	minecraft:fire	age=10,east=true,north=true,south=true,up=false,west=true	826
O	minecraft:fire	age=10,east=true,north=true,south=true,up=true,west=false	826
O	minecraft:fire	age=10,east=true,north=true,south=true,up=true,west=true	826
O	minecraft:fire	age=11,east=false,north=false,south=false,up=false,west=false	827
O	minecraft:fire	age=11,east=false,north=false,south=false,up=false,west=true	827
O	minecraft:fire	age=11,east=false,north=false,south=false,up=true,west=false	827
O	minecraft:fire	age=11,east=false,north=false,south=false,up=true,west=true	827
O	minecraft:fire	age=11,east=false,north=false,south=true,up=false,west=false	827
O	minecraft:fire	age=11,east=false,north=false,south=true,up=false,west=true	827
O	minecraft:fire	age=11,east=false,north=false,south=true,up=true,west=false	827
O	minecraft:fire	age=11,east=false,north=false,south=true,up=true,west=true	827
O	minecraft:fire	age=11,east=false,north=true,south=false,up=false,west=false	827
O	minecraft:fire	age=11,east=false,north=true,south=false,up=false,west=true	827
O	minecraft:fire	age=11,east=false,north=true,south=false,up=true,west=false	827
O	minecraft:fire	age=11,east=false,north=true,south=false,up=true,west=true	827
O	minecraft:fire	age=11,east=false,north=true,south=true,up=false,west=false	827
O	minecraft:fire	age=11,east=false,north=true,south=true,up=false,west=true	827
O	minecraft:fire	age=11,east=false,north=true,south=true,up=true,west=false	827
O	minecraft:fire	age=11,east=false,north=true,south=true,up=true,west=true	827
O	minecraft:fire	age=11,east=true,north=false,south=false,up=false,west=false	827
O	minecraft:fire	age=11,east=true,north=false,south=false,up=false,west=true	827
O	minecraft:fire	age=11,east=true,north=false,south=false,up=true,west=false	827
O	minecraft:fire	age=11,east=true,north=false,south=false,up=true,west=true	827
O	minecraft:fire	age=11,east=true,north=false,south=true,up=false,west=false	827
O	minecraft:fire	age=11,east=true,north=false,south=true,up=false,west=true	827
O	minecraft:fire	age=11,east=true,north=false,south=true,up=true,west=false	827
O	minecraft:fire	age=11,east=true,north=false,south=true,up=true,west=true	827
O	minecraft:fire	age=11,east=true,north=true,south=false,up=false,west=false	827
O	minecraft:fire	age=11,east=true,north=true,south=false,up=false,west=true	827
O	minecraft:fire	age=11,east=true,north=true,south=false,up=true,west=false	827
O	minecraft:fire	age=11,east=true,north=true,south=false,up=true,west=true	827
O	minecraft:fire	age=11,east=true,north=true,south=true,up=false,west=false	827
O	minecraft:fire	age=11,east=true,north=true,south=true,up=false,west=true	827
O	minecraft:fire	age=11,east=true,north=true,south=true,up=true,west=false	827
O	minecraft:fire	age=11,east=true,north=true,south=true,up=true,west=true	827
O	minecraft:fire	age=12,east=false,north=false,south=false,up=false,west=false	828
O	minecraft:fire	age=12,east=false,north=false,south=false,up=false,west=true	828
O	minecraft:fire	age=12,east=false,north=false,south=false,up=true,west=false	828
O	minecraft:fire	age=12,east=false,north=false,south=false,up=true,west=true	828
O	minecraft:fire	age=12,east=false,north=false,south=true,up=false,west=false	828
O	minecraft:fire	age=12,east=false,north=false,south=true,up=false,west=true	828
O	minecraft:fire	age=12,east=false,north=false,south=true,up=true,west=false	828
O	minecraft:fire	age=12,east=false,north=false,south=true,up=true,west=true	828
O	minecraft:fire	age=12,east=false,north=true,south=false,up=false,west=false	828
O	minecraft:fire	age=12,east=false,north=true,south=false,up=false,west=true	828
O	minecraft:fire	age=12,east=false,north=true,south=false,up=true,west=false	828
O	minecraft:fire	age=12,east=false,north=true,south=false,up=true,west=true	828
O	minecraft:fire	age=12,east=false,north=true,south=true,up=false,west=false	828
O	minecraft:fire	age=12,east=false,north=true,south=true,up=false,west=true	828
O	minecraft:fire	age=12,east=false,north=true,south=true,up=true,west=false	828
O	minecraft:fire	age=12,east=false,north=true,south=true,up=true,west=true	828
O	minecraft:fire	age=12,east=true,north=false,south=false,up=false,west=false	828
O	minecraft:fire	age=12,east=true,north=false,south=false,up=false,west=true	828
O	minecraft:fire	age=12,east=true,north=false,south=false,up=true,west=false	828
O	minecraft:fire	age=12,east=true,north=false,south=false,up=true,west=true	828
O	minecraft:fire	age=12,east=true,north=false,south=true,up=false,west=false	828
O	minecraft:fire	age=12,east=true,north=false,south=true,up=false,west=true	828
O	minecraft:fire	age=12,east=true,north=false,south=true,up=true,west=false	828
O	minecraft:fire	age=12,east=true,north=false,south=true,up=true,west=true	828
O	minecraft:fire	age=12,east=true,north=true,south=false,up=false,west=false	828
O	minecraft:fire	age=12,east=true,north=true,south=false,up=false,west=true	828
O	minecraft:fire	age=12,east=true,north=true,south=false,up=true,west=false	828
O	minecraft:fire	age=12,east=true,north=true,south=false,up=true,west=true	828
O	minecraft:fire	age=12,east=true,north=true,south=true,up=false,west=false	828
O	minecraft:fire	age=12,east=true,north=true,south=true,up=false,west=true	828
O	minecraft:fire	age=12,east=true,north=true,south=true,up=true,west=false	828
O	minecraft:fire	age=12,east=true,north=true,south=true,up=true,west=true	828
O	minecraft:fire	age=13,east=false,north=false,south=false,up=false,west=false	829
O	minecraft:fire	age=13,east=false,north=false,south=false,up=false,west=true	829
O	minecraft:fire	age=13,east=false,north=false,south=false,up=true,west=false	829
O	minecraft:fire	age=13,east=false,north=false,south=false,up=true,west=true	829
O	minecraft:fire	age=13,east=false,north=false,south=true,up=false,west=false	829
O	minecraft:fire	age=13,east=false,north=false,south=true,up=false,west=true	829
O	minecraft:fire	age=13,east=false,north=false,south=true,up=true,west=false	829
O	minecraft:fire	age=13,east=false,north=false,south=true,up=true,west=true	829
O	minecraft:fire	age=13,east=false,north=true,south=false,up=false,west=false	829
O	minecraft:fire	age=13,east=false,north=true,south=false,up=false,west=true	829
O	minecraft:fire	age=13,east=false,north=true,south=false,up=true,west=false	829
O	minecraft:fire	age=13,east=false,north=true,south=false,up=true,west=true	829
O	minecraft:fire	age=13,east=false,north=true,south=true,up=false,west=false	829
O	minecraft:fire	age=13,east=false,north=true,south=true,up=false,west=true	829
O	minecraft:fire	age=13,east=false,north=true,south=true,up=true,west=false	829
O	minecraft:fire	age=13,east=false,north=true,south=true,up=true,west=true	829
O	minecraft:fire	age=13,east=true,north=false,south=false,up=false,west=false	829
O	minecraft:fire	age=13,east=true,north=false,south=false,up=false,west=true	829
O	minecraft:fire	age=13,east=true,north=false,south=false,up=true,west=false	829
O	minecraft:fire	age=13,east=true,north=false,south=false,up=true,west=true	829
O	minecraft:fire	age=13,east=true,north=false,south=true,up=false,west=false	829
O	minecraft:fire	age=13,east=true,north=false,south=true,up=false,west=true	829
O	minecraft:fire	age=13,east=true,north=false,south=true,up=true,west=false	829
O	minecraft:fire	age=13,east=true,north=false,south=true,up=true,west=true	829
O	minecraft:fire	age=13,east=true,north=true,south=false,up=false,west=false	829
O	minecraft:fire	age=13,east=true,north=true,south=false,up=false,west=true	829
O	minecraft:fire	age=13,east=true,north=true,south=false,up=true,west=false	829
O	minecraft:fire	age=13,east=true,north=true,south=false,up=true,west=true	829
O	minecraft:fire	age=13,east=true,north=true,south=true,up=false,west=false	829
O	minecraft:fire	age=13,east=true,north=true,south=true,up=false,west=true	829
O	minecraft:fire	age=13,east=true,north=true,south=true,up=true,west=false	829
O	minecraft:fire	age=13,east=true,north=true,south=true,up=true,west=true	829
O	minecraft:fire	age=14,east=false,north=false,south=false,up=false,west=false	830
O	minecraft:fire	age=14,east=false,north=false,south=false,up=false,west=true	830
O	minecraft:fire	age=14,east=false,north=false,south=false,up=true,west=false	830
O	minecraft:fire	age=14,east=false,north=false,south=false,up=true,west=true	830
O	minecraft:fire	age=14,east=false,north=false,south=true,up=false,west=false	830
O	minecraft:fire	age=14,east=false,north=false,south=true,up=false,west=true	830
O	minecraft:fire	age=14,east=false,north=false,south=true,up=true,west=false	830
O	minecraft:fire	age=14,east=false,north=false,south=true,up=true,west=true	830
O	minecraft:fire	age=14,east=false,north=true,south=false,up=false,west=false	830
O	minecraft:fire	age=14,east=false,north=true,south=false,up=false,west=true	830
O	minecraft:fire	age=14,east=false,north=true,south=false,up=true,west=false	830
O	minecraft:fire	age=14,east=false,north=true,south=false,up=true,west=true	830
O	minecraft:fire	age=14,east=false,north=true,south=true,up=false,west=false	830
O	minecraft:fire	age=14,east=false,north=true,south=true,up=false,west=true	830
O	minecraft:fire	age=14,east=false,north=true,south=true,up=true,west=false	830
O	minecraft:fire	age=14,east=false,north=true,south=true,up=true,west=true	830
O	minecraft:fire	age=14,east=true,north=false,south=false,up=false,west=false	830
O	minecraft:fire	age=14,east=true,north=false,south=false,up=false,west=true	830
O	minecraft:fire	age=14,east=true,north=false,south=false,up=true,west=false	830
O	minecraft:fire	age=14,east=true,north=false,south=false,up=true,west=true	830
O	minecraft:fire	age=14,east=true,north=false,south=true,up=false,west=false	830
O	minecraft:fire	age=14,east=true,north=false,south=true,up=false,west=true	830
O	minecraft:fire	age=14,east=true,north=false,south=true,up=true,west=false	830
O	minecraft:fire	age=14,east=true,north=false,south=true,up=true,west=true	830
O	minecraft:fire	age=14,east=true,north=true,south=false,up=false,west=false	830
O	minecraft:fire	age=14,east=true,north=true,south=false,up=false,west=true	830
O	minecraft:fire	age=14,east=true,north=true,south=false,up=true,west=false	830
O	minecraft:fire	age=14,east=true,north=true,south=false,up=true,west=true	830
O	minecraft:fire	age=14,east=true,north=true,south=true,up=false,west=false	830
O	minecraft:fire	age=14,east=true,north=true,south=true,up=false,west=true	830
O	minecraft:fire	age=14,east=true,north=true,south=true,up=true,west=false	830
O	minecraft:fire	age=14,east=true,north=true,south=true,up=true,west=true	830
O	minecraft:fire	age=15,east=false,north=false,south=false,up=false,west=false	831
O	minecraft:fire	age=15,east=false,north=false,south=false,up=false,west=true	831
O	minecraft:fire	age=15,east=false,north=false,south=false,up=true,west=false	831
O	minecraft:fire	age=15,east=false,north=false,south=false,up=true,west=true	831
O	minecraft:fire	age=15,east=false,north=false,south=true,up=false,west=false	831
O	minecraft:fire	age=15,east=false,north=false,south=true,up=false,west=true	831
O	minecraft:fire	age=15,east=false,north=false,south=true,up=true,west=false	831
O	minecraft:fire	age=15,east=false,north=false,south=true,up=true,west=true	831
O	minecraft:fire	age=15,east=false,north=true,south=false,up=false,west=false	831
O	minecraft:fire	age=15,east=false,north=true,south=false,up=false,west=true	831
O	minecraft:fire	age=15,east=false,north=true,south=false,up=true,west=false	831
O	minecraft:fire	age=15,east=false,north=true,south=false,up=true,west=true	831
O	minecraft:fire	age=15,east=false,north=true,south=true,up=false,west=false	831
O	minecraft:fire	age=15,east=false,north=true,south=true,up=false,west=true	831
O	minecraft:fire	age=15,east=false,north=true,south=true,up=true,west=false	831
O	minecraft:fire	age=15,east=false,north=true,south=true,up=true,west=true	831
O	minecraft:fire	age=15,east=true,north=false,south=false,up=false,west=false	831
O	minecraft:fire	age=15,east=true,north=false,south=false,up=false,west=true	831
O	minecraft:fire	age=15,east=true,north=false,south=false,up=true,west=false	831
O	minecraft:fire	age=15,east=true,north=false,south=false,up=true,west=true	831
O	minecraft:fire	age=15,east=true,north=false,south=true,up=false,west=false	831
O	minecraft:fire	age=15,east=true,north=false,south=true,up=false,west=true	831
O	minecraft:fire	age=15,east=true,north=false,south=true,up=true,west=false	831
O	minecraft:fire	age=15,east=true,north=false,south=true,up=true,west=true	831
O	minecraft:fire	age=15,east=true,north=true,south=false,up=false,west=false	831
O	minecraft:fire	age=15,east=true,north=true,south=false,up=false,west=true	831
O	minecraft:fire	age=15,east=true,north=true,south=false,up=true,west=false	831
O	minecraft:fire	age=15,east=true,north=true,south=false,up=true,west=true	831
O	minecraft:fire	age=15,east=true,north=true,south=true,up=false,west=false	831
O	minecraft:fire	age=15,east=true,north=true,south=true,up=false,west=true	831
O	minecraft:fire	age=15,east=true,north=true,south=true,up=true,west=false	831
O	minecraft:fire	age=15,east=true,north=true,south=true,up=true,west=true	831
O	minecraft:fire	age=2,east=false,north=false,south=false,up=false,west=false	818
O	minecraft:fire	age=2,east=false,north=false,south=false,up=false,west=true	818
O	minecraft:fire	age=2,east=false,north=false,south=false,up=true,west=false	818
O	minecraft:fire	age=2,east=false,north=false,south=false,up=true,west=true	818
O	minecraft:fire	age=2,east=false,north=false,south=true,up=false,west=false	818
O	minecraft:fire	age=2,east=false,north=false,south=true,up=false,west=true	818
O	minecraft:fire	age=2,east=false,north=false,south=true,up=true,west=false	818
O	minecraft:fire	age=2,east=false,north=false,south=true,up=true,west=true	818
O	minecraft:fire	age=2,east=false,north=true,south=false,up=false,west=false	818
O	minecraft:fire	age=2,east=false,north=true,south=false,up=false,west=true	818
O	minecraft:fire	age=2,east=false,north=true,south=false,up=true,west=false	818
O	minecraft:fire	age=2,east=false,north=true,south=false,up=true,west=true	818
O	minecraft:fire	age=2,east=false,north=true,south=true,up=false,west=false	818
O	minecraft:fire	age=2,east=false,north=true,south=true,up=false,west=true	818
O	minecraft:fire	age=2,east=false,north=true,south=true,up=true,west=false	818
O	minecraft:fire	age=2,east=false,north=true,south=true,up=true,west=true	818
O	minecraft:fire	age=2,east=true,north=false,south=false,up=false,west=false	818
O	minecraft:fire	age=2,east=true,north=false,south=false,up=false,west=true	818
O	minecraft:fire	age=2,east=true,north=false,south=false,up=true,west=false	818
O	minecraft:fire	age=2,east=true,north=false,south=false,up=true,west=true	818
O	minecraft:fire	age=2,east=true,north=false,south=true,up=false,west=false	818
O	minecraft:fire	age=2,east=true,north=false,south=true,up=false,west=true	818
O	minecraft:fire	age=2,east=true,north=false,south=true,up=true,west=false	818
O	minecraft:fire	age=2,east=true,north=false,south=true,up=true,west=true	818
O	minecraft:fire	age=2,east=true,north=true,south=false,up=false,west=false	818
O	minecraft:fire	age=2,east=true,north=true,south=false,up=false,west=true	818
O	minecraft:fire	age=2,east=true,north=true,south=false,up=true,west=false	818
O	minecraft:fire	age=2,east=true,north=true,south=false,up=true,west=true	818
O	minecraft:fire	age=2,east=true,north=true,south=true,up=false,west=false	818
O	minecraft:fire	age=2,east=true,north=true,south=true,up=false,west=true	818
O	minecraft:fire	age=2,east=true,north=true,south=true,up=true,west=false	818
O	minecraft:fire	age=2,east=true,north=true,south=true,up=true,west=true	818
O	minecraft:fire	age=3,east=false,north=false,south=false,up=false,west=false	819
O	minecraft:fire	age=3,east=false,north=false,south=false,up=false,west=true	819
O	minecraft:fire	age=3,east=false,north=false,south=false,up=true,west=false	819
O	minecraft:fire	age=3,east=false,north=false,south=false,up=true,west=true	819
O	minecraft:fire	age=3,east=false,north=false,south=true,up=false,west=false	819
O	minecraft:fire	age=3,east=false,north=false,south=true,up=false,west=true	819
O	minecraft:fire	age=3,east=false,north=false,south=true,up=true,west=false	819
O	minecraft:fire	age=3,east=false,north=false,south=true,up=true,west=true	819
O	minecraft:fire	age=3,east=false,north=true,south=false,up=false,west=false	819
O	minecraft:fire	age=3,east=false,north=true,south=false,up=false,west=true	819
O	minecraft:fire	age=3,east=false,north=true,south=false,up=true,west=false	819
O	minecraft:fire	age=3,east=false,north=true,south=false,up=true,west=true	819
O	minecraft:fire	age=3,east=false,north=true,south=true,up=false,west=false	819
O	minecraft:fire	age=3,east=false,north=true,south=true,up=false,west=true	819
O	minecraft:fire	age=3,east=false,north=true,south=true,up=true,west=false	819
O	minecraft:fire	age=3,east=false,north=true,south=true,up=true,west=true	819
O	minecraft:fire	age=3,east=true,north=false,south=false,up=false,west=false	819
O	minecraft:fire	age=3,east=true,north=false,south=false,up=false,west=true	819
O	minecraft:fire	age=3,east=true,north=false,south=false,up=true,west=false	819
O	minecraft:fire	age=3,east=true,north=false,south=false,up=true,west=true	819
O	minecraft:fire	age=3,east=true,north=false,south=true,up=false,west=false	819
O	minecraft:fire	age=3,east=true,north=false,south=true,up=false,west=true	819
O	minecraft:fire	age=3,east=true,north=false,south=true,up=true,west=false	819
O	minecraft:fire	age=3,east=true,north=false,south=true,up=true,west=true	819
O	minecraft:fire	age=3,east=true,north=true,south=false,up=false,west=false	819
O	minecraft:fire	age=3,east=true,north=true,south=false,up=false,west=true	819
O	minecraft:fire	age=3,east=true,north=true,south=false,up=true,west=false	819
O	minecraft:fire	age=3,east=true,north=true,south=false,up=true,west=true	819
O	minecraft:fire	age=3,east=true,north=true,south=true,up=false,west=false	819
O	minecraft:fire	age=3,east=true,north=true,south=true,up=false,west=true	819
O	minecraft:fire	age=3,east=true,north=true,south=true,up=true,west=false	819
O	minecraft:fire	age=3,east=true,north=true,south=true,up=true,west=true	819
O	minecraft:fire	age=4,east=false,north=false,south=false,up=false,west=false	820
O	minecraft:fire	age=4,east=false,north=false,south=false,up=false,west=true	820
O	minecraft:fire	age=4,east=false,north=false,south=false,up=true,west=false	820
O	minecraft:fire	age=4,east=false,north=false,south=false,up=true,west=true	820
O	minecraft:fire	age=4,east=false,north=false,south=true,up=false,west=false	820
O	minecraft:fire	age=4,east=false,north=false,south=true,up=false,west=true	820
O	minecraft:fire	age=4,east=false,north=false,south=true,up=true,west=false	820
O	minecraft:fire	age=4,east=false,north=false,south=true,up=true,west=true	820
O	minecraft:fire	age=4,east=false,north=true,south=false,up=false,west=false	820
O	minecraft:fire	age=4,east=false,north=true,south=false,up=false,west=true	820
O	minecraft:fire	age=4,east=false,north=true,south=false,up=true,west=false	820
O	minecraft:fire	age=4,east=false,north=true,south=false,up=true,west=true	820
O	minecraft:fire	age=4,east=false,north=true,south=true,up=false,west=false	820
O	minecraft:fire	age=4,east=false,north=true,south=true,up=false,west=true	820
O	minecraft:fire	age=4,east=false,north=true,south=true,up=true,west=false	820
O	minecraft:fire	age=4,east=false,north=true,south=true,up=true,west=true	820
O	minecraft:fire	age=4,east=true,north=false,south=false,up=false,west=false	820
O	minecraft:fire	age=4,east=true,north=false,south=false,up=false,west=true	820
O	minecraft:fire	age=4,east=true,north=false,south=false,up=true,west=false	820
O	minecraft:fire	age=4,east=true,north=false,south=false,up=true,west=true	820
O	minecraft:fire	age=4,east=true,north=false,south=true,up=false,west=false	820
O	minecraft:fire	age=4,east=true,north=false,south=true,up=false,west=true	820
O	minecraft:fire	age=4,east=true,north=false,south=true,up=true,west=false	820
O	minecraft:fire	age=4,east=true,north=false,south=true,up=true,west=true	820
O	minecraft:fire	age=4,east=true,north=true,south=false,up=false,west=false	820
O	minecraft:fire	age=4,east=true,north=true,south=false,up=false,west=true	820
O	minecraft:fire	age=4,east=true,north=true,south=false,up=true,west=false	820
O	minecraft:fire	age=4,east=true,north=true,south=false,up=true,west=true	820
O	minecraft:fire	age=4,east=true,north=true,south=true,up=false,west=false	820
O	minecraft:fire	age=4,east=true,north=true,south=true,up=false,west=true	820
O	minecraft:fire	age=4,east=true,north=true,south=true,up=true,west=false	820
O	minecraft:fire	age=4,east=true,north=true,south=true,up=true,west=true	820
O	minecraft:fire	age=5,east=false,north=false,south=false,up=false,west=false	821
O	minecraft:fire	age=5,east=false,north=false,south=false,up=false,west=true	821
O	minecraft:fire	age=5,east=false,north=false,south=false,up=true,west=false	821
O	minecraft:fire	age=5,east=false,north=false,south=false,up=true,west=true	821
O	minecraft:fire	age=5,east=false,north=false,south=true,up=false,west=false	821
O	minecraft:fire	age=5,east=false,north=false,south=true,up=false,west=true	821
O	minecraft:fire	age=5,east=false,north=false,south=true,up=true,west=false	821
O	minecraft:fire	age=5,east=false,north=false,south=true,up=true,west=true	821
O	minecraft:fire	age=5,east=false,north=true,south=false,up=false,west=false	821
O	minecraft:fire	age=5,east=false,north=true,south=false,up=false,west=true	821
O	minecraft:fire	age=5,east=false,north=true,south=false,up=true,west=false	821
O	minecraft:fire	age=5,east=false,north=true,south=false,up=true,west=true	821
O	minecraft:fire	age=5,east=false,north=true,south=true,up=false,west=false	821
O	minecraft:fire	age=5,east=false,north=true,south=true,up=false,west=true	821
O	minecraft:fire	age=5,east=false,north=true,south=true,up=true,west=false	821
O	minecraft:fire	age=5,east=false,north=true,south=true,up=true,west=true	821
O	minecraft:fire	age=5,east=true,north=false,south=false,up=false,west=false	821
O	minecraft:fire	age=5,east=true,north=false,south=false,up=false,west=true	821
O	minecraft:fire	age=5,east=true,north=false,south=false,up=true,west=false	821
O	minecraft:fire	age=5,east=true,north=false,south=false,up=true,west=true	821
O	minecraft:fire	age=5,east=true,north=false,south=true,up=false,west=false	821
O	minecraft:fire	age=5,east=true,north=false,south=true,up=false,west=true	821
O	minecraft:fire	age=5,east=true,north=false,south=true,up=true,west=false	821
O	minecraft:fire	age=5,east=true,north=false,south=true,up=true,west=true	821
O	minecraft:fire	age=5,east=true,north=true,south=false,up=false,west=false	821
O	minecraft:fire	age=5,east=true,north=true,south=false,up=false,west=true	821
O	minecraft:fire	age=5,east=true,north=true,south=false,up=true,west=false	821
O	minecraft:fire	age=5,east=true,north=true,south=false,up=true,west=true	821
O	minecraft:fire	age=5,east=true,north=true,south=true,up=false,west=false	821
O	minecraft:fire	age=5,east=true,north=true,south=true,up=false,west=true	821
O	minecraft:fire	age=5,east=true,north=true,south=true,up=true,west=false	821
O	minecraft:fire	age=5,east=true,north=true,south=true,up=true,west=true	821
O	minecraft:fire	age=6,east=false,north=false,south=false,up=false,west=false	822
O	minecraft:fire	age=6,east=false,north=false,south=false,up=false,west=true	822
O	minecraft:fire	age=6,east=false,north=false,south=false,up=true,west=false	822
O	minecraft:fire	age=6,east=false,north=false,south=false,up=true,west=true	822
O	minecraft:fire	age=6,east=false,north=false,south=true,up=false,west=false	822
O	minecraft:fire	age=6,east=false,north=false,south=true,up=false,west=true	822
O	minecraft:fire	age=6,east=false,north=false,south=true,up=true,west=false	822
O	minecraft:fire	age=6,east=false,north=false,south=true,up=true,west=true	822
O	minecraft:fire	age=6,east=false,north=true,south=false,up=false,west=false	822
O	minecraft:fire	age=6,east=false,north=true,south=false,up=false,west=true	822
O	minecraft:fire	age=6,east=false,north=true,south=false,up=true,west=false	822
O	minecraft:fire	age=6,east=false,north=true,south=false,up=true,west=true	822
O	minecraft:fire	age=6,east=false,north=true,south=true,up=false,west=false	822
O	minecraft:fire	age=6,east=false,north=true,south=true,up=false,west=true	822
O	minecraft:fire	age=6,east=false,north=true,south=true,up=true,west=false	822
O	minecraft:fire	age=6,east=false,north=true,south=true,up=true,west=true	822
O	minecraft:fire	age=6,east=true,north=false,south=false,up=false,west=false	822
O	minecraft:fire	age=6,east=true,north=false,south=false,up=false,west=true	822
O	minecraft:fire	age=6,east=true,north=false,south=false,up=true,west=false	822
O	minecraft:fire	age=6,east=true,north=false,south=false,up=true,west=true	822
O	minecraft:fire	age=6,east=true,north=false,south=true,up=false,west=false	822
O	minecraft:fire	age=6,east=true,north=false,south=true,up=false,west=true	822
O	minecraft:fire	age=6,east=true,north=false,south=true,up=true,west=false	822
O	minecraft:fire	age=6,east=true,north=false,south=true,up=true,west=true	822
O	minecraft:fire	age=6,east=true,north=true,south=false,up=false,west=false	822
O	minecraft:fire	age=6,east=true,north=true,south=false,up=false,west=true	822
O	minecraft:fire	age=6,east=true,north=true,south=false,up=true,west=false	822
O	minecraft:fire	age=6,east=true,north=true,south=false,up=true,west=true	822
O	minecraft:fire	age=6,east=true,north=true,south=true,up=false,west=false	822
O	minecraft:fire	age=6,east=true,north=true,south=true,up=false,west=true	822
O	minecraft:fire	age=6,east=true,north=true,south=true,up=true,west=false	822
O	minecraft:fire	age=6,east=true,north=true,south=true,up=true,west=true	822
O	minecraft:fire	age=7,east=false,north=false,south=false,up=false,west=false	823
O	minecraft:fire	age=7,east=false,north=false,south=false,up=false,west=true	823
O	minecraft:fire	age=7,east=false,north=false,south=false,up=true,west=false	823
O	minecraft:fire	age=7,east=false,north=false,south=false,up=true,west=true	823
O	minecraft:fire	age=7,east=false,north=false,south=true,up=false,west=false	823
O	minecraft:fire	age=7,east=false,north=false,south=true,up=false,west=true	823
O	minecraft:fire	age=7,east=false,north=false,south=true,up=true,west=false	823
O	minecraft:fire	age=7,east=false,north=false,south=true,up=true,west=true	823
O	minecraft:fire	age=7,east=false,north=true,south=false,up=false,west=false	823
O	minecraft:fire	age=7,east=false,north=true,south=false,up=false,west=true	823
O	minecraft:fire	age=7,east=false,north=true,south=false,up=true,west=false	823
O	minecraft:fire	age=7,east=false,north=true,south=false,up=true,west=true	823
O	minecraft:fire	age=7,east=false,north=true,south=true,up=false,west=false	823
O	minecraft:fire	age=7,east=false,north=true,south=true,up=false,west=true	823
O	minecraft:fire	age=7,east=false,north=true,south=true,up=true,west=false	823
O	minecraft:fire	age=7,east=false,north=true,south=true,up=true,west=true	823
O	minecraft:fire	age=7,east=true,north=false,south=false,up=false,west=false	823
O	minecraft:fire	age=7,east=true,north=false,south=false,up=false,west=true	823
O	minecraft:fire	age=7,east=true,north=false,south=false,up=true,west=false	823
O	minecraft:fire	age=7,east=true,north=false,south=false,up=true,west=true	823
O	minecraft:fire	age=7,east=true,north=false,south=true,up=false,west=false	823
O	minecraft:fire	age=7,east=true,north=false,south=true,up=false,west=true	823
O	minecraft:fire	age=7,east=true,north=false,south=true,up=true,west=false	823
O	minecraft:fire	age=7,east=true,north=false,south=true,up=true,west=true	823
O	minecraft:fire	age=7,east=true,north=true,south=false,up=false,west=false	823
O	minecraft:fire	age=7,east=true,north=true,south=false,up=false,west=true	823
O	minecraft:fire	age=7,east=true,north=true,south=false,up=true,west=false	823
O	minecraft:fire	age=7,east=true,north=true,south=false,up=true,west=true	823
O	minecraft:fire	age=7,east=true,north=true,south=true,up=false,west=false	823
O	minecraft:fire	age=7,east=true,north=true,south=true,up=false,west=true	823
O	minecraft:fire	age=7,east=true,north=true,south=true,up=true,west=false	823
O	minecraft:fire	age=7,east=true,north=true,south=true,up=true,west=true	823
O	minecraft:fire	age=8,east=false,north=false,south=false,up=false,west=false	824
O	minecraft:fire	age=8,east=false,north=false,south=false,up=false,west=true	824
O	minecraft:fire	age=8,east=false,north=false,south=false,up=true,west=false	824
O	minecraft:fire	age=8,east=false,north=false,south=false,up=true,west=true	824
O	minecraft:fire	age=8,east=false,north=false,south=true,up=false,west=false	824
O	minecraft:fire	age=8,east=false,north=false,south=true,up=false,west=true	824
O	minecraft:fire	age=8,east=false,north=false,south=true,up=true,west=false	824
O	minecraft:fire	age=8,east=false,north=false,south=true,up=true,west=true	824
O	minecraft:fire	age=8,east=false,north=true,south=false,up=false,west=false	824
O	minecraft:fire	age=8,east=false,north=true,south=false,up=false,west=true	824
O	minecraft:fire	age=8,east=false,north=true,south=false,up=true,west=false	824
O	minecraft:fire	age=8,east=false,north=true,south=false,up=true,west=true	824
O	minecraft:fire	age=8,east=false,north=true,south=true,up=false,west=false	824
O	minecraft:fire	age=8,east=false,north=true,south=true,up=false,west=true	824
O	minecraft:fire	age=8,east=false,north=true,south=true,up=true,west=false	824
O	minecraft:fire	age=8,east=false,north=true,south=true,up=true,west=true	824
O	minecraft:fire	age=8,east=true,north=false,south=false,up=false,west=false	824
O	minecraft:fire	age=8,east=true,north=false,south=false,up=false,west=true	824
O	minecraft:fire	age=8,east=true,north=false,south=false,up=true,west=false	824
O	minecraft:fire	age=8,east=true,north=false,south=false,up=true,west=true	824
O	minecraft:fire	age=8,east=true,north=false,south=true,up=false,west=false	824
O	minecraft:fire	age=8,east=true,north=false,south=true,up=false,west=true	824
O	minecraft:fire	age=8,east=true,north=false,south=true,up=true,west=false	824
O	minecraft:fire	age=8,east=true,north=false,south=true,up=true,west=true	824
O	minecraft:fire	age=8,east=true,north=true,south=false,up=false,west=false	824
O	minecraft:fire	age=8,east=true,north=true,south=false,up=false,west=true	824
O	minecraft:fire	age=8,east=true,north=true,south=false,up=true,west=false	824
O	minecraft:fire	age=8,east=true,north=true,south=false,up=true,west=true	824
O	minecraft:fire	age=8,east=true,north=true,south=true,up=false,west=false	824
O	minecraft:fire	age=8,east=true,north=true,south=true,up=false,west=true	824
O	minecraft:fire	age=8,east=true,north=true,south=true,up=true,west=false	824
O	minecraft:fire	age=8,east=true,north=true,south=true,up=true,west=true	824
O	minecraft:fire	age=9,east=false,north=false,south=false,up=false,west=false	825
O	minecraft:fire	age=9,east=false,north=false,south=false,up=false,west=true	825
O	minecraft:fire	age=9,east=false,north=false,south=false,up=true,west=false	825
O	minecraft:fire	age=9,east=false,north=false,south=false,up=true,west=true	825
O	minecraft:fire	age=9,east=false,north=false,south=true,up=false,west=false	825
O	minecraft:fire	age=9,east=false,north=false,south=true,up=false,west=true	825
O	minecraft:fire	age=9,east=false,north=false,south=true,up=true,west=false	825
O	minecraft:fire	age=9,east=false,north=false,south=true,up=true,west=true	825
O	minecraft:fire	age=9,east=false,north=true,south=false,up=false,west=false	825
O	minecraft:fire	age=9,east=false,north=true,south=false,up=false,west=true	825
O	minecraft:fire	age=9,east=false,north=true,south=false,up=true,west=false	825
O	minecraft:fire	age=9,east=false,north=true,south=false,up=true,west=true	825
O	minecraft:fire	age=9,east=false,north=true,south=true,up=false,west=false	825
O	minecraft:fire	age=9,east=false,north=true,south=true,up=false,west=true	825
O	minecraft:fire	age=9,east=false,north=true,south=true,up=true,west=false	825
O	minecraft:fire	age=9,east=false,north=true,south=true,up=true,west=true	825
O	minecraft:fire	age=9,east=true,north=false,south=false,up=false,west=false	825
O	minecraft:fire	age=9,east=true,north=false,south=false,up=false,west=true	825
O	minecraft:fire	age=9,east=true,north=false,south=false,up=true,west=false	825
O	minecraft:fire	age=9,east=true,north=false,south=false,up=true,west=true	825
O	minecraft:fire	age=9,east=true,north=false,south=true,up=false,west=false	825
O	minecraft:fire	age=9,east=true,north=false,south=true,up=false,west=true	825
O	minecraft:fire	age=9,east=true,north=false,south=true,up=true,west=false	825
O	minecraft:fire	age=9,east=true,north=false,south=true,up=true,west=true	825
O	minecraft:fire	age=9,east=true,north=true,south=false,up=false,west=false	825
O	minecraft:fire	age=9,east=true,north=true,south=false,up=false,west=true	825
O	minecraft:fire	age=9,east=true,north=true,south=false,up=true,west=false	825
O	minecraft:fire	age=9,east=true,north=true,south=false,up=true,west=true	825
O	minecraft:fire	age=9,east=true,north=true,south=true,up=false,west=false	825
O	minecraft:fire	age=9,east=true,north=true,south=true,up=false,west=true	825
O	minecraft:fire	age=9,east=true,north=true,south=true,up=true,west=false	825
O	minecraft:fire	age=9,east=true,north=true,south=true,up=true,west=true	825
O	minecraft:flower_pot	contents=acacia_sapling,legacy_data=0	2240
O	minecraft:flower_pot	contents=acacia_sapling,legacy_data=1	2241
O	minecraft:flower_pot	contents=acacia_sapling,legacy_data=10	2250
O	minecraft:flower_pot	contents=acacia_sapling,legacy_data=11	2251
O	minecraft:flower_pot	contents=acacia_sapling,legacy_data=12	2252
O	minecraft:flower_pot	contents=acacia_sapling,legacy_data=13	2253
O	minecraft:flower_pot	contents=acacia_sapling,legacy_data=14	2254
O	minecraft:flower_pot	contents=acacia_sapling,legacy_data=15	2255
O	minecraft:flower_pot	contents=acacia_sapling,legacy_data=2	2242
O	minecraft:flower_pot	contents=acacia_sapling,legacy_data=3	2243
O	minecraft:flower_pot	contents=acacia_sapling,legacy_data=4	2244
O	minecraft:flower_pot	contents=acacia_sapling,legacy_data=5	2245
O	minecraft:flower_pot	contents=acacia_sapling,legacy_data=6	2246
O	minecraft:flower_pot	contents=acacia_sapling,legacy_data=7	2247
O	minecraft:flower_pot	contents=acacia_sapling,legacy_data=8	2248
O	minecraft:flower_pot	contents=acacia_sapling,legacy_data=9	2249
O	minecraft:flower_pot	contents=allium,legacy_data=0	2240
O	minecraft:flower_pot	contents=allium,legacy_data=1	2241
O	minecraft:flower_pot	contents=allium,legacy_data=10	2250
O	minecraft:flower_pot	contents=allium,legacy_data=11	2251
O	minecraft:flower_pot	contents=allium,legacy_data=12	2252
O	minecraft:flower_pot	contents=allium,legacy_data=13	2253
O	minecraft:flower_pot	contents=allium,legacy_data=14	2254
O	minecraft:flower_pot	contents=allium,legacy_data=15	2255
O	minecraft:flower_pot	contents=allium,legacy_data=2	2242
O	minecraft:flower_pot	contents=allium,legacy_data=3	2243
O	minecraft:flower_pot	contents=allium,legacy_data=4	2244
O	minecraft:flower_pot	contents=allium,legacy_data=5	2245
O	minecraft:flower_pot	contents=allium,legacy_data=6	2246
O	minecraft:flower_pot	contents=allium,legacy_data=7	2247
O	minecraft:flower_pot	contents=allium,legacy_data=8	2248
O	minecraft:flower_pot	contents=allium,legacy_data=9	2249
O	minecraft:flower_pot	contents=birch_sapling,legacy_data=0	2240
O	minecraft:flower_pot	contents=birch_sapling,legacy_data=1	2241
O	minecraft:flower_pot	contents=birch_sapling,legacy_data=10	2250
O	minecraft:flower_pot	contents=birch_sapling,legacy_data=11	2251
O	minecraft:flower_pot	contents=birch_sapling,legacy_data=12	2252
O	minecraft:flower_pot	contents=birch_sapling,legacy_data=13	2253
O	minecraft:flower_pot	contents=birch_sapling,legacy_data=14	2254
O	minecraft:flower_pot	contents=birch_sapling,legacy_data=15	2255
O	minecraft:flower_pot	contents=birch_sapling,legacy_data=2	2242
O	minecraft:flower_pot	contents=birch_sapling,legacy_data=3	2243
O	minecraft:flower_pot	contents=birch_sapling,legacy_data=4	2244
O	minecraft:flower_pot	contents=birch_sapling,legacy_data=5	2245
O	minecraft:flower_pot	contents=birch_sapling,legacy_data=6	2246
O	minecraft:flower_pot	contents=birch_sapling,legacy_data=7	2247
O	minecraft:flower_pot	contents=birch_sapling,legacy_data=8	2248
O	minecraft:flower_pot	contents=birch_sapling,legacy_data=9	2249
O	minecraft:flower_pot	contents=blue_orchid,legacy_data=0	2240
O	minecraft:flower_pot	contents=blue_orchid,legacy_data=1	2241
O	minecraft:flower_pot	contents=blue_orchid,legacy_data=10	2250
O	minecraft:flower_pot	contents=blue_orchid,legacy_data=11	2251
O	minecraft:flower_pot	contents=blue_orchid,legacy_data=12	2252
O	minecraft:flower_pot	contents=blue_orchid,legacy_data=13	2253
O	minecraft:flower_pot	contents=blue_orchid,legacy_data=14	2254
O	minecraft:flower_pot	contents=blue_orchid,legacy_data=15	2255
O	minecraft:flower_pot	contents=blue_orchid,legacy_data=2	2242
O	minecraft:flower_pot	contents=blue_orchid,legacy_data=3	2243
O	minecraft:flower_pot	contents=blue_orchid,legacy_data=4	2244
O	minecraft:flower_pot	contents=blue_orchid,legacy_data=5	2245
O	minecraft:flower_pot	contents=blue_orchid,legacy_data=6	2246
O	minecraft:flower_pot	contents=blue_orchid,legacy_data=7	2247
O	minecraft:flower_pot	contents=blue_orchid,legacy_data=8	2248
O	minecraft:flower_pot	contents=blue_orchid,legacy_data=9	2249
O	minecraft:flower_pot	contents=cactus,legacy_data=0	2240
O	minecraft:flower_pot	contents=cactus,legacy_data=1	2241
O	minecraft:flower_pot	contents=cactus,legacy_data=10	2250
O	minecraft:flower_pot	contents=cactus,legacy_data=11	2251
O	minecraft:flower_pot	contents=cactus,legacy_data=12	2252
O	minecraft:flower_pot	contents=cactus,legacy_data=13	2253
O	minecraft:flower_pot	contents=cactus,legacy_data=14	2254
O	minecraft:flower_pot	contents=cactus,legacy_data=15	2255
O	minecraft:flower_pot	contents=cactus,legacy_data=2	2242
O	minecraft:flower_pot	contents=cactus,legacy_data=3	2243
O	minecraft:flower_pot	contents=cactus,legacy_data=4	2244
O	minecraft:flower_pot	contents=cactus,legacy_data=5	2245
O	minecraft:flower_pot	contents=cactus,legacy_data=6	2246
O	minecraft:flower_pot	contents=cactus,legacy_data=7	2247
O	minecraft:flower_pot	contents=cactus,legacy_data=8	2248
O	minecraft:flower_pot	contents=cactus,legacy_data=9	2249
O	minecraft:flower_pot	contents=dandelion,legacy_data=0	2240
O	minecraft:flower_pot	contents=dandelion,legacy_data=1	2241
O	minecraft:flower_pot	contents=dandelion,legacy_data=10	2250
O	minecraft:flower_pot	contents=dandelion,legacy_data=11	2251
O	minecraft:flower_pot	contents=dandelion,legacy_data=12	2252
O	minecraft:flower_pot	contents=dandelion,legacy_data=13	2253
O	minecraft:flower_pot	contents=dandelion,legacy_data=14	2254
O	minecraft:flower_pot	contents=dandelion,legacy_data=15	2255
O	minecraft:flower_pot	contents=dandelion,legacy_data=2	2242
O	minecraft:flower_pot	contents=dandelion,legacy_data=3	2243
O	minecraft:flower_pot	contents=dandelion,legacy_data=4	2244
O	minecraft:flower_pot	contents=dandelion,legacy_data=5	2245
O	minecraft:flower_pot	contents=dandelion,legacy_data=6	2246
O	minecraft:flower_pot	contents=dandelion,legacy_data=7	2247
O	minecraft:flower_pot	contents=dandelion,legacy_data=8	2248
O	minecraft:flower_pot	contents=dandelion,legacy_data=9	2249
O	minecraft:flower_pot	contents=dark_oak_sapling,legacy_data=0	2240
O	minecraft:flower_pot	contents=dark_oak_sapling,legacy_data=1	2241
O	minecraft:flower_pot	contents=dark_oak_sapling,legacy_data=10	2250
O	minecraft:flower_pot	contents=dark_oak_sapling,legacy_data=11	2251
O	minecraft:flower_pot	contents=dark_oak_sapling,legacy_data=12	2252
O	minecraft:flower_pot	contents=dark_oak_sapling,legacy_data=13	2253
O	minecraft:flower_pot	contents=dark_oak_sapling,legacy_data=14	2254
O	minecraft:flower_pot	contents=dark_oak_sapling,legacy_data=15	2255
O	minecraft:flower_pot	contents=dark_oak_sapling,legacy_data=2	2242
O	minecraft:flower_pot	contents=dark_oak_sapling,legacy_data=3	2243
O	minecraft:flower_pot	contents=dark_oak_sapling,legacy_data=4	2244
O	minecraft:flower_pot	contents=dark_oak_sapling,legacy_data=5	2245
O	minecraft:flower_pot	contents=dark_oak_sapling,legacy_data=6	2246
O	minecraft:flower_pot	contents=dark_oak_sapling,legacy_data=7	2247
O	minecraft:flower_pot	contents=dark_oak_sapling,legacy_data=8	2248
O	minecraft:flower_pot	contents=dark_oak_sapling,legacy_data=9	2249
O	minecraft:flower_pot	contents=dead_bush,legacy_data=0	2240
O	minecraft:flower_pot	contents=dead_bush,legacy_data=1	2241
O	minecraft:flower_pot	contents=dead_bush,legacy_data=10	2250
O	minecraft:flower_pot	contents=dead_bush,legacy_data=11	2251
O	minecraft:flower_pot	contents=dead_bush,legacy_data=12	2252
O	minecraft:flower_pot	contents=dead_bush,legacy_data=13	2253
O	minecraft:flower_pot	contents=dead_bush,legacy_data=14	2254
O	minecraft:flower_pot	contents=dead_bush,legacy_data=15	2255
O	minecraft:flower_pot	contents=dead_bush,legacy_data=2	2242
O	minecraft:flower_pot	contents=dead_bush,legacy_data=3	2243
O	minecraft:flower_pot	contents=dead_bush,legacy_data=4	2244
O	minecraft:flower_pot	contents=dead_bush,legacy_data=5	2245
O	minecraft:flower_pot	contents=dead_bush,legacy_data=6	2246
O	minecraft:flower_pot	contents=dead_bush,legacy_data=7	2247
O	minecraft:flower_pot	contents=dead_bush,legacy_data=8	2248
O	minecraft:flower_pot	contents=dead_bush,legacy_data=9	2249
O	minecraft:flower_pot	contents=empty,legacy_data=0	2240
O	minecraft:flower_pot	contents=empty,legacy_data=1	2241
O	minecraft:flower_pot	contents=empty,legacy_data=10	2250
O	minecraft:flower_pot	contents=empty,legacy_data=11	2251
O	minecraft:flower_pot	contents=empty,legacy_data=12	2252
O	minecraft:flower_pot	contents=empty,legacy_data=13	2253
O	minecraft:flower_pot	contents=empty,legacy_data=14	2254
O	minecraft:flower_pot	contents=empty,legacy_data=15	2255
O	minecraft:flower_pot	contents=empty,legacy_data=2	2242
O	minecraft:flower_pot	contents=empty,legacy_data=3	2243
O	minecraft:flower_pot	contents=empty,legacy_data=4	2244
O	minecraft:flower_pot	contents=empty,legacy_data=5	2245
O	minecraft:flower_pot	contents=empty,legacy_data=6	2246
O	minecraft:flower_pot	contents=empty,legacy_data=7	2247
O	minecraft:flower_pot	contents=empty,legacy_data=8	2248
O	minecraft:flower_pot	contents=empty,legacy_data=9	2249
O	minecraft:flower_pot	contents=fern,legacy_data=0	2240
O	minecraft:flower_pot	contents=fern,legacy_data=1	2241
O	minecraft:flower_pot	contents=fern,legacy_data=10	2250
O	minecraft:flower_pot	contents=fern,legacy_data=11	2251
O	minecraft:flower_pot	contents=fern,legacy_data=12	2252
O	minecraft:flower_pot	contents=fern,legacy_data=13	2253
O	minecraft:flower_pot	contents=fern,legacy_data=14	2254
O	minecraft:flower_pot	contents=fern,legacy_data=15	2255
O	minecraft:flower_pot	contents=fern,legacy_data=2	2242
O	minecraft:flower_pot	contents=fern,legacy_data=3	2243
O	minecraft:flower_pot	contents=fern,legacy_data=4	2244
O	minecraft:flower_pot	contents=fern,legacy_data=5	2245
O	minecraft:flower_pot	contents=fern,legacy_data=6	2246
O	minecraft:flower_pot	contents=fern,legacy_data=7	2247
O	minecraft:flower_pot	contents=fern,legacy_data=8	2248
O	minecraft:flower_pot	contents=fern,legacy_data=9	2249
O	minecraft:flower_pot	contents=houstonia,legacy_data=0	2240
O	minecraft:flower_pot	contents=houstonia,legacy_data=1	2241
O	minecraft:flower_pot	contents=houstonia,legacy_data=10	2250
O	minecraft:flower_pot	contents=houstonia,legacy_data=11	2251
O	minecraft:flower_pot	contents=houstonia,legacy_data=12	2252
O	minecraft:flower_pot	contents=houstonia,legacy_data=13	2253
O	minecraft:flower_pot	contents=houstonia,legacy_data=14	2254
O	minecraft:flower_pot	contents=houstonia,legacy_data=15	2255
O	minecraft:flower_pot	contents=houstonia,legacy_data=2	2242
O	minecraft:flower_pot	contents=houstonia,legacy_data=3	2243
O	minecraft:flower_pot	contents=houstonia,legacy_data=4	2244
O	minecraft:flower_pot	contents=houstonia,legacy_data=5	2245
O	minecraft:flower_pot	contents=houstonia,legacy_data=6	2246
O	minecraft:flower_pot	contents=houstonia,legacy_data=7	2247
O	minecraft:flower_pot	contents=houstonia,legacy_data=8	2248
O	minecraft:flower_pot	contents=houstonia,legacy_data=9	2249
O	minecraft:flower_pot	contents=jungle_sapling,legacy_data=0	2240
O	minecraft:flower_pot	contents=jungle_sapling,legacy_data=1	2241
O	minecraft:flower_pot	contents=jungle_sapling,legacy_data=10	2250
O	minecraft:flower_pot	contents=jungle_sapling,legacy_data=11	2251
O	minecraft:flower_pot	contents=jungle_sapling,legacy_data=12	2252
O	minecraft:flower_pot	contents=jungle_sapling,legacy_data=13	2253
O	minecraft:flower_pot	contents=jungle_sapling,legacy_data=14	2254
O	minecraft:flower_pot	contents=jungle_sapling,legacy_data=15	2255
O	minecraft:flower_pot	contents=jungle_sapling,legacy_data=2	2242
O	minecraft:flower_pot	contents=jungle_sapling,legacy_data=3	2243
O	minecraft:flower_pot	contents=jungle_sapling,legacy_data=4	2244
O	minecraft:flower_pot	contents=jungle_sapling,legacy_data=5	2245
O	minecraft:flower_pot	contents=jungle_sapling,legacy_data=6	2246
O	minecraft:flower_pot	contents=jungle_sapling,legacy_data=7	2247
O	minecraft:flower_pot	contents=jungle_sapling,legacy_data=8	2248
O	minecraft:flower_pot	contents=jungle_sapling,legacy_data=9	2249
O	minecraft:flower_pot	contents=mushroom_brown,legacy_data=0	2240
O	minecraft:flower_pot	contents=mushroom_brown,legacy_data=1	2241
O	minecraft:flower_pot	contents=mushroom_brown,legacy_data=10	2250
O	minecraft:flower_pot	contents=mushroom_brown,legacy_data=11	2251
O	minecraft:flower_pot	contents=mushroom_brown,legacy_data=12	2252
O	minecraft:flower_pot	contents=mushroom_brown,legacy_data=13	2253
O	minecraft:flower_pot	contents=mushroom_brown,legacy_data=14	2254
O	minecraft:flower_pot	contents=mushroom_brown,legacy_data=15	2255
O	minecraft:flower_pot	contents=mushroom_brown,legacy_data=2	2242
O	minecraft:flower_pot	contents=mushroom_brown,legacy_data=3	2243
O	minecraft:flower_pot	contents=mushroom_brown,legacy_data=4	2244
O	minecraft:flower_pot	contents=mushroom_brown,legacy_data=5	2245
O	minecraft:flower_pot	contents=mushroom_brown,legacy_data=6	2246
O	minecraft:flower_pot	contents=mushroom_brown,legacy_data=7	2247
O	minecraft:flower_pot	contents=mushroom_brown,legacy_data=8	2248
O	minecraft:flower_pot	contents=mushroom_brown,legacy_data=9	2249
O	minecraft:flower_pot	contents=mushroom_red,legacy_data=0	2240
O	minecraft:flower_pot	contents=mushroom_red,legacy_data=1	2241
O	minecraft:flower_pot	contents=mushroom_red,legacy_data=10	2250
O	minecraft:flower_pot	contents=mushroom_red,legacy_data=11	2251
O	minecraft:flower_pot	contents=mushroom_red,legacy_data=12	2252
O	minecraft:flower_pot	contents=mushroom_red,legacy_data=13	2253
O	minecraft:flower_pot	contents=mushroom_red,legacy_data=14	2254
O	minecraft:flower_pot	contents=mushroom_red,legacy_data=15	2255
O	minecraft:flower_pot	contents=mushroom_red,legacy_data=2	2242
O	minecraft:flower_pot	contents=mushroom_red,legacy_data=3	2243
O	minecraft:flower_pot	contents=mushroom_red,legacy_data=4	2244
O	minecraft:flower_pot	contents=mushroom_red,legacy_data=5	2245
O	minecraft:flower_pot	contents=mushroom_red,legacy_data=6	2246
O	minecraft:flower_pot	contents=mushroom_red,legacy_data=7	2247
O	minecraft:flower_pot	contents=mushroom_red,legacy_data=8	2248
O	minecraft:flower_pot	contents=mushroom_red,legacy_data=9	2249
O	minecraft:flower_pot	contents=oak_sapling,legacy_data=0	2240
O	minecraft:flower_pot	contents=oak_sapling,legacy_data=1	2241
O	minecraft:flower_pot	contents=oak_sapling,legacy_data=10	2250
O	minecraft:flower_pot	contents=oak_sapling,legacy_data=11	2251
O	minecraft:flower_pot	contents=oak_sapling,legacy_data=12	2252
O	minecraft:flower_pot	contents=oak_sapling,legacy_data=13	2253
O	minecraft:flower_pot	contents=oak_sapling,legacy_data=14	2254
O	minecraft:flower_pot	contents=oak_sapling,legacy_data=15	2255
O	minecraft:flower_pot	contents=oak_sapling,legacy_data=2	2242
O	minecraft:flower_pot	contents=oak_sapling,legacy_data=3	2243
O	minecraft:flower_pot	contents=oak_sapling,legacy_data=4	2244
O	minecraft:flower_pot	contents=oak_sapling,legacy_data=5	2245
O	minecraft:flower_pot	contents=oak_sapling,legacy_data=6	2246
O	minecraft:flower_pot	contents=oak_sapling,legacy_data=7	2247
O	minecraft:flower_pot	contents=oak_sapling,legacy_data=8	2248
O	minecraft:flower_pot	contents=oak_sapling,legacy_data=9	2249
O	minecraft:flower_pot	contents=orange_tulip,legacy_data=0	2240
O	minecraft:flower_pot	contents=orange_tulip,legacy_data=1	2241
O	minecraft:flower_pot	contents=orange_tulip,legacy_data=10	2250
O	minecraft:flower_pot	contents=orange_tulip,legacy_data=11	2251
O	minecraft:flower_pot	contents=orange_tulip,legacy_data=12	2252
O	minecraft:flower_pot	contents=orange_tulip,legacy_data=13	2253
O	minecraft:flower_pot	contents=orange_tulip,legacy_data=14	2254
O	minecraft:flower_pot	contents=orange_tulip,legacy_data=15	2255
O	minecraft:flower_pot	contents=orange_tulip,legacy_data=2	2242
O	minecraft:flower_pot	contents=orange_tulip,legacy_data=3	2243
O	minecraft:flower_pot	contents=orange_tulip,legacy_data=4	2244
O	minecraft:flower_pot	contents=orange_tulip,legacy_data=5	2245
O	minecraft:flower_pot	contents=orange_tulip,legacy_data=6	2246
O	minecraft:flower_pot	contents=orange_tulip,legacy_data=7	2247
O	minecraft:flower_pot	contents=orange_tulip,legacy_data=8	2248
O	minecraft:flower_pot	contents=orange_tulip,legacy_data=9	2249
O	minecraft:flower_pot	contents=oxeye_daisy,legacy_data=0	2240
O	minecraft:flower_pot	contents=oxeye_daisy,legacy_data=1	2241
O	minecraft:flower_pot	contents=oxeye_daisy,legacy_data=10	2250
O	minecraft:flower_pot	contents=oxeye_daisy,legacy_data=11	2251
O	minecraft:flower_pot	contents=oxeye_daisy,legacy_data=12	2252
O	minecraft:flower_pot	contents=oxeye_daisy,legacy_data=13	2253
O	minecraft:flower_pot	contents=oxeye_daisy,legacy_data=14	2254
O	minecraft:flower_pot	contents=oxeye_daisy,legacy_data=15	2255
O	minecraft:flower_pot	contents=oxeye_daisy,legacy_data=2	2242
O	minecraft:flower_pot	contents=oxeye_daisy,legacy_data=3	2243
O	minecraft:flower_pot	contents=oxeye_daisy,legacy_data=4	2244
O	minecraft:flower_pot	contents=oxeye_daisy,legacy_data=5	2245
O	minecraft:flower_pot	contents=oxeye_daisy,legacy_data=6	2246
O	minecraft:flower_pot	contents=oxeye_daisy,legacy_data=7	2247
O	minecraft:flower_pot	contents=oxeye_daisy,legacy_data=8	2248
O	minecraft:flower_pot	contents=oxeye_daisy,legacy_data=9	2249
O	minecraft:flower_pot	contents=pink_tulip,legacy_data=0	2240
O	minecraft:flower_pot	contents=pink_tulip,legacy_data=1	2241
O	minecraft:flower_pot	contents=pink_tulip,legacy_data=10	2250
O	minecraft:flower_pot	contents=pink_tulip,legacy_data=11	2251
O	minecraft:flower_pot	contents=pink_tulip,legacy_data=12	2252
O	minecraft:flower_pot	contents=pink_tulip,legacy_data=13	2253
O	minecraft:flower_pot	contents=pink_tulip,legacy_data=14	2254
O	minecraft:flower_pot	contents=pink_tulip,legacy_data=15	2255
O	minecraft:flower_pot	contents=pink_tulip,legacy_data=2	2242
O	minecraft:flower_pot	contents=pink_tulip,legacy_data=3	2243
O	minecraft:flower_pot	contents=pink_tulip,legacy_data=4	2244
O	minecraft:flower_pot	contents=pink_tulip,legacy_data=5	2245
O	minecraft:flower_pot	contents=pink_tulip,legacy_data=6	2246
O	minecraft:flower_pot	contents=pink_tulip,legacy_data=7	2247
O	minecraft:flower_pot	contents=pink_tulip,legacy_data=8	2248
O	minecraft:flower_pot	contents=pink_tulip,legacy_data=9	2249
O	minecraft:flower_pot	contents=red_tulip,legacy_data=0	2240
O	minecraft:flower_pot	contents=red_tulip,legacy_data=1	2241
O	minecraft:flower_pot	contents=red_tulip,legacy_data=10	2250
O	minecraft:flower_pot	contents=red_tulip,legacy_data=11	2251
O	minecraft:flower_pot	contents=red_tulip,legacy_data=12	2252
O	minecraft:flower_pot	contents=red_tulip,legacy_data=13	2253
O	minecraft:flower_pot	contents=red_tulip,legacy_data=14	2254
O	minecraft:flower_pot	contents=red_tulip,legacy_data=15	2255
O	minecraft:flower_pot	contents=red_tulip,legacy_data=2	2242
O	minecraft:flower_pot	contents=red_tulip,legacy_data=3	2243
O	minecraft:flower_pot	contents=red_tulip,legacy_data=4	2244
O	minecraft:flower_pot	contents=red_tulip,legacy_data=5	2245
O	minecraft:flower_pot	contents=red_tulip,legacy_data=6	2246
O	minecraft:flower_pot	contents=red_tulip,legacy_data=7	2247
O	minecraft:flower_pot	contents=red_tulip,legacy_data=8	2248
O	minecraft:flower_pot	contents=red_tulip,legacy_data=9	2249
O	minecraft:flower_pot	contents=rose,legacy_data=0	2240
O	minecraft:flower_pot	contents=rose,legacy_data=1	2241
O	minecraft:flower_pot	contents=rose,legacy_data=10	2250
O	minecraft:flower_pot	contents=rose,legacy_data=11	2251
O	minecraft:flower_pot	contents=rose,legacy_data=12	2252
O	minecraft:flower_pot	contents=rose,legacy_data=13	2253
O	minecraft:flower_pot	contents=rose,legacy_data=14	2254
O	minecraft:flower_pot	contents=rose,legacy_data=15	2255
O	minecraft:flower_pot	contents=rose,legacy_data=2	2242
O	minecraft:flower_pot	contents=rose,legacy_data=3	2243
O	minecraft:flower_pot	contents=rose,legacy_data=4	2244
O	minecraft:flower_pot	contents=rose,legacy_data=5	2245
O	minecraft:flower_pot	contents=rose,legacy_data=6	2246
O	minecraft:flower_pot	contents=rose,legacy_data=7	2247
O	minecraft:flower_pot	contents=rose,legacy_data=8	2248
O	minecraft:flower_pot	contents=rose,legacy_data=9	2249
O	minecraft:flower_pot	contents=spruce_sapling,legacy_data=0	2240
O	minecraft:flower_pot	contents=spruce_sapling,legacy_data=1	2241
O	minecraft:flower_pot	contents=spruce_sapling,legacy_data=10	2250
O	minecraft:flower_pot	contents=spruce_sapling,legacy_data=11	2251
O	minecraft:flower_pot	contents=spruce_sapling,legacy_data=12	2252
O	minecraft:flower_pot	contents=spruce_sapling,legacy_data=13	2253
O	minecraft:flower_pot	contents=spruce_sapling,legacy_data=14	2254
O	minecraft:flower_pot	contents=spruce_sapling,legacy_data=15	2255
O	minecraft:flower_pot	contents=spruce_sapling,legacy_data=2	2242
O	minecraft:flower_pot	contents=spruce_sapling,legacy_data=3	2243
O	minecraft:flower_pot	contents=spruce_sapling,legacy_data=4	2244
O	minecraft:flower_pot	contents=spruce_sapling,legacy_data=5	2245
O	minecraft:flower_pot	contents=spruce_sapling,legacy_data=6	2246
O	minecraft:flower_pot	contents=spruce_sapling,legacy_data=7	2247
O	minecraft:flower_pot	contents=spruce_sapling,legacy_data=8	2248
O	minecraft:flower_pot	contents=spruce_sapling,legacy_data=9	2249
O	minecraft:flower_pot	contents=white_tulip,legacy_data=0	2240
O	minecraft:flower_pot	contents=white_tulip,legacy_data=1	2241
O	minecraft:flower_pot	contents=white_tulip,legacy_data=10	2250
O	minecraft:flower_pot	contents=white_tulip,legacy_data=11	2251
O	minecraft:flower_pot	contents=white_tulip,legacy_data=12	2252
O	minecraft:flower_pot	contents=white_tulip,legacy_data=13	2253
O	minecraft:flower_pot	contents=white_tulip,legacy_data=14	2254
O	minecraft:flower_pot	contents=white_tulip,legacy_data=15	2255
O	minecraft:flower_pot	contents=white_tulip,legacy_data=2	2242
O	minecraft:flower_pot	contents=white_tulip,legacy_data=3	2243
O	minecraft:flower_pot	contents=white_tulip,legacy_data=4	2244
O	minecraft:flower_pot	contents=white_tulip,legacy_data=5	2245
O	minecraft:flower_pot	contents=white_tulip,legacy_data=6	2246
O	minecraft:flower_pot	contents=white_tulip,legacy_data=7	2247
O	minecraft:flower_pot	contents=white_tulip,legacy_data=8	2248
O	minecraft:flower_pot	contents=white_tulip,legacy_data=9	2249
O	minecraft:flowing_lava	level=0	160
O	minecraft:flowing_lava	level=1	161
O	minecraft:flowing_lava	level=10	170
O	minecraft:flowing_lava	level=11	171
O	minecraft:flowing_lava	level=12	172
O	minecraft:flowing_lava	level=13	173
O	minecraft:flowing_lava	level=14	174
O	minecraft:flowing_lava	level=15	175
O	minecraft:flowing_lava	level=2	162
O	minecraft:flowing_lava	level=3	163
O	minecraft:flowing_lava	level=4	164
O	minecraft:flowing_lava	level=5	165
O	minecraft:flowing_lava	level=6	166
O	minecraft:flowing_lava	level=7	167
O	minecraft:flowing_lava	level=8	168
O	minecraft:flowing_lava	level=9	169
O	minecraft:flowing_water	level=0	128
O	minecraft:flowing_water	level=1	129
O	minecraft:flowing_water	level=10	138
O	minecraft:flowing_water	level=11	139
O	minecraft:flowing_water	level=12	140
O	minecraft:flowing_water	level=13	141
O	minecraft:flowing_water	level=14	142
O	minecraft:flowing_water	level=15	143
O	minecraft:flowing_water	level=2	130
O	minecraft:flowing_water	level=3	131
O	minecraft:flowing_water	level=4	132
O	minecraft:flowing_water	level=5	133
O	minecraft:flowing_water	level=6	134
O	minecraft:flowing_water	level=7	135
O	minecraft:flowing_water	level=8	136
O	minecraft:flowing_water	level=9	137
O	minecraft:frosted_ice	age=0	3392
O	minecraft:frosted_ice	age=1	3393
O	minecraft:frosted_ice	age=2	3394
O	minecraft:frosted_ice	age=3	3395
O	minecraft:furnace	facing=east	981
O	minecraft:furnace	facing=north	978
O	minecraft:furnace	facing=south	979
O	minecraft:furnace	facing=west	980
O	minecraft:glass		320
O	minecraft:glass_pane	east=false,north=false,south=false,west=false	1632
O	minecraft:glass_pane	east=false,north=false,south=false,west=true	1632
O	minecraft:glass_pane	east=false,north=false,south=true,west=false	1632
O	minecraft:glass_pane	east=false,north=false,south=true,west=true	1632
O	minecraft:glass_pane	east=false,north=true,south=false,west=false	1632
O	minecraft:glass_pane	east=false,north=true,south=false,west=true	1632
O	minecraft:glass_pane	east=false,north=true,south=true,west=false	1632
O	minecraft:glass_pane	east=false,north=true,south=true,west=true	1632
O	minecraft:glass_pane	east=true,north=false,south=false,west=false	1632
O	minecraft:glass_pane	east=true,north=false,south=false,west=true	1632
O	minecraft:glass_pane	east=true,north=false,south=true,west=false	1632
O	minecraft:glass_pane	east=true,north=false,south=true,west=true	1632
O	minecraft:glass_pane	east=true,north=true,south=false,west=false	1632
O	minecraft:glass_pane	east=true,north=true,south=false,west=true	1632
O	minecraft:glass_pane	east=true,north=true,south=true,west=false	1632
O	minecraft:glass_pane	east=true,north=true,south=true,west=true	1632
O	minecraft:glowstone		1424
O	minecraft:gold_block		656
O	minecraft:gold_ore		224
O	minecraft:golden_rail	powered=false,shape=ascending_east	434
O	minecraft:golden_rail	powered=false,shape=ascending_north	436
O	minecraft:golden_rail	powered=false,shape=ascending_south	437
O	minecraft:golden_rail	powered=false,shape=ascending_west	435
O	minecraft:golden_rail	powered=false,shape=east_west	433
O	minecraft:golden_rail	powered=false,shape=north_south	432
O	minecraft:golden_rail	powered=true,shape=ascending_east	442
O	minecraft:golden_rail	powered=true,shape=ascending_north	444
O	minecraft:golden_rail	powered=true,shape=ascending_south	445
O	minecraft:golden_rail	powered=true,shape=ascending_west	443
O	minecraft:golden_rail	powered=true,shape=east_west	441
O	minecraft:golden_rail	powered=true,shape=north_south	440
O	minecraft:grass	snowy=false	32
O	minecraft:grass	snowy=true	32
O	minecraft:grass_path		3328
O	minecraft:gravel		208
O	minecraft:gray_glazed_terracotta	facing=east	3875
O	minecraft:gray_glazed_terracotta	facing=north	3874
O	minecraft:gray_glazed_terracotta	facing=south	3872
O	minecraft:gray_glazed_terracotta	facing=west	3873
O	minecraft:gray_shulker_box	facing=down	3616
O	minecraft:gray_shulker_box	facing=east	3621
O	minecraft:gray_shulker_box	facing=north	3618
O	minecraft:gray_shulker_box	facing=south	3619
O	minecraft:gray_shulker_box	facing=up	3617
O	minecraft:gray_shulker_box	facing=west	3620
O	minecraft:green_glazed_terracotta	facing=east	3971
O	minecraft:green_glazed_terracotta	facing=north	3970
O	minecraft:green_glazed_terracotta	facing=south	3968
O	minecraft:green_glazed_terracotta	facing=west	3969
O	minecraft:green_shulker_box	facing=down	3712
O	minecraft:green_shulker_box	facing=east	3717
O	minecraft:green_shulker_box	facing=north	3714
O	minecraft:green_shulker_box	facing=south	3715
O	minecraft:green_shulker_box	facing=up	3713
O	minecraft:green_shulker_box	facing=west	3716
O	minecraft:hardened_clay		2752
O	minecraft:hay_block	axis=x	2724
O	minecraft:hay_block	axis=y	2720
O	minecraft:hay_block	axis=z	2728
O	minecraft:heavy_weighted_pressure_plate	power=0	2368
O	minecraft:heavy_weighted_pressure_plate	power=1	2369
O	minecraft:heavy_weighted_pressure_plate	power=10	2378
O	minecraft:heavy_weighted_pressure_plate	power=11	2379
O	minecraft:heavy_weighted_pressure_plate	power=12	2380
O	minecraft:heavy_weighted_pressure_plate	power=13	2381
O	minecraft:heavy_weighted_pressure_plate	power=14	2382
O	minecraft:heavy_weighted_pressure_plate	power=15	2383
O	minecraft:heavy_weighted_pressure_plate	power=2	2370
O	minecraft:heavy_weighted_pressure_plate	power=3	2371
O	minecraft:heavy_weighted_pressure_plate	power=4	2372
O	minecraft:heavy_weighted_pressure_plate	power=5	2373
O	minecraft:heavy_weighted_pressure_plate	power=6	2374
O	minecraft:heavy_weighted_pressure_plate	power=7	2375
O	minecraft:heavy_weighted_pressure_plate	power=8	2376
O	minecraft:heavy_weighted_pressure_plate	power=9	2377
O	minecraft:hopper	enabled=false,facing=down	2472
O	minecraft:hopper	enabled=false,facing=east	2477
O	minecraft:hopper	enabled=false,facing=north	2474
O	minecraft:hopper	enabled=false,facing=south	2475
O	minecraft:hopper	enabled=false,facing=west	2476
O	minecraft:hopper	enabled=true,facing=down	2464
O	minecraft:hopper	enabled=true,facing=east	2469
O	minecraft:hopper	enabled=true,facing=north	2466
O	minecraft:hopper	enabled=true,facing=south	2467
O	minecraft:hopper	enabled=true,facing=west	2468
O	minecraft:ice		1264
O	minecraft:iron_bars	east=false,north=false,south=false,west=false	1616
O	minecraft:iron_bars	east=false,north=false,south=false,west=true	1616
O	minecraft:iron_bars	east=false,north=false,south=true,west=false	1616
O	minecraft:iron_bars	east=false,north=false,south=true,west=true	1616
O	minecraft:iron_bars	east=false,north=true,south=false,west=false	1616
O	minecraft:iron_bars	east=false,north=true,south=false,west=true	1616
O	minecraft:iron_bars	east=false,north=true,south=true,west=false	1616
O	minecraft:iron_bars	east=false,north=true,south=true,west=true	1616
O	minecraft:iron_bars	east=true,north=false,south=false,west=false	1616
O	minecraft:iron_bars	east=true,north=false,south=false,west=true	1616
O	minecraft:iron_bars	east=true,north=false,south=true,west=false	1616
O	minecraft:iron_bars	east=true,north=false,south=true,west=true	1616
O	minecraft:iron_bars	east=true,north=true,south=false,west=false	1616
O	minecraft:iron_bars	east=true,north=true,south=false,west=true	1616
O	minecraft:iron_bars	east=true,north=true,south=true,west=false	1616
O	minecraft:iron_bars	east=true,north=true,south=true,west=true	1616
O	minecraft:iron_block		672
O	minecraft:iron_door	facing=east,half=lower,hinge=left,open=false,powered=false	1136
O	minecraft:iron_door	facing=east,half=lower,hinge=left,open=false,powered=true	1136
O	minecraft:iron_door	facing=east,half=lower,hinge=left,open=true,powered=false	1140
O	minecraft:iron_door	facing=east,half=lower,hinge=left,open=true,powered=true	1140
O	minecraft:iron_door	facing=east,half=lower,hinge=right,open=false,powered=false	1136
O	minecraft:iron_door	facing=east,half=lower,hinge=right,open=false,powered=true	1136
O	minecraft:iron_door	facing=east,half=lower,hinge=right,open=true,powered=false	1140
O	minecraft:iron_door	facing=east,half=lower,hinge=right,open=true,powered=true	1140
O	minecraft:iron_door	facing=east,half=upper,hinge=left,open=false,powered=false	1144
O	minecraft:iron_door	facing=east,half=upper,hinge=left,open=false,powered=true	1146
O	minecraft:iron_door	facing=east,half=upper,hinge=left,open=true,powered=false	1144
O	minecraft:iron_door	facing=east,half=upper,hinge=left,open=true,powered=true	1146
O	minecraft:iron_door	facing=east,half=upper,hinge=right,open=false,powered=false	1145
O	minecraft:iron_door	facing=east,half=upper,hinge=right,open=false,powered=true	1147
O	minecraft:iron_door	facing=east,half=upper,hinge=right,open=true,powered=false	1145
O	minecraft:iron_door	facing=east,half=upper,hinge=right,open=true,powered=true	1147
O	minecraft:iron_door	facing=north,half=lower,hinge=left,open=false,powered=false	1139
O	minecraft:iron_door	facing=north,half=lower,hinge=left,open=false,powered=true	1139
O	minecraft:iron_door	facing=north,half=lower,hinge=left,open=true,powered=false	1143
O	minecraft:iron_door	facing=north,half=lower,hinge=left,open=true,powered=true	1143
O	minecraft:iron_door	facing=north,half=lower,hinge=right,open=false,powered=false	1139
O	minecraft:iron_door	facing=north,half=lower,hinge=right,open=false,powered=true	1139
O	minecraft:iron_door	facing=north,half=lower,hinge=right,open=true,powered=false	1143
O	minecraft:iron_door	facing=north,half=lower,hinge=right,open=true,powered=true	1143
O	minecraft:iron_door	facing=north,half=upper,hinge=left,open=false,powered=false	1144
O	minecraft:iron_door	facing=north,half=upper,hinge=left,open=false,powered=true	1146
O	minecraft:iron_door	facing=north,half=upper,hinge=left,open=true,powered=false	1144
O	minecraft:iron_door	facing=north,half=upper,hinge=left,open=true,powered=true	1146
O	minecraft:iron_door	facing=north,half=upper,hinge=right,open=false,powered=false	1145
O	minecraft:iron_door	facing=north,half=upper,hinge=right,open=false,powered=true	1147
O	minecraft:iron_door	facing=north,half=upper,hinge=right,open=true,powered=false	1145
O	minecraft:iron_door	facing=north,half=upper,hinge=right,open=true,powered=true	1147
O	minecraft:iron_door	facing=south,half=lower,hinge=left,open=false,powered=false	1137
O	minecraft:iron_door	facing=south,half=lower,hinge=left,open=false,powered=true	1137
O	minecraft:iron_door	facing=south,half=lower,hinge=left,open=true,powered=false	1141
O	minecraft:iron_door	facing=south,half=lower,hinge=left,open=true,powered=true	1141
O	minecraft:iron_door	facing=south,half=lower,hinge=right,open=false,powered=false	1137
O	minecraft:iron_door	facing=south,half=lower,hinge=right,open=false,powered=true	1137
O	minecraft:iron_door	facing=south,half=lower,hinge=right,open=true,powered=false	1141
O	minecraft:iron_door	facing=south,half=lower,hinge=right,open=true,powered=true	1141
O	minecraft:iron_door	facing=south,half=upper,hinge=left,open=false,powered=false	1144
O	minecraft:iron_door	facing=south,half=upper,hinge=left,open=false,powered=true	1146
O	minecraft:iron_door	facing=south,half=upper,hinge=left,open=true,powered=false	1144
O	minecraft:iron_door	facing=south,half=upper,hinge=left,open=true,powered=true	1146
O	minecraft:iron_door	facing=south,half=upper,hinge=right,open=false,powered=false	1145
O	minecraft:iron_door	facing=south,half=upper,hinge=right,open=false,powered=true	1147
O	minecraft:iron_door	facing=south,half=upper,hinge=right,open=true,powered=false	1145
O	minecraft:iron_door	facing=south,half=upper,hinge=right,open=true,powered=true	1147
O	minecraft:iron_door	facing=west,half=lower,hinge=left,open=false,powered=false	1138
O	minecraft:iron_door	facing=west,half=lower,hinge=left,open=false,powered=true	1138
O	minecraft:iron_door	facing=west,half=lower,hinge=left,open=true,powered=false	1142
O	minecraft:iron_door	facing=west,half=lower,hinge=left,open=true,powered=true	1142
O	minecraft:iron_door	facing=west,half=lower,hinge=right,open=false,powered=false	1138
O	minecraft:iron_door	facing=west,half=lower,hinge=right,open=false,powered=true	1138
O	minecraft:iron_door	facing=west,half=lower,hinge=right,open=true,powered=false	1142
O	minecraft:iron_door	facing=west,half=lower,hinge=right,open=true,powered=true	1142
O	minecraft:iron_door	facing=west,half=upper,hinge=left,open=false,powered=false	1144
O	minecraft:iron_door	facing=west,half=upper,hinge=left,open=false,powered=true	1146
O	minecraft:iron_door	facing=west,half=upper,hinge=left,open=true,powered=false	1144
O	minecraft:iron_door	facing=west,half=upper,hinge=left,open=true,powered=true	1146
O	minecraft:iron_door	facing=west,half=upper,hinge=right,open=false,powered=false	1145
O	minecraft:iron_door	facing=west,half=upper,hinge=right,open=false,powered=true	1147
O	minecraft:iron_door	facing=west,half=upper,hinge=right,open=true,powered=false	1145
O	minecraft:iron_door	facing=west,half=upper,hinge=right,open=true,powered=true	1147
O	minecraft:iron_ore		240
O	minecraft:iron_trapdoor	facing=east,half=bottom,open=false	2675
O	minecraft:iron_trapdoor	facing=east,half=bottom,open=true	2679
O	minecraft:iron_trapdoor	facing=east,half=top,open=false	2683
O	minecraft:iron_trapdoor	facing=east,half=top,open=true	2687
O	minecraft:iron_trapdoor	facing=north,half=bottom,open=false	2672
O	minecraft:iron_trapdoor	facing=north,half=bottom,open=true	2676
O	minecraft:iron_trapdoor	facing=north,half=top,open=false	2680
O	minecraft:iron_trapdoor	facing=north,half=top,open=true	2684
O	minecraft:iron_trapdoor	facing=south,half=bottom,open=false	2673
O	minecraft:iron_trapdoor	facing=south,half=bottom,open=true	2677
O	minecraft:iron_trapdoor	facing=south,half=top,open=false	2681
O	minecraft:iron_trapdoor	facing=south,half=top,open=true	2685
O	minecraft:iron_trapdoor	facing=west,half=bottom,open=false	2674
O	minecraft:iron_trapdoor	facing=west,half=bottom,open=true	2678
O	minecraft:iron_trapdoor	facing=west,half=top,open=false	2682
O	minecraft:iron_trapdoor	facing=west,half=top,open=true	2686
O	minecraft:jukebox	has_record=false	1344
O	minecraft:jukebox	has_record=true	1345
O	minecraft:jungle_door	facing=east,half=lower,hinge=left,open=false,powered=false	3120
O	minecraft:jungle_door	facing=east,half=lower,hinge=left,open=false,powered=true	3120
O	minecraft:jungle_door	facing=east,half=lower,hinge=left,open=true,powered=false	3124
O	minecraft:jungle_door	facing=east,half=lower,hinge=left,open=true,powered=true	3124
O	minecraft:jungle_door	facing=east,half=lower,hinge=right,open=false,powered=false	3120
O	minecraft:jungle_door	facing=east,half=lower,hinge=right,open=false,powered=true	3120
O	minecraft:jungle_door	facing=east,half=lower,hinge=right,open=true,powered=false	3124
O	minecraft:jungle_door	facing=east,half=lower,hinge=right,open=true,powered=true	3124
O	minecraft:jungle_door	facing=east,half=upper,hinge=left,open=false,powered=false	3128
O	minecraft:jungle_door	facing=east,half=upper,hinge=left,open=false,powered=true	3130
O	minecraft:jungle_door	facing=east,half=upper,hinge=left,open=true,powered=false	3128
O	minecraft:jungle_door	facing=east,half=upper,hinge=left,open=true,powered=true	3130
O	minecraft:jungle_door	facing=east,half=upper,hinge=right,open=false,powered=false	3129
O	minecraft:jungle_door	facing=east,half=upper,hinge=right,open=false,powered=true	3131
O	minecraft:jungle_door	facing=east,half=upper,hinge=right,open=true,powered=false	3129
O	minecraft:jungle_door	facing=east,half=upper,hinge=right,open=true,powered=true	3131
O	minecraft:jungle_door	facing=north,half=lower,hinge=left,open=false,powered=false	3123
O	minecraft:jungle_door	facing=north,half=lower,hinge=left,open=false,powered=true	3123
O	minecraft:jungle_door	facing=north,half=lower,hinge=left,open=true,powered=false	3127
O	minecraft:jungle_door	facing=north,half=lower,hinge=left,open=true,powered=true	3127
O	minecraft:jungle_door	facing=north,half=lower,hinge=right,open=false,powered=false	3123
O	minecraft:jungle_door	facing=north,half=lower,hinge=right,open=false,powered=true	3123
O	minecraft:jungle_door	facing=north,half=lower,hinge=right,open=true,powered=false	3127
O	minecraft:jungle_door	facing=north,half=lower,hinge=right,open=true,powered=true	3127
O	minecraft:jungle_door	facing=north,half=upper,hinge=left,open=false,powered=false	3128
O	minecraft:jungle_door	facing=north,half=upper,hinge=left,open=false,powered=true	3130
O	minecraft:jungle_door	facing=north,half=upper,hinge=left,open=true,powered=false	3128
O	minecraft:jungle_door	facing=north,half=upper,hinge=left,open=true,powered=true	3130
O	minecraft:jungle_door	facing=north,half=upper,hinge=right,open=false,powered=false	3129
O	minecraft:jungle_door	facing=north,half=upper,hinge=right,open=false,powered=true	3131
O	minecraft:jungle_door	facing=north,half=upper,hinge=right,open=true,powered=false	3129
O	minecraft:jungle_door	facing=north,half=upper,hinge=right,open=true,powered=true	3131
O	minecraft:jungle_door	facing=south,half=lower,hinge=left,open=false,powered=false	3121
O	minecraft:jungle_door	facing=south,half=lower,hinge=left,open=false,powered=true	3121
O	minecraft:jungle_door	facing=south,half=lower,hinge=left,open=true,powered=false	3125
O	minecraft:jungle_door	facing=south,half=lower,hinge=left,open=true,powered=true	3125
O	minecraft:jungle_door	facing=south,half=lower,hinge=right,open=false,powered=false	3121
O	minecraft:jungle_door	facing=south,half=lower,hinge=right,open=false,powered=true	3121
O	minecraft:jungle_door	facing=south,half=lower,hinge=right,open=true,powered=false	3125
O	minecraft:jungle_door	facing=south,half=lower,hinge=right,open=true,powered=true	3125
O	minecraft:jungle_door	facing=south,half=upper,hinge=left,open=false,powered=false	3128
O	minecraft:jungle_door	facing=south,half=upper,hinge=left,open=false,powered=true	3130
O	minecraft:jungle_door	facing=south,half=upper,hinge=left,open=true,powered=false	3128
O	minecraft:jungle_door	facing=south,half=upper,hinge=left,open=true,powered=true	3130
O	minecraft:jungle_door	facing=south,half=upper,hinge=right,open=false,powered=false	3129
O	minecraft:jungle_door	facing=south,half=upper,hinge=right,open=false,powered=true	3131
O	minecraft:jungle_door	facing=south,half=upper,hinge=right,open=true,powered=false	3129
O	minecraft:jungle_door	facing=south,half=upper,hinge=right,open=true,powered=true	3131
O	minecraft:jungle_door	facing=west,half=lower,hinge=left,open=false,powered=false	3122
O	minecraft:jungle_door	facing=west,half=lower,hinge=left,open=false,powered=true	3122
O	minecraft:jungle_door	facing=west,half=lower,hinge=left,open=true,powered=false	3126
O	minecraft:jungle_door	facing=west,half=lower,hinge=left,open=true,powered=true	3126
O	minecraft:jungle_door	facing=west,half=lower,hinge=right,open=false,powered=false	3122
O	minecraft:jungle_door	facing=west,half=lower,hinge=right,open=false,powered=true	3122
O	minecraft:jungle_door	facing=west,half=lower,hinge=right,open=true,powered=false	3126
O	minecraft:jungle_door	facing=west,half=lower,hinge=right,open=true,powered=true	3126
O	minecraft:jungle_door	facing=west,half=upper,hinge=left,open=false,powered=false	3128
O	minecraft:jungle_door	facing=west,half=upper,hinge=left,open=false,powered=true	3130
O	minecraft:jungle_door	facing=west,half=upper,hinge=left,open=true,powered=false	3128
O	minecraft:jungle_door	facing=west,half=upper,hinge=left,open=true,powered=true	3130
O	minecraft:jungle_door	facing=west,half=upper,hinge=right,open=false,powered=false	3129
O	minecraft:jungle_door	facing=west,half=upper,hinge=right,open=false,powered=true	3131
O	minecraft:jungle_door	facing=west,half=upper,hinge=right,open=true,powered=false	3129
O	minecraft:jungle_door	facing=west,half=upper,hinge=right,open=true,powered=true	3131
O	minecraft:jungle_fence	east=false,north=false,south=false,west=false	3040
O	minecraft:jungle_fence	east=false,north=false,south=false,west=true	3040
O	minecraft:jungle_fence	east=false,north=false,south=true,west=false	3040
O	minecraft:jungle_fence	east=false,north=false,south=true,west=true	3040
O	minecraft:jungle_fence	east=false,north=true,south=false,west=false	3040
O	minecraft:jungle_fence	east=false,north=true,south=false,west=true	3040
O	minecraft:jungle_fence	east=false,north=true,south=true,west=false	3040
O	minecraft:jungle_fence	east=false,north=true,south=true,west=true	3040
O	minecraft:jungle_fence	east=true,north=false,south=false,west=false	3040
O	minecraft:jungle_fence	east=true,north=false,south=false,west=true	3040
O	minecraft:jungle_fence	east=true,north=false,south=true,west=false	3040
O	minecraft:jungle_fence	east=true,north=false,south=true,west=true	3040
O	minecraft:jungle_fence	east=true,north=true,south=false,west=false	3040
O	minecraft:jungle_fence	east=true,north=true,south=false,west=true	3040
O	minecraft:jungle_fence	east=true,north=true,south=true,west=false	3040
O	minecraft:jungle_fence	east=true,north=true,south=true,west=true	3040
O	minecraft:jungle_fence_gate	facing=east,in_wall=false,open=false,powered=false	2963
O	minecraft:jungle_fence_gate	facing=east,in_wall=false,open=false,powered=true	2971
O	minecraft:jungle_fence_gate	facing=east,in_wall=false,open=true,powered=false	2967
O	minecraft:jungle_fence_gate	facing=east,in_wall=false,open=true,powered=true	2975
O	minecraft:jungle_fence_gate	facing=east,in_wall=true,open=false,powered=false	2963
O	minecraft:jungle_fence_gate	facing=east,in_wall=true,open=false,powered=true	2971
O	minecraft:jungle_fence_gate	facing=east,in_wall=true,open=true,powered=false	2967
O	minecraft:jungle_fence_gate	facing=east,in_wall=true,open=true,powered=true	2975
O	minecraft:jungle_fence_gate	facing=north,in_wall=false,open=false,powered=false	2962
O	minecraft:jungle_fence_gate	facing=north,in_wall=false,open=false,powered=true	2970
O	minecraft:jungle_fence_gate	facing=north,in_wall=false,open=true,powered=false	2966
O	minecraft:jungle_fence_gate	facing=north,in_wall=false,open=true,powered=true	2974
O	minecraft:jungle_fence_gate	facing=north,in_wall=true,open=false,powered=false	2962
O	minecraft:jungle_fence_gate	facing=north,in_wall=true,open=false,powered=true	2970
O	minecraft:jungle_fence_gate	facing=north,in_wall=true,open=true,powered=false	2966
O	minecraft:jungle_fence_gate	facing=north,in_wall=true,open=true,powered=true	2974
O	minecraft:jungle_fence_gate	facing=south,in_wall=false,open=false,powered=false	2960
O	minecraft:jungle_fence_gate	facing=south,in_wall=false,open=false,powered=true	2968
O	minecraft:jungle_fence_gate	facing=south,in_wall=false,open=true,powered=false	2964
O	minecraft:jungle_fence_gate	facing=south,in_wall=false,open=true,powered=true	2972
O	minecraft:jungle_fence_gate	facing=south,in_wall=true,open=false,powered=false	2960
O	minecraft:jungle_fence_gate	facing=south,in_wall=true,open=false,powered=true	2968
O	minecraft:jungle_fence_gate	facing=south,in_wall=true,open=true,powered=false	2964
O	minecraft:jungle_fence_gate	facing=south,in_wall=true,open=true,powered=true	2972
O	minecraft:jungle_fence_gate	facing=west,in_wall=false,open=false,powered=false	2961
O	minecraft:jungle_fence_gate	facing=west,in_wall=false,open=false,powered=true	2969
O	minecraft:jungle_fence_gate	facing=west,in_wall=false,open=true,powered=false	2965
O	minecraft:jungle_fence_gate	facing=west,in_wall=false,open=true,powered=true	2973
O	minecraft:jungle_fence_gate	facing=west,in_wall=true,open=false,powered=false	2961
O	minecraft:jungle_fence_gate	facing=west,in_wall=true,open=false,powered=true	2969
O	minecraft:jungle_fence_gate	facing=west,in_wall=true,open=true,powered=false	2965
O	minecraft:jungle_fence_gate	facing=west,in_wall=true,open=true,powered=true	2973
O	minecraft:jungle_stairs	facing=east,half=bottom,shape=inner_left	2176
O	minecraft:jungle_stairs	facing=east,half=bottom,shape=inner_right	2176
O	minecraft:jungle_stairs	facing=east,half=bottom,shape=outer_left	2176
O	minecraft:jungle_stairs	facing=east,half=bottom,shape=outer_right	2176
O	minecraft:jungle_stairs	facing=east,half=bottom,shape=straight	2176
O	minecraft:jungle_stairs	facing=east,half=top,shape=inner_left	2180
O	minecraft:jungle_stairs	facing=east,half=top,shape=inner_right	2180
O	minecraft:jungle_stairs	facing=east,half=top,shape=outer_left	2180
O	minecraft:jungle_stairs	facing=east,half=top,shape=outer_right	2180
O	minecraft:jungle_stairs	facing=east,half=top,shape=straight	2180
O	minecraft:jungle_stairs	facing=north,half=bottom,shape=inner_left	2179
O	minecraft:jungle_stairs	facing=north,half=bottom,shape=inner_right	2179
O	minecraft:jungle_stairs	facing=north,half=bottom,shape=outer_left	2179
O	minecraft:jungle_stairs	facing=north,half=bottom,shape=outer_right	2179
O	minecraft:jungle_stairs	facing=north,half=bottom,shape=straight	2179
O	minecraft:jungle_stairs	facing=north,half=top,shape=inner_left	2183
O	minecraft:jungle_stairs	facing=north,half=top,shape=inner_right	2183
O	minecraft:jungle_stairs	facing=north,half=top,shape=outer_left	2183
O	minecraft:jungle_stairs	facing=north,half=top,shape=outer_right	2183
O	minecraft:jungle_stairs	facing=north,half=top,shape=straight	2183
O	minecraft:jungle_stairs	facing=south,half=bottom,shape=inner_left	2178
O	minecraft:jungle_stairs	facing=south,half=bottom,shape=inner_right	2178
O	minecraft:jungle_stairs	facing=south,half=bottom,shape=outer_left	2178
O	minecraft:jungle_stairs	facing=south,half=bottom,shape=outer_right	2178
O	minecraft:jungle_stairs	facing=south,half=bottom,shape=straight	2178
O	minecraft:jungle_stairs	facing=south,half=top,shape=inner_left	2182
O	minecraft:jungle_stairs	facing=south,half=top,shape=inner_right	2182
O	minecraft:jungle_stairs	facing=south,half=top,shape=outer_left	2182
O	minecraft:jungle_stairs	facing=south,half=top,shape=outer_right	2182
O	minecraft:jungle_stairs	facing=south,half=top,shape=straight	2182
O	minecraft:jungle_stairs	facing=west,half=bottom,shape=inner_left	2177
O	minecraft:jungle_stairs	facing=west,half=bottom,shape=inner_right	2177
O	minecraft:jungle_stairs	facing=west,half=bottom,shape=outer_left	2177
O	minecraft:jungle_stairs	facing=west,half=bottom,shape=outer_right	2177
O	minecraft:jungle_stairs	facing=west,half=bottom,shape=straight	2177
O	minecraft:jungle_stairs	facing=west,half=top,shape=inner_left	2181
O	minecraft:jungle_stairs	facing=west,half=top,shape=inner_right	2181
O	minecraft:jungle_stairs	facing=west,half=top,shape=outer_left	2181
O	minecraft:jungle_stairs	facing=west,half=top,shape=outer_right	2181
O	minecraft:jungle_stairs	facing=west,half=top,shape=straight	2181
O	minecraft:ladder	facing=east	1045
O	minecraft:ladder	facing=north	1042
O	minecraft:ladder	facing=south	1043
O	minecraft:ladder	facing=west	1044
O	minecraft:lapis_block		352
O	minecraft:lapis_ore		336
O	minecraft:lava	level=0	176
O	minecraft:lava	level=1	177
O	minecraft:lava	level=10	186
O	minecraft:lava	level=11	187
O	minecraft:lava	level=12	188
O	minecraft:lava	level=13	189
O	minecraft:lava	level=14	190
O	minecraft:lava	level=15	191
O	minecraft:lava	level=2	178
O	minecraft:lava	level=3	179
O	minecraft:lava	level=4	180
O	minecraft:lava	level=5	181
O	minecraft:lava	level=6	182
O	minecraft:lava	level=7	183
O	minecraft:lava	level=8	184
O	minecraft:lava	level=9	185
O	minecraft:leaves	check_decay=false,decayable=false,variant=birch	294
O	minecraft:leaves	check_decay=false,decayable=false,variant=jungle	295
O	minecraft:leaves	check_decay=false,decayable=false,variant=oak	292
O	minecraft:leaves	check_decay=false,decayable=false,variant=spruce	293
O	minecraft:leaves	check_decay=false,decayable=true,variant=birch	290
O	minecraft:leaves	check_decay=false,decayable=true,variant=jungle	291
O	minecraft:leaves	check_decay=false,decayable=true,variant=oak	288
O	minecraft:leaves	check_decay=false,decayable=true,variant=spruce	289
O	minecraft:leaves	check_decay=true,decayable=false,variant=birch	302
O	minecraft:leaves	check_decay=true,decayable=false,variant=jungle	303
O	minecraft:leaves	check_decay=true,decayable=false,variant=oak	300
O	minecraft:leaves	check_decay=true,decayable=false,variant=spruce	301
O	minecraft:leaves	check_decay=true,decayable=true,variant=birch	298
O	minecraft:leaves	check_decay=true,decayable=true,variant=jungle	299
O	minecraft:leaves	check_decay=true,decayable=true,variant=oak	296
O	minecraft:leaves	check_decay=true,decayable=true,variant=spruce	297
O	minecraft:leaves2	check_decay=false,decayable=false,variant=acacia	2580
O	minecraft:leaves2	check_decay=false,decayable=false,variant=dark_oak	2581
O	minecraft:leaves2	check_decay=false,decayable=true,variant=acacia	2576
O	minecraft:leaves2	check_decay=false,decayable=true,variant=dark_oak	2577
O	minecraft:leaves2	check_decay=true,decayable=false,variant=acacia	2588
O	minecraft:leaves2	check_decay=true,decayable=false,variant=dark_oak	2589
O	minecraft:leaves2	check_decay=true,decayable=true,variant=acacia	2584
O	minecraft:leaves2	check_decay=true,decayable=true,variant=dark_oak	2585
O	minecraft:lever	facing=down_x,powered=false	1104
O	minecraft:lever	facing=down_x,powered=true	1112
O	minecraft:lever	facing=down_z,powered=false	1111
O	minecraft:lever	facing=down_z,powered=true	1119
O	minecraft:lever	facing=east,powered=false	1105
O	minecraft:lever	facing=east,powered=true	1113
O	minecraft:lever	facing=north,powered=false	1108
O	minecraft:lever	facing=north,powered=true	1116
O	minecraft:lever	facing=south,powered=false	1107
O	minecraft:lever	facing=south,powered=true	1115
O	minecraft:lever	facing=up_x,powered=false	1110
O	minecraft:lever	facing=up_x,powered=true	1118
O	minecraft:lever	facing=up_z,powered=false	1109
O	minecraft:lever	facing=up_z,powered=true	1117
O	minecraft:lever	facing=west,powered=false	1106
O	minecraft:lever	facing=west,powered=true	1114
O	minecraft:light_blue_glazed_terracotta	facing=east	3811
O	minecraft:light_blue_glazed_terracotta	facing=north	3810
O	minecraft:light_blue_glazed_terracotta	facing=south	3808
O	minecraft:light_blue_glazed_terracotta	facing=west	3809
O	minecraft:light_blue_shulker_box	facing=down	3552
O	minecraft:light_blue_shulker_box	facing=east	3557
O	minecraft:light_blue_shulker_box	facing=north	3554
O	minecraft:light_blue_shulker_box	facing=south	3555
O	minecraft:light_blue_shulker_box	facing=up	3553
O	minecraft:light_blue_shulker_box	facing=west	3556
O	minecraft:light_weighted_pressure_plate	power=0	2352
O	minecraft:light_weighted_pressure_plate	power=1	2353
O	minecraft:light_weighted_pressure_plate	power=10	2362
O	minecraft:light_weighted_pressure_plate	power=11	2363
O	minecraft:light_weighted_pressure_plate	power=12	2364
O	minecraft:light_weighted_pressure_plate	power=13	2365
O	minecraft:light_weighted_pressure_plate	power=14	2366
O	minecraft:light_weighted_pressure_plate	power=15	2367
O	minecraft:light_weighted_pressure_plate	power=2	2354
O	minecraft:light_weighted_pressure_plate	power=3	2355
O	minecraft:light_weighted_pressure_plate	power=4	2356
O	minecraft:light_weighted_pressure_plate	power=5	2357
O	minecraft:light_weighted_pressure_plate	power=6	2358
O	minecraft:light_weighted_pressure_plate	power=7	2359
O	minecraft:light_weighted_pressure_plate	power=8	2360
O	minecraft:light_weighted_pressure_plate	power=9	2361
O	minecraft:lime_glazed_terracotta	facing=east	3843
O	minecraft:lime_glazed_terracotta	facing=north	3842
O	minecraft:lime_glazed_terracotta	facing=south	3840
O	minecraft:lime_glazed_terracotta	facing=west	3841
O	minecraft:lime_shulker_box	facing=down	3584
O	minecraft:lime_shulker_box	facing=east	3589
O	minecraft:lime_shulker_box	facing=north	3586
O	minecraft:lime_shulker_box	facing=south	3587
O	minecraft:lime_shulker_box	facing=up	3585
O	minecraft:lime_shulker_box	facing=west	3588
O	minecraft:lit_furnace	facing=east	997
O	minecraft:lit_furnace	facing=north	994
O	minecraft:lit_furnace	facing=south	995
O	minecraft:lit_furnace	facing=west	996
O	minecraft:lit_pumpkin	facing=east	1459
O	minecraft:lit_pumpkin	facing=north	1458
O	minecraft:lit_pumpkin	facing=south	1456
O	minecraft:lit_pumpkin	facing=west	1457
O	minecraft:lit_redstone_lamp		1984
O	minecraft:lit_redstone_ore		1184
O	minecraft:log	axis=none,variant=birch	286
O	minecraft:log	axis=none,variant=jungle	287
O	minecraft:log	axis=none,variant=oak	284
O	minecraft:log	axis=none,variant=spruce	285
O	minecraft:log	axis=x,variant=birch	278
O	minecraft:log	axis=x,variant=jungle	279
O	minecraft:log	axis=x,variant=oak	276
O	minecraft:log	axis=x,variant=spruce	277
O	minecraft:log	axis=y,variant=birch	274
O	minecraft:log	axis=y,variant=jungle	275
O	minecraft:log	axis=y,variant=oak	272
O	minecraft:log	axis=y,variant=spruce	273
O	minecraft:log	axis=z,variant=birch	282
O	minecraft:log	axis=z,variant=jungle	283
O	minecraft:log	axis=z,variant=oak	280
O	minecraft:log	axis=z,variant=spruce	281
O	minecraft:log2	axis=none,variant=acacia	2604
O	minecraft:log2	axis=none,variant=dark_oak	2605
O	minecraft:log2	axis=x,variant=acacia	2596
O	minecraft:log2	axis=x,variant=dark_oak	2597
O	minecraft:log2	axis=y,variant=acacia	2592
O	minecraft:log2	axis=y,variant=dark_oak	2593
O	minecraft:log2	axis=z,variant=acacia	2600
O	minecraft:log2	axis=z,variant=dark_oak	2601
O	minecraft:magenta_glazed_terracotta	facing=east	3795
O	minecraft:magenta_glazed_terracotta	facing=north	3794
O	minecraft:magenta_glazed_terracotta	facing=south	3792
O	minecraft:magenta_glazed_terracotta	facing=west	3793
O	minecraft:magenta_shulker_box	facing=down	3536
O	minecraft:magenta_shulker_box	facing=east	3541
O	minecraft:magenta_shulker_box	facing=north	3538
O	minecraft:magenta_shulker_box	facing=south	3539
O	minecraft:magenta_shulker_box	facing=up	3537
O	minecraft:magenta_shulker_box	facing=west	3540
O	minecraft:magma		3408
O	minecraft:melon_block		1648
O	minecraft:melon_stem	age=0,facing=east	1680
O	minecraft:melon_stem	age=0,facing=north	1680
O	minecraft:melon_stem	age=0,facing=south	1680
O	minecraft:melon_stem	age=0,facing=up	1680
O	minecraft:melon_stem	age=0,facing=west	1680
O	minecraft:melon_stem	age=1,facing=east	1681
O	minecraft:melon_stem	age=1,facing=north	1681
O	minecraft:melon_stem	age=1,facing=south	1681
O	minecraft:melon_stem	age=1,facing=up	1681
O	minecraft:melon_stem	age=1,facing=west	1681
O	minecraft:melon_stem	age=2,facing=east	1682
O	minecraft:melon_stem	age=2,facing=north	1682
O	minecraft:melon_stem	age=2,facing=south	1682
O	minecraft:melon_stem	age=2,facing=up	1682
O	minecraft:melon_stem	age=2,facing=west	1682
O	minecraft:melon_stem	age=3,facing=east	1683
O	minecraft:melon_stem	age=3,facing=north	1683
O	minecraft:melon_stem	age=3,facing=south	1683
O	minecraft:melon_stem	age=3,facing=up	1683
O	minecraft:melon_stem	age=3,facing=west	1683
O	minecraft:melon_stem	age=4,facing=east	1684
O	minecraft:melon_stem	age=4,facing=north	1684
O	minecraft:melon_stem	age=4,facing=south	1684
O	minecraft:melon_stem	age=4,facing=up	1684
O	minecraft:melon_stem	age=4,facing=west	1684
O	minecraft:melon_stem	age=5,facing=east	1685
O	minecraft:melon_stem	age=5,facing=north	1685
O	minecraft:melon_stem	age=5,facing=south	1685
O	minecraft:melon_stem	age=5,facing=up	1685
O	minecraft:melon_stem	age=5,facing=west	1685
O	minecraft:melon_stem	age=6,facing=east	1686
O	minecraft:melon_stem	age=6,facing=north	1686
O	minecraft:melon_stem	age=6,facing=south	1686
O	minecraft:melon_stem	age=6,facing=up	1686
O	minecraft:melon_stem	age=6,facing=west	1686
O	minecraft:melon_stem	age=7,facing=east	1687
O	minecraft:melon_stem	age=7,facing=north	1687
O	minecraft:melon_stem	age=7,facing=south	1687
O	minecraft:melon_stem	age=7,facing=up	1687
O	minecraft:melon_stem	age=7,facing=west	1687
O	minecraft:mob_spawner		832
O	minecraft:monster_egg	variant=chiseled_brick	1557
O	minecraft:monster_egg	variant=cobblestone	1553
O	minecraft:monster_egg	variant=cracked_brick	1556
O	minecraft:monster_egg	variant=mossy_brick	1555
O	minecraft:monster_egg	variant=stone	1552
O	minecraft:monster_egg	variant=stone_brick	1554
O	minecraft:mossy_cobblestone		768
O	minecraft:mycelium	snowy=false	1760
O	minecraft:mycelium	snowy=true	1760
O	minecraft:nether_brick		1792
O	minecraft:nether_brick_fence	east=false,north=false,south=false,west=false	1808
O	minecraft:nether_brick_fence	east=false,north=false,south=false,west=true	1808
O	minecraft:nether_brick_fence	east=false,north=false,south=true,west=false	1808
O	minecraft:nether_brick_fence	east=false,north=false,south=true,west=true	1808
O	minecraft:nether_brick_fence	east=false,north=true,south=false,west=false	1808
O	minecraft:nether_brick_fence	east=false,north=true,south=false,west=true	1808
O	minecraft:nether_brick_fence	east=false,north=true,south=true,west=false	1808
O	minecraft:nether_brick_fence	east=false,north=true,south=true,west=true	1808
O	minecraft:nether_brick_fence	east=true,north=false,south=false,west=false	1808
O	minecraft:nether_brick_fence	east=true,north=false,south=false,west=true	1808
O	minecraft:nether_brick_fence	east=true,north=false,south=true,west=false	1808
O	minecraft:nether_brick_fence	east=true,north=false,south=true,west=true	1808
O	minecraft:nether_brick_fence	east=true,north=true,south=false,west=false	1808
O	minecraft:nether_brick_fence	east=true,north=true,south=false,west=true	1808
O	minecraft:nether_brick_fence	east=true,north=true,south=true,west=false	1808
O	minecraft:nether_brick_fence	east=true,north=true,south=true,west=true	1808
O	minecraft:nether_brick_stairs	facing=east,half=bottom,shape=inner_left	1824
O	minecraft:nether_brick_stairs	facing=east,half=bottom,shape=inner_right	1824
O	minecraft:nether_brick_stairs	facing=east,half=bottom,shape=outer_left	1824
O	minecraft:nether_brick_stairs	facing=east,half=bottom,shape=outer_right	1824
O	minecraft:nether_brick_stairs	facing=east,half=bottom,shape=straight	1824
O	minecraft:nether_brick_stairs	facing=east,half=top,shape=inner_left	1828
O	minecraft:nether_brick_stairs	facing=east,half=top,shape=inner_right	1828
O	minecraft:nether_brick_stairs	facing=east,half=top,shape=outer_left	1828
O	minecraft:nether_brick_stairs	facing=east,half=top,shape=outer_right	1828
O	minecraft:nether_brick_stairs	facing=east,half=top,shape=straight	1828
O	minecraft:nether_brick_stairs	facing=north,half=bottom,shape=inner_left	1827
O	minecraft:nether_brick_stairs	facing=north,half=bottom,shape=inner_right	1827
O	minecraft:nether_brick_stairs	facing=north,half=bottom,shape=outer_left	1827
O	minecraft:nether_brick_stairs	facing=north,half=bottom,shape=outer_right	1827
O	minecraft:nether_brick_stairs	facing=north,half=bottom,shape=straight	1827
O	minecraft:nether_brick_stairs	facing=north,half=top,shape=inner_left	1831
O	minecraft:nether_brick_stairs	facing=north,half=top,shape=inner_right	1831
O	minecraft:nether_brick_stairs	facing=north,half=top,shape=outer_left	1831
O	minecraft:nether_brick_stairs	facing=north,half=top,shape=outer_right	1831
O	minecraft:nether_brick_stairs	facing=north,half=top,shape=straight	1831
O	minecraft:nether_brick_stairs	facing=south,half=bottom,shape=inner_left	1826
O	minecraft:nether_brick_stairs	facing=south,half=bottom,shape=inner_right	1826
O	minecraft:nether_brick_stairs	facing=south,half=bottom,shape=outer_left	1826
O	minecraft:nether_brick_stairs	facing=south,half=bottom,shape=outer_right	1826
O	minecraft:nether_brick_stairs	facing=south,half=bottom,shape=straight	1826
O	minecraft:nether_brick_stairs	facing=south,half=top,shape=inner_left	1830
O	minecraft:nether_brick_stairs	facing=south,half=top,shape=inner_right	1830
O	minecraft:nether_brick_stairs	facing=south,half=top,shape=outer_left	1830
O	minecraft:nether_brick_stairs	facing=south,half=top,shape=outer_right	1830
O	minecraft:nether_brick_stairs	facing=south,half=top,shape=straight	1830
O	minecraft:nether_brick_stairs	facing=west,half=bottom,shape=inner_left	1825
O	minecraft:nether_brick_stairs	facing=west,half=bottom,shape=inner_right	1825
O	minecraft:nether_brick_stairs	facing=west,half=bottom,shape=outer_left	1825
O	minecraft:nether_brick_stairs	facing=west,half=bottom,shape=outer_right	1825
O	minecraft:nether_brick_stairs	facing=west,half=bottom,shape=straight	1825
O	minecraft:nether_brick_stairs	facing=west,half=top,shape=inner_left	1829
O	minecraft:nether_brick_stairs	facing=west,half=top,shape=inner_right	1829
O	minecraft:nether_brick_stairs	facing=west,half=top,shape=outer_left	1829
O	minecraft:nether_brick_stairs	facing=west,half=top,shape=outer_right	1829
O	minecraft:nether_brick_stairs	facing=west,half=top,shape=straight	1829
O	minecraft:nether_wart	age=0	1840
O	minecraft:nether_wart	age=1	1841
O	minecraft:nether_wart	age=2	1842
O	minecraft:nether_wart	age=3	1843
O	minecraft:nether_wart_block		3424
O	minecraft:netherrack		1392
O	minecraft:noteblock		400
O	minecraft:oak_stairs	facing=east,half=bottom,shape=inner_left	848
O	minecraft:oak_stairs	facing=east,half=bottom,shape=inner_right	848
O	minecraft:oak_stairs	facing=east,half=bottom,shape=outer_left	848
O	minecraft:oak_stairs	facing=east,half=bottom,shape=outer_right	848
O	minecraft:oak_stairs	facing=east,half=bottom,shape=straight	848
O	minecraft:oak_stairs	facing=east,half=top,shape=inner_left	852
O	minecraft:oak_stairs	facing=east,half=top,shape=inner_right	852
O	minecraft:oak_stairs	facing=east,half=top,shape=outer_left	852
O	minecraft:oak_stairs	facing=east,half=top,shape=outer_right	852
O	minecraft:oak_stairs	facing=east,half=top,shape=straight	852
O	minecraft:oak_stairs	facing=north,half=bottom,shape=inner_left	851
O	minecraft:oak_stairs	facing=north,half=bottom,shape=inner_right	851
O	minecraft:oak_stairs	facing=north,half=bottom,shape=outer_left	851
O	minecraft:oak_stairs	facing=north,half=bottom,shape=outer_right	851
O	minecraft:oak_stairs	facing=north,half=bottom,shape=straight	851
O	minecraft:oak_stairs	facing=north,half=top,shape=inner_left	855
O	minecraft:oak_stairs	facing=north,half=top,shape=inner_right	855
O	minecraft:oak_stairs	facing=north,half=top,shape=outer_left	855
O	minecraft:oak_stairs	facing=north,half=top,shape=outer_right	855
O	minecraft:oak_stairs	facing=north,half=top,shape=straight	855
O	minecraft:oak_stairs	facing=south,half=bottom,shape=inner_left	850
O	minecraft:oak_stairs	facing=south,half=bottom,shape=inner_right	850
O	minecraft:oak_stairs	facing=south,half=bottom,shape=outer_left	850
O	minecraft:oak_stairs	facing=south,half=bottom,shape=outer_right	850
O	minecraft:oak_stairs	facing=south,half=bottom,shape=straight	850
O	minecraft:oak_stairs	facing=south,half=top,shape=inner_left	854
O	minecraft:oak_stairs	facing=south,half=top,shape=inner_right	854
O	minecraft:oak_stairs	facing=south,half=top,shape=outer_left	854
O	minecraft:oak_stairs	facing=south,half=top,shape=outer_right	854
O	minecraft:oak_stairs	facing=south,half=top,shape=straight	854
O	minecraft:oak_stairs	facing=west,half=bottom,shape=inner_left	849
O	minecraft:oak_stairs	facing=west,half=bottom,shape=inner_right	849
O	minecraft:oak_stairs	facing=west,half=bottom,shape=outer_left	849
O	minecraft:oak_stairs	facing=west,half=bottom,shape=outer_right	849
O	minecraft:oak_stairs	facing=west,half=bottom,shape=straight	849
O	minecraft:oak_stairs	facing=west,half=top,shape=inner_left	853
O	minecraft:oak_stairs	facing=west,half=top,shape=inner_right	853
O	minecraft:oak_stairs	facing=west,half=top,shape=outer_left	853
O	minecraft:oak_stairs	facing=west,half=top,shape=outer_right	853
O	minecraft:oak_stairs	facing=west,half=top,shape=straight	853
O	minecraft:observer	facing=down,powered=false	3488
O	minecraft:observer	facing=down,powered=true	3496
O	minecraft:observer	facing=east,powered=false	3493
O	minecraft:observer	facing=east,powered=true	3501
O	minecraft:observer	facing=north,powered=false	3490
O	minecraft:observer	facing=north,powered=true	3498
O	minecraft:observer	facing=south,powered=false	3491
O	minecraft:observer	facing=south,powered=true	3499
O	minecraft:observer	facing=up,powered=false	3489
O	minecraft:observer	facing=up,powered=true	3497
O	minecraft:observer	facing=west,powered=false	3492
O	minecraft:observer	facing=west,powered=true	3500
O	minecraft:obsidian		784
O	minecraft:orange_glazed_terracotta	facing=east	3779
O	minecraft:orange_glazed_terracotta	facing=north	3778
O	minecraft:orange_glazed_terracotta	facing=south	3776
O	minecraft:orange_glazed_terracotta	facing=west	3777
O	minecraft:orange_shulker_box	facing=down	3520
O	minecraft:orange_shulker_box	facing=east	3525
O	minecraft:orange_shulker_box	facing=north	3522
O	minecraft:orange_shulker_box	facing=south	3523
O	minecraft:orange_shulker_box	facing=up	3521
O	minecraft:orange_shulker_box	facing=west	3524
O	minecraft:packed_ice		2784
O	minecraft:pink_glazed_terracotta	facing=east	3859
O	minecraft:pink_glazed_terracotta	facing=north	3858
O	minecraft:pink_glazed_terracotta	facing=south	3856
O	minecraft:pink_glazed_terracotta	facing=west	3857
O	minecraft:pink_shulker_box	facing=down	3600
O	minecraft:pink_shulker_box	facing=east	3605
O	minecraft:pink_shulker_box	facing=north	3602
O	minecraft:pink_shulker_box	facing=south	3603
O	minecraft:pink_shulker_box	facing=up	3601
O	minecraft:pink_shulker_box	facing=west	3604
O	minecraft:piston	extended=false,facing=down	528
O	minecraft:piston	extended=false,facing=east	533
O	minecraft:piston	extended=false,facing=north	530
O	minecraft:piston	extended=false,facing=south	531
O	minecraft:piston	extended=false,facing=up	529
O	minecraft:piston	extended=false,facing=west	532
O	minecraft:piston	extended=true,facing=down	536
O	minecraft:piston	extended=true,facing=east	541
O	minecraft:piston	extended=true,facing=north	538
O	minecraft:piston	extended=true,facing=south	539
O	minecraft:piston	extended=true,facing=up	537
O	minecraft:piston	extended=true,facing=west	540
O	minecraft:piston_extension	facing=down,type=normal	576
O	minecraft:piston_extension	facing=down,type=sticky	584
O	minecraft:piston_extension	facing=east,type=normal	581
O	minecraft:piston_extension	facing=east,type=sticky	589
O	minecraft:piston_extension	facing=north,type=normal	578
O	minecraft:piston_extension	facing=north,type=sticky	586
O	minecraft:piston_extension	facing=south,type=normal	579
O	minecraft:piston_extension	facing=south,type=sticky	587
O	minecraft:piston_extension	facing=up,type=normal	577
O	minecraft:piston_extension	facing=up,type=sticky	585
O	minecraft:piston_extension	facing=west,type=normal	580
O	minecraft:piston_extension	facing=west,type=sticky	588
O	minecraft:piston_head	facing=down,short=false,type=normal	544
O	minecraft:piston_head	facing=down,short=false,type=sticky	552
O	minecraft:piston_head	facing=down,short=true,type=normal	544
O	minecraft:piston_head	facing=down,short=true,type=sticky	552
O	minecraft:piston_head	facing=east,short=false,type=normal	549
O	minecraft:piston_head	facing=east,short=false,type=sticky	557
O	minecraft:piston_head	facing=east,short=true,type=normal	549
O	minecraft:piston_head	facing=east,short=true,type=sticky	557
O	minecraft:piston_head	facing=north,short=false,type=normal	546
O	minecraft:piston_head	facing=north,short=false,type=sticky	554
O	minecraft:piston_head	facing=north,short=true,type=normal	546
O	minecraft:piston_head	facing=north,short=true,type=sticky	554
O	minecraft:piston_head	facing=south,short=false,type=normal	547
O	minecraft:piston_head	facing=south,short=false,type=sticky	555
O	minecraft:piston_head	facing=south,short=true,type=normal	547
O	minecraft:piston_head	facing=south,short=true,type=sticky	555
O	minecraft:piston_head	facing=up,short=false,type=normal	545
O	minecraft:piston_head	facing=up,short=false,type=sticky	553
O	minecraft:piston_head	facing=up,short=true,type=normal	545
O	minecraft:piston_head	facing=up,short=true,type=sticky	553
O	minecraft:piston_head	facing=west,short=false,type=normal	548
O	minecraft:piston_head	facing=west,short=false,type=sticky	556
O	minecraft:piston_head	facing=west,short=true,type=normal	548
O	minecraft:piston_head	facing=west,short=true,type=sticky	556
O	minecraft:planks	variant=acacia	84
O	minecraft:planks	variant=birch	82
O	minecraft:planks	variant=dark_oak	85
O	minecraft:planks	variant=jungle	83
O	minecraft:planks	variant=oak	80
O	minecraft:planks	variant=spruce	81
O	minecraft:portal	axis=x	1441
O	minecraft:portal	axis=z	1442
O	minecraft:potatoes	age=0	2272
O	minecraft:potatoes	age=1	2273
O	minecraft:potatoes	age=2	2274
O	minecraft:potatoes	age=3	2275
O	minecraft:potatoes	age=4	2276
O	minecraft:potatoes	age=5	2277
O	minecraft:potatoes	age=6	2278
O	minecraft:potatoes	age=7	2279
O	minecraft:powered_comparator	facing=east,mode=compare,powered=false	2403
O	minecraft:powered_comparator	facing=east,mode=compare,powered=true	2411
O	minecraft:powered_comparator	facing=east,mode=subtract,powered=false	2407
O	minecraft:powered_comparator	facing=east,mode=subtract,powered=true	2415
O	minecraft:powered_comparator	facing=north,mode=compare,powered=false	2402
O	minecraft:powered_comparator	facing=north,mode=compare,powered=true	2410
O	minecraft:powered_comparator	facing=north,mode=subtract,powered=false	2406
O	minecraft:powered_comparator	facing=north,mode=subtract,powered=true	2414
O	minecraft:powered_comparator	facing=south,mode=compare,powered=false	2400
O	minecraft:powered_comparator	facing=south,mode=compare,powered=true	2408
O	minecraft:powered_comparator	facing=south,mode=subtract,powered=false	2404
O	minecraft:powered_comparator	facing=south,mode=subtract,powered=true	2412
O	minecraft:powered_comparator	facing=west,mode=compare,powered=false	2401
O	minecraft:powered_comparator	facing=west,mode=compare,powered=true	2409
O	minecraft:powered_comparator	facing=west,mode=subtract,powered=false	2405
O	minecraft:powered_comparator	facing=west,mode=subtract,powered=true	2413
O	minecraft:powered_repeater	delay=1,facing=east,locked=false	1507
O	minecraft:powered_repeater	delay=1,facing=east,locked=true	1507
O	minecraft:powered_repeater	delay=1,facing=north,locked=false	1506
O	minecraft:powered_repeater	delay=1,facing=north,locked=true	1506
O	minecraft:powered_repeater	delay=1,facing=south,locked=false	1504
O	minecraft:powered_repeater	delay=1,facing=south,locked=true	1504
O	minecraft:powered_repeater	delay=1,facing=west,locked=false	1505
O	minecraft:powered_repeater	delay=1,facing=west,locked=true	1505
O	minecraft:powered_repeater	delay=2,facing=east,locked=false	1511
O	minecraft:powered_repeater	delay=2,facing=east,locked=true	1511
O	minecraft:powered_repeater	delay=2,facing=north,locked=false	1510
O	minecraft:powered_repeater	delay=2,facing=north,locked=true	1510
O	minecraft:powered_repeater	delay=2,facing=south,locked=false	1508
O	minecraft:powered_repeater	delay=2,facing=south,locked=true	1508
O	minecraft:powered_repeater	delay=2,facing=west,locked=false	1509
O	minecraft:powered_repeater	delay=2,facing=west,locked=true	1509
O	minecraft:powered_repeater	delay=3,facing=east,locked=false	1515
O	minecraft:powered_repeater	delay=3,facing=east,locked=true	1515
O	minecraft:powered_repeater	delay=3,facing=north,locked=false	1514
O	minecraft:powered_repeater	delay=3,facing=north,locked=true	1514
O	minecraft:powered_repeater	delay=3,facing=south,locked=false	1512
O	minecraft:powered_repeater	delay=3,facing=south,locked=true	1512
O	minecraft:powered_repeater	delay=3,facing=west,locked=false	1513
O	minecraft:powered_repeater	delay=3,facing=west,locked=true	1513
O	minecraft:powered_repeater	delay=4,facing=east,locked=false	1519
O	minecraft:powered_repeater	delay=4,facing=east,locked=true	1519
O	minecraft:powered_repeater	delay=4,facing=north,locked=false	1518
O	minecraft:powered_repeater	delay=4,facing=north,locked=true	1518
O	minecraft:powered_repeater	delay=4,facing=south,locked=false	1516
O	minecraft:powered_repeater	delay=4,facing=south,locked=true	1516
O	minecraft:powered_repeater	delay=4,facing=west,locked=false	1517
O	minecraft:powered_repeater	delay=4,facing=west,locked=true	1517
O	minecraft:prismarine	variant=dark_prismarine	2690
O	minecraft:prismarine	variant=prismarine	2688
O	minecraft:prismarine	variant=prismarine_bricks	2689
O	minecraft:pumpkin	facing=east	1379
O	minecraft:pumpkin	facing=north	1378
O	minecraft:pumpkin	facing=south	1376
O	minecraft:pumpkin	facing=west	1377
O	minecraft:pumpkin_stem	age=0,facing=east	1664
O	minecraft:pumpkin_stem	age=0,facing=north	1664
O	minecraft:pumpkin_stem	age=0,facing=south	1664
O	minecraft:pumpkin_stem	age=0,facing=up	1664
O	minecraft:pumpkin_stem	age=0,facing=west	1664
O	minecraft:pumpkin_stem	age=1,facing=east	1665
O	minecraft:pumpkin_stem	age=1,facing=north	1665
O	minecraft:pumpkin_stem	age=1,facing=south	1665
O	minecraft:pumpkin_stem	age=1,facing=up	1665
O	minecraft:pumpkin_stem	age=1,facing=west	1665
O	minecraft:pumpkin_stem	age=2,facing=east	1666
O	minecraft:pumpkin_stem	age=2,facing=north	1666
O	minecraft:pumpkin_stem	age=2,facing=south	1666
O	minecraft:pumpkin_stem	age=2,facing=up	1666
O	minecraft:pumpkin_stem	age=2,facing=west	1666
O	minecraft:pumpkin_stem	age=3,facing=east	1667
O	minecraft:pumpkin_stem	age=3,facing=north	1667
O	minecraft:pumpkin_stem	age=3,facing=south	1667
O	minecraft:pumpkin_stem	age=3,facing=up	1667
O	minecraft:pumpkin_stem	age=3,facing=west	1667
O	minecraft:pumpkin_stem	age=4,facing=east	1668
O	minecraft:pumpkin_stem	age=4,facing=north	1668
O	minecraft:pumpkin_stem	age=4,facing=south	1668
O	minecraft:pumpkin_stem	age=4,facing=up	1668
O	minecraft:pumpkin_stem	age=4,facing=west	1668
O	minecraft:pumpkin_stem	age=5,facing=east	1669
O	minecraft:pumpkin_stem	age=5,facing=north	1669
O	minecraft:pumpkin_stem	age=5,facing=south	1669
O	minecraft:pumpkin_stem	age=5,facing=up	1669
O	minecraft:pumpkin_stem	age=5,facing=west	1669
O	minecraft:pumpkin_stem	age=6,facing=east	1670
O	minecraft:pumpkin_stem	age=6,facing=north	1670
O	minecraft:pumpkin_stem	age=6,facing=south	1670
O	minecraft:pumpkin_stem	age=6,facing=up	1670
O	minecraft:pumpkin_stem	age=6,facing=west	1670
O	minecraft:pumpkin_stem	age=7,facing=east	1671
O	minecraft:pumpkin_stem	age=7,facing=north	1671
O	minecraft:pumpkin_stem	age=7,facing=south	1671
O	minecraft:pumpkin_stem	age=7,facing=up	1671
O	minecraft:pumpkin_stem	age=7,facing=west	1671
O	minecraft:purple_glazed_terracotta	facing=east	3923
O	minecraft:purple_glazed_terracotta	facing=north	3922
O	minecraft:purple_glazed_terracotta	facing=south	3920
O	minecraft:purple_glazed_terracotta	facing=west	3921
O	minecraft:purple_shulker_box	facing=down	3664
O	minecraft:purple_shulker_box	facing=east	3669
O	minecraft:purple_shulker_box	facing=north	3666
O	minecraft:purple_shulker_box	facing=south	3667
O	minecraft:purple_shulker_box	facing=up	3665
O	minecraft:purple_shulker_box	facing=west	3668
O	minecraft:purpur_block		3216
O	minecraft:purpur_double_slab	variant=default	3264
O	minecraft:purpur_pillar	axis=x	3236
O	minecraft:purpur_pillar	axis=y	3232
O	minecraft:purpur_pillar	axis=z	3240
O	minecraft:purpur_slab	half=bottom,variant=default	3280
O	minecraft:purpur_slab	half=top,variant=default	3288
O	minecraft:purpur_stairs	facing=east,half=bottom,shape=inner_left	3248
O	minecraft:purpur_stairs	facing=east,half=bottom,shape=inner_right	3248
O	minecraft:purpur_stairs	facing=east,half=bottom,shape=outer_left	3248
O	minecraft:purpur_stairs	facing=east,half=bottom,shape=outer_right	3248
O	minecraft:purpur_stairs	facing=east,half=bottom,shape=straight	3248
O	minecraft:purpur_stairs	facing=east,half=top,shape=inner_left	3252
O	minecraft:purpur_stairs	facing=east,half=top,shape=inner_right	3252
O	minecraft:purpur_stairs	facing=east,half=top,shape=outer_left	3252
O	minecraft:purpur_stairs	facing=east,half=top,shape=outer_right	3252
O	minecraft:purpur_stairs	facing=east,half=top,shape=straight	3252
O	minecraft:purpur_stairs	facing=north,half=bottom,shape=inner_left	3251
O	minecraft:purpur_stairs	facing=north,half=bottom,shape=inner_right	3251
O	minecraft:purpur_stairs	facing=north,half=bottom,shape=outer_left	3251
O	minecraft:purpur_stairs	facing=north,half=bottom,shape=outer_right	3251
O	minecraft:purpur_stairs	facing=north,half=bottom,shape=straight	3251
O	minecraft:purpur_stairs	facing=north,half=top,shape=inner_left	3255
O	minecraft:purpur_stairs	facing=north,half=top,shape=inner_right	3255
O	minecraft:purpur_stairs	facing=north,half=top,shape=outer_left	3255
O	minecraft:purpur_stairs	facing=north,half=top,shape=outer_right	3255
O	minecraft:purpur_stairs	facing=north,half=top,shape=straight	3255
O	minecraft:purpur_stairs	facing=south,half=bottom,shape=inner_left	3250
O	minecraft:purpur_stairs	facing=south,half=bottom,shape=inner_right	3250
O	minecraft:purpur_stairs	facing=south,half=bottom,shape=outer_left	3250
O	minecraft:purpur_stairs	facing=south,half=bottom,shape=outer_right	3250
O	minecraft:purpur_stairs	facing=south,half=bottom,shape=straight	3250
O	minecraft:purpur_stairs	facing=south,half=top,shape=inner_left	3254
O	minecraft:purpur_stairs	facing=south,half=top,shape=inner_right	3254
O	minecraft:purpur_stairs	facing=south,half=top,shape=outer_left	3254
O	minecraft:purpur_stairs	facing=south,half=top,shape=outer_right	3254
O	minecraft:purpur_stairs	facing=south,half=top,shape=straight	3254
O	minecraft:purpur_stairs	facing=west,half=bottom,shape=inner_left	3249
O	minecraft:purpur_stairs	facing=west,half=bottom,shape=inner_right	3249
O	minecraft:purpur_stairs	facing=west,half=bottom,shape=outer_left	3249
O	minecraft:purpur_stairs	facing=west,half=bottom,shape=outer_right	3249
O	minecraft:purpur_stairs	facing=west,half=bottom,shape=straight	3249
O	minecraft:purpur_stairs	facing=west,half=top,shape=inner_left	3253
O	minecraft:purpur_stairs	facing=west,half=top,shape=inner_right	3253
O	minecraft:purpur_stairs	facing=west,half=top,shape=outer_left	3253
O	minecraft:purpur_stairs	facing=west,half=top,shape=outer_right	3253
O	minecraft:purpur_stairs	facing=west,half=top,shape=straight	3253
O	minecraft:quartz_block	variant=chiseled	2481
O	minecraft:quartz_block	variant=default	2480
O	minecraft:quartz_block	variant=lines_x	2483
O	minecraft:quartz_block	variant=lines_y	2482
O	minecraft:quartz_block	variant=lines_z	2484
O	minecraft:quartz_ore		2448
O	minecraft:quartz_stairs	facing=east,half=bottom,shape=inner_left	2496
O	minecraft:quartz_stairs	facing=east,half=bottom,shape=inner_right	2496
O	minecraft:quartz_stairs	facing=east,half=bottom,shape=outer_left	2496
O	minecraft:quartz_stairs	facing=east,half=bottom,shape=outer_right	2496
O	minecraft:quartz_stairs	facing=east,half=bottom,shape=straight	2496
O	minecraft:quartz_stairs	facing=east,half=top,shape=inner_left	2500
O	minecraft:quartz_stairs	facing=east,half=top,shape=inner_right	2500
O	minecraft:quartz_stairs	facing=east,half=top,shape=outer_left	2500
O	minecraft:quartz_stairs	facing=east,half=top,shape=outer_right	2500
O	minecraft:quartz_stairs	facing=east,half=top,shape=straight	2500
O	minecraft:quartz_stairs	facing=north,half=bottom,shape=inner_left	2499
O	minecraft:quartz_stairs	facing=north,half=bottom,shape=inner_right	2499
O	minecraft:quartz_stairs	facing=north,half=bottom,shape=outer_left	2499
O	minecraft:quartz_stairs	facing=north,half=bottom,shape=outer_right	2499
O	minecraft:quartz_stairs	facing=north,half=bottom,shape=straight	2499
O	minecraft:quartz_stairs	facing=north,half=top,shape=inner_left	2503
O	minecraft:quartz_stairs	facing=north,half=top,shape=inner_right	2503
O	minecraft:quartz_stairs	facing=north,half=top,shape=outer_left	2503
O	minecraft:quartz_stairs	facing=north,half=top,shape=outer_right	2503
O	minecraft:quartz_stairs	facing=north,half=top,shape=straight	2503
O	minecraft:quartz_stairs	facing=south,half=bottom,shape=inner_left	2498
O	minecraft:quartz_stairs	facing=south,half=bottom,shape=inner_right	2498
O	minecraft:quartz_stairs	facing=south,half=bottom,shape=outer_left	2498
O	minecraft:quartz_stairs	facing=south,half=bottom,shape=outer_right	2498
O	minecraft:quartz_stairs	facing=south,half=bottom,shape=straight	2498
O	minecraft:quartz_stairs	facing=south,half=top,shape=inner_left	2502
O	minecraft:quartz_stairs	facing=south,half=top,shape=inner_right	2502
O	minecraft:quartz_stairs	facing=south,half=top,shape=outer_left	2502
O	minecraft:quartz_stairs	facing=south,half=top,shape=outer_right	2502
O	minecraft:quartz_stairs	facing=south,half=top,shape=straight	2502
O	minecraft:quartz_stairs	facing=west,half=bottom,shape=inner_left	2497
O	minecraft:quartz_stairs	facing=west,half=bottom,shape=inner_right	2497
O	minecraft:quartz_stairs	facing=west,half=bottom,shape=outer_left	2497
O	minecraft:quartz_stairs	facing=west,half=bottom,shape=outer_right	2497
O	minecraft:quartz_stairs	facing=west,half=bottom,shape=straight	2497
O	minecraft:quartz_stairs	facing=west,half=top,shape=inner_left	2501
O	minecraft:quartz_stairs	facing=west,half=top,shape=inner_right	2501
O	minecraft:quartz_stairs	facing=west,half=top,shape=outer_left	2501
O	minecraft:quartz_stairs	facing=west,half=top,shape=outer_right	2501
O	minecraft:quartz_stairs	facing=west,half=top,shape=straight	2501
O	minecraft:rail	shape=ascending_east	1058
O	minecraft:rail	shape=ascending_north	1060
O	minecraft:rail	shape=ascending_south	1061
O	minecraft:rail	shape=ascending_west	1059
O	minecraft:rail	shape=east_west	1057
O	minecraft:rail	shape=north_east	1065
O	minecraft:rail	shape=north_south	1056
O	minecraft:rail	shape=north_west	1064
O	minecraft:rail	shape=south_east	1062
O	minecraft:rail	shape=south_west	1063
O	minecraft:red_flower	type=allium	610
O	minecraft:red_flower	type=blue_orchid	609
O	minecraft:red_flower	type=houstonia	611
O	minecraft:red_flower	type=orange_tulip	613
O	minecraft:red_flower	type=oxeye_daisy	616
O	minecraft:red_flower	type=pink_tulip	615
O	minecraft:red_flower	type=poppy	608
O	minecraft:red_flower	type=red_tulip	612
O	minecraft:red_flower	type=white_tulip	614
O	minecraft:red_glazed_terracotta	facing=east	3987
O	minecraft:red_glazed_terracotta	facing=north	3986
O	minecraft:red_glazed_terracotta	facing=south	3984
O	minecraft:red_glazed_terracotta	facing=west	3985
O	minecraft:red_mushroom		640
O	minecraft:red_mushroom_block	variant=all_inside	1600
O	minecraft:red_mushroom_block	variant=all_outside	1614
O	minecraft:red_mushroom_block	variant=all_stem	1615
O	minecraft:red_mushroom_block	variant=center	1605
O	minecraft:red_mushroom_block	variant=east	1606
O	minecraft:red_mushroom_block	variant=north	1602
O	minecraft:red_mushroom_block	variant=north_east	1603
O	minecraft:red_mushroom_block	variant=north_west	1601
O	minecraft:red_mushroom_block	variant=south	1608
O	minecraft:red_mushroom_block	variant=south_east	1609
O	minecraft:red_mushroom_block	variant=south_west	1607
O	minecraft:red_mushroom_block	variant=stem	1610
O	minecraft:red_mushroom_block	variant=west	1604
O	minecraft:red_nether_brick		3440
O	minecraft:red_sandstone	type=chiseled_red_sandstone	2865
O	minecraft:red_sandstone	type=red_sandstone	2864
O	minecraft:red_sandstone	type=smooth_red_sandstone	2866
O	minecraft:red_sandstone_stairs	facing=east,half=bottom,shape=inner_left	2880
O	minecraft:red_sandstone_stairs	facing=east,half=bottom,shape=inner_right	2880
O	minecraft:red_sandstone_stairs	facing=east,half=bottom,shape=outer_left	2880
O	minecraft:red_sandstone_stairs	facing=east,half=bottom,shape=outer_right	2880
O	minecraft:red_sandstone_stairs	facing=east,half=bottom,shape=straight	2880
O	minecraft:red_sandstone_stairs	facing=east,half=top,shape=inner_left	2884
O	minecraft:red_sandstone_stairs	facing=east,half=top,shape=inner_right	2884
O	minecraft:red_sandstone_stairs	facing=east,half=top,shape=outer_left	2884
O	minecraft:red_sandstone_stairs	facing=east,half=top,shape=outer_right	2884
O	minecraft:red_sandstone_stairs	facing=east,half=top,shape=straight	2884
O	minecraft:red_sandstone_stairs	facing=north,half=bottom,shape=inner_left	2883
O	minecraft:red_sandstone_stairs	facing=north,half=bottom,shape=inner_right	2883
O	minecraft:red_sandstone_stairs	facing=north,half=bottom,shape=outer_left	2883
O	minecraft:red_sandstone_stairs	facing=north,half=bottom,shape=outer_right	2883
O	minecraft:red_sandstone_stairs	facing=north,half=bottom,shape=straight	2883
O	minecraft:red_sandstone_stairs	facing=north,half=top,shape=inner_left	2887
O	minecraft:red_sandstone_stairs	facing=north,half=top,shape=inner_right	2887
O	minecraft:red_sandstone_stairs	facing=north,half=top,shape=outer_left	2887
O	minecraft:red_sandstone_stairs	facing=north,half=top,shape=outer_right	2887
O	minecraft:red_sandstone_stairs	facing=north,half=top,shape=straight	2887
O	minecraft:red_sandstone_stairs	facing=south,half=bottom,shape=inner_left	2882
O	minecraft:red_sandstone_stairs	facing=south,half=bottom,shape=inner_right	2882
O	minecraft:red_sandstone_stairs	facing=south,half=bottom,shape=outer_left	2882
O	minecraft:red_sandstone_stairs	facing=south,half=bottom,shape=outer_right	2882
O	minecraft:red_sandstone_stairs	facing=south,half=bottom,shape=straight	2882
O	minecraft:red_sandstone_stairs	facing=south,half=top,shape=inner_left	2886
O	minecraft:red_sandstone_stairs	facing=south,half=top,shape=inner_right	2886
O	minecraft:red_sandstone_stairs	facing=south,half=top,shape=outer_left	2886
O	minecraft:red_sandstone_stairs	facing=south,half=top,shape=outer_right	2886
O	minecraft:red_sandstone_stairs	facing=south,half=top,shape=straight	2886
O	minecraft:red_sandstone_stairs	facing=west,half=bottom,shape=inner_left	2881
O	minecraft:red_sandstone_stairs	facing=west,half=bottom,shape=inner_right	2881
O	minecraft:red_sandstone_stairs	facing=west,half=bottom,shape=outer_left	2881
O	minecraft:red_sandstone_stairs	facing=west,half=bottom,shape=outer_right	2881
O	minecraft:red_sandstone_stairs	facing=west,half=bottom,shape=straight	2881
O	minecraft:red_sandstone_stairs	facing=west,half=top,shape=inner_left	2885
O	minecraft:red_sandstone_stairs	facing=west,half=top,shape=inner_right	2885
O	minecraft:red_sandstone_stairs	facing=west,half=top,shape=outer_left	2885
O	minecraft:red_sandstone_stairs	facing=west,half=top,shape=outer_right	2885
O	minecraft:red_sandstone_stairs	facing=west,half=top,shape=straight	2885
O	minecraft:red_shulker_box	facing=down	3728
O	minecraft:red_shulker_box	facing=east	3733
O	minecraft:red_shulker_box	facing=north	3730
O	minecraft:red_shulker_box	facing=south	3731
O	minecraft:red_shulker_box	facing=up	3729
O	minecraft:red_shulker_box	facing=west	3732
O	minecraft:redstone_block		2432
O	minecraft:redstone_lamp		1968
O	minecraft:redstone_ore		1168
O	minecraft:redstone_torch	facing=east	1217
O	minecraft:redstone_torch	facing=north	1220
O	minecraft:redstone_torch	facing=south	1219
O	minecraft:redstone_torch	facing=up	1221
O	minecraft:redstone_torch	facing=west	1218
O	minecraft:redstone_wire	east=none,north=none,power=0,south=none,west=none	880
O	minecraft:redstone_wire	east=none,north=none,power=0,south=none,west=side	880
O	minecraft:redstone_wire	east=none,north=none,power=0,south=none,west=up	880
O	minecraft:redstone_wire	east=none,north=none,power=0,south=side,west=none	880
O	minecraft:redstone_wire	east=none,north=none,power=0,south=side,west=side	880
O	minecraft:redstone_wire	east=none,north=none,power=0,south=side,west=up	880
O	minecraft:redstone_wire	east=none,north=none,power=0,south=up,west=none	880
O	minecraft:redstone_wire	east=none,north=none,power=0,south=up,west=side	880
O	minecraft:redstone_wire	east=none,north=none,power=0,south=up,west=up	880
O	minecraft:redstone_wire	east=none,north=none,power=1,south=none,west=none	881
O	minecraft:redstone_wire	east=none,north=none,power=1,south=none,west=side	881
O	minecraft:redstone_wire	east=none,north=none,power=1,south=none,west=up	881
O	minecraft:redstone_wire	east=none,north=none,power=1,south=side,west=none	881
O	minecraft:redstone_wire	east=none,north=none,power=1,south=side,west=side	881
O	minecraft:redstone_wire	east=none,north=none,power=1,south=side,west=up	881
O	minecraft:redstone_wire	east=none,north=none,power=1,south=up,west=none	881
O	minecraft:redstone_wire	east=none,north=none,power=1,south=up,west=side	881
O	minecraft:redstone_wire	east=none,north=none,power=1,south=up,west=up	881
O	minecraft:redstone_wire	east=none,north=none,power=10,south=none,west=none	890
O	minecraft:redstone_wire	east=none,north=none,power=10,south=none,west=side	890
O	minecraft:redstone_wire	east=none,north=none,power=10,south=none,west=up	890
O	minecraft:redstone_wire	east=none,north=none,power=10,south=side,west=none	890
O	minecraft:redstone_wire	east=none,north=none,power=10,south=side,west=side	890
O	minecraft:redstone_wire	east=none,north=none,power=10,south=side,west=up	890
O	minecraft:redstone_wire	east=none,north=none,power=10,south=up,west=none	890
O	minecraft:redstone_wire	east=none,north=none,power=10,south=up,west=side	890
O	minecraft:redstone_wire	east=none,north=none,power=10,south=up,west=up	890
O	minecraft:redstone_wire	east=none,north=none,power=11,south=none,west=none	891
O	minecraft:redstone_wire	east=none,north=none,power=11,south=none,west=side	891
O	minecraft:redstone_wire	east=none,north=none,power=11,south=none,west=up	891
O	minecraft:redstone_wire	east=none,north=none,power=11,south=side,west=none	891
O	minecraft:redstone_wire	east=none,north=none,power=11,south=side,west=side	891
O	minecraft:redstone_wire	east=none,north=none,power=11,south=side,west=up	891
O	minecraft:redstone_wire	east=none,north=none,power=11,south=up,west=none	891
O	minecraft:redstone_wire	east=none,north=none,power=11,south=up,west=side	891
O	minecraft:redstone_wire	east=none,north=none,power=11,south=up,west=up	891
O	minecraft:redstone_wire	east=none,north=none,power=12,south=none,west=none	892
O	minecraft:redstone_wire	east=none,north=none,power=12,south=none,west=side	892
O	minecraft:redstone_wire	east=none,north=none,power=12,south=none,west=up	892
O	minecraft:redstone_wire	east=none,north=none,power=12,south=side,west=none	892
O	minecraft:redstone_wire	east=none,north=none,power=12,south=side,west=side	892
O	minecraft:redstone_wire	east=none,north=none,power=12,south=side,west=up	892
O	minecraft:redstone_wire	east=none,north=none,power=12,south=up,west=none	892
O	minecraft:redstone_wire	east=none,north=none,power=12,south=up,west=side	892
O	minecraft:redstone_wire	east=none,north=none,power=12,south=up,west=up	892
O	minecraft:redstone_wire	east=none,north=none,power=13,south=none,west=none	893
O	minecraft:redstone_wire	east=none,north=none,power=13,south=none,west=side	893
O	minecraft:redstone_wire	east=none,north=none,power=13,south=none,west=up	893
O	minecraft:redstone_wire	east=none,north=none,power=13,south=side,west=none	893
O	minecraft:redstone_wire	east=none,north=none,power=13,south=side,west=side	893
O	minecraft:redstone_wire	east=none,north=none,power=13,south=side,west=up	893
O	minecraft:redstone_wire	east=none,north=none,power=13,south=up,west=none	893
O	minecraft:redstone_wire	east=none,north=none,power=13,south=up,west=side	893
O	minecraft:redstone_wire	east=none,north=none,power=13,south=up,west=up	893
O	minecraft:redstone_wire	east=none,north=none,power=14,south=none,west=none	894
O	minecraft:redstone_wire	east=none,north=none,power=14,south=none,west=side	894
O	minecraft:redstone_wire	east=none,north=none,power=14,south=none,west=up	894
O	minecraft:redstone_wire	east=none,north=none,power=14,south=side,west=none	894
O	minecraft:redstone_wire	east=none,north=none,power=14,south=side,west=side	894
O	minecraft:redstone_wire	east=none,north=none,power=14,south=side,west=up	894
O	minecraft:redstone_wire	east=none,north=none,power=14,south=up,west=none	894
O	minecraft:redstone_wire	east=none,north=none,power=14,south=up,west=side	894
O	minecraft:redstone_wire	east=none,north=none,power=14,south=up,west=up	894
O	minecraft:redstone_wire	east=none,north=none,power=15,south=none,west=none	895
O	minecraft:redstone_wire	east=none,north=none,power=15,south=none,west=side	895
O	minecraft:redstone_wire	east=none,north=none,power=15,south=none,west=up	895
O	minecraft:redstone_wire	east=none,north=none,power=15,south=side,west=none	895
O	minecraft:redstone_wire	east=none,north=none,power=15,south=side,west=side	895
O	minecraft:redstone_wire	east=none,north=none,power=15,south=side,west=up	895
O	minecraft:redstone_wire	east=none,north=none,power=15,south=up,west=none	895
O	minecraft:redstone_wire	east=none,north=none,power=15,south=up,west=side	895
O	minecraft:redstone_wire	east=none,north=none,power=15,south=up,west=up	895
O	minecraft:redstone_wire	east=none,north=none,power=2,south=none,west=none	882
O	minecraft:redstone_wire	east=none,north=none,power=2,south=none,west=side	882
O	minecraft:redstone_wire	east=none,north=none,power=2,south=none,west=up	882
O	minecraft:redstone_wire	east=none,north=none,power=2,south=side,west=none	882
O	minecraft:redstone_wire	east=none,north=none,power=2,south=side,west=side	882
O	minecraft:redstone_wire	east=none,north=none,power=2,south=side,west=up	882
O	minecraft:redstone_wire	east=none,north=none,power=2,south=up,west=none	882
O	minecraft:redstone_wire	east=none,north=none,power=2,south=up,west=side	882
O	minecraft:redstone_wire	east=none,north=none,power=2,south=up,west=up	882
O	minecraft:redstone_wire	east=none,north=none,power=3,south=none,west=none	883
O	minecraft:redstone_wire	east=none,north=none,power=3,south=none,west=side	883
O	minecraft:redstone_wire	east=none,north=none,power=3,south=none,west=up	883
O	minecraft:redstone_wire	east=none,north=none,power=3,south=side,west=none	883
O	minecraft:redstone_wire	east=none,north=none,power=3,south=side,west=side	883
O	minecraft:redstone_wire	east=none,north=none,power=3,south=side,west=up	883
O	minecraft:redstone_wire	east=none,north=none,power=3,south=up,west=none	883
O	minecraft:redstone_wire	east=none,north=none,power=3,south=up,west=side	883
O	minecraft:redstone_wire	east=none,north=none,power=3,south=up,west=up	883
O	minecraft:redstone_wire	east=none,north=none,power=4,south=none,west=none	884
O	minecraft:redstone_wire	east=none,north=none,power=4,south=none,west=side	884
O	minecraft:redstone_wire	east=none,north=none,power=4,south=none,west=up	884
O	minecraft:redstone_wire	east=none,north=none,power=4,south=side,west=none	884
O	minecraft:redstone_wire	east=none,north=none,power=4,south=side,west=side	884
O	minecraft:redstone_wire	east=none,north=none,power=4,south=side,west=up	884
O	minecraft:redstone_wire	east=none,north=none,power=4,south=up,west=none	884
O	minecraft:redstone_wire	east=none,north=none,power=4,south=up,west=side	884
O	minecraft:redstone_wire	east=none,north=none,power=4,south=up,west=up	884
O	minecraft:redstone_wire	east=none,north=none,power=5,south=none,west=none	885
O	minecraft:redstone_wire	east=none,north=none,power=5,south=none,west=side	885
O	minecraft:redstone_wire	east=none,north=none,power=5,south=none,west=up	885
O	minecraft:redstone_wire	east=none,north=none,power=5,south=side,west=none	885
O	minecraft:redstone_wire	east=none,north=none,power=5,south=side,west=side	885
O	minecraft:redstone_wire	east=none,north=none,power=5,south=side,west=up	885
O	minecraft:redstone_wire	east=none,north=none,power=5,south=up,west=none	885
O	minecraft:redstone_wire	east=none,north=none,power=5,south=up,west=side	885
O	minecraft:redstone_wire	east=none,north=none,power=5,south=up,west=up	885
O	minecraft:redstone_wire	east=none,north=none,power=6,south=none,west=none	886
O	minecraft:redstone_wire	east=none,north=none,power=6,south=none,west=side	886
O	minecraft:redstone_wire	east=none,north=none,power=6,south=none,west=up	886
O	minecraft:redstone_wire	east=none,north=none,power=6,south=side,west=none	886
O	minecraft:redstone_wire	east=none,north=none,power=6,south=side,west=side	886
O	minecraft:redstone_wire	east=none,north=none,power=6,south=side,west=up	886
O	minecraft:redstone_wire	east=none,north=none,power=6,south=up,west=none	886
O	minecraft:redstone_wire	east=none,north=none,power=6,south=up,west=side	886
O	minecraft:redstone_wire	east=none,north=none,power=6,south=up,west=up	886
O	minecraft:redstone_wire	east=none,north=none,power=7,south=none,west=none	887
O	minecraft:redstone_wire	east=none,north=none,power=7,south=none,west=side	887
O	minecraft:redstone_wire	east=none,north=none,power=7,south=none,west=up	887
O	minecraft:redstone_wire	east=none,north=none,power=7,south=side,west=none	887
O	minecraft:redstone_wire	east=none,north=none,power=7,south=side,west=side	887
O	minecraft:redstone_wire	east=none,north=none,power=7,south=side,west=up	887
O	minecraft:redstone_wire	east=none,north=none,power=7,south=up,west=none	887
O	minecraft:redstone_wire	east=none,north=none,power=7,south=up,west=side	887
O	minecraft:redstone_wire	east=none,north=none,power=7,south=up,west=up	887
O	minecraft:redstone_wire	east=none,north=none,power=8,south=none,west=none	888
O	minecraft:redstone_wire	east=none,north=none,power=8,south=none,west=side	888
O	minecraft:redstone_wire	east=none,north=none,power=8,south=none,west=up	888
O	minecraft:redstone_wire	east=none,north=none,power=8,south=side,west=none	888
O	minecraft:redstone_wire	east=none,north=none,power=8,south=side,west=side	888
O	minecraft:redstone_wire	east=none,north=none,power=8,south=side,west=up	888
O	minecraft:redstone_wire	east=none,north=none,power=8,south=up,west=none	888
O	minecraft:redstone_wire	east=none,north=none,power=8,south=up,west=side	888
O	minecraft:redstone_wire	east=none,north=none,power=8,south=up,west=up	888
O	minecraft:redstone_wire	east=none,north=none,power=9,south=none,west=none	889
O	minecraft:redstone_wire	east=none,north=none,power=9,south=none,west=side	889
O	minecraft:redstone_wire	east=none,north=none,power=9,south=none,west=up	889
O	minecraft:redstone_wire	east=none,north=none,power=9,south=side,west=none	889
O	minecraft:redstone_wire	east=none,north=none,power=9,south=side,west=side	889
O	minecraft:redstone_wire	east=none,north=none,power=9,south=side,west=up	889
O	minecraft:redstone_wire	east=none,north=none,power=9,south=up,west=none	889
O	minecraft:redstone_wire	east=none,north=none,power=9,south=up,west=side	889
O	minecraft:redstone_wire	east=none,north=none,power=9,south=up,west=up	889
O	minecraft:redstone_wire	east=none,north=side,power=0,south=none,west=none	880
O	minecraft:redstone_wire	east=none,north=side,power=0,south=none,west=side	880
O	minecraft:redstone_wire	east=none,north=side,power=0,south=none,west=up	880
O	minecraft:redstone_wire	east=none,north=side,power=0,south=side,west=none	880
O	minecraft:redstone_wire	east=none,north=side,power=0,south=side,west=side	880
O	minecraft:redstone_wire	east=none,north=side,power=0,south=side,west=up	880
O	minecraft:redstone_wire	east=none,north=side,power=0,south=up,west=none	880
O	minecraft:redstone_wire	east=none,north=side,power=0,south=up,west=side	880
O	minecraft:redstone_wire	east=none,north=side,power=0,south=up,west=up	880
O	minecraft:redstone_wire	east=none,north=side,power=1,south=none,west=none	881
O	minecraft:redstone_wire	east=none,north=side,power=1,south=none,west=side	881
O	minecraft:redstone_wire	east=none,north=side,power=1,south=none,west=up	881
O	minecraft:redstone_wire	east=none,north=side,power=1,south=side,west=none	881
O	minecraft:redstone_wire	east=none,north=side,power=1,south=side,west=side	881
O	minecraft:redstone_wire	east=none,north=side,power=1,south=side,west=up	881
O	minecraft:redstone_wire	east=none,north=side,power=1,south=up,west=none	881
O	minecraft:redstone_wire	east=none,north=side,power=1,south=up,west=side	881
O	minecraft:redstone_wire	east=none,north=side,power=1,south=up,west=up	881
O	minecraft:redstone_wire	east=none,north=side,power=10,south=none,west=none	890
O	minecraft:redstone_wire	east=none,north=side,power=10,south=none,west=side	890
O	minecraft:redstone_wire	east=none,north=side,power=10,south=none,west=up	890
O	minecraft:redstone_wire	east=none,north=side,power=10,south=side,west=none	890
O	minecraft:redstone_wire	east=none,north=side,power=10,south=side,west=side	890
O	minecraft:redstone_wire	east=none,north=side,power=10,south=side,west=up	890
O	minecraft:redstone_wire	east=none,north=side,power=10,south=up,west=none	890
O	minecraft:redstone_wire	east=none,north=side,power=10,south=up,west=side	890
O	minecraft:redstone_wire	east=none,north=side,power=10,south=up,west=up	890
O	minecraft:redstone_wire	east=none,north=side,power=11,south=none,west=none	891
O	minecraft:redstone_wire	east=none,north=side,power=11,south=none,west=side	891
O	minecraft:redstone_wire	east=none,north=side,power=11,south=none,west=up	891
O	minecraft:redstone_wire	east=none,north=side,power=11,south=side,west=none	891
O	minecraft:redstone_wire	east=none,north=side,power=11,south=side,west=side	891
O	minecraft:redstone_wire	east=none,north=side,power=11,south=side,west=up	891
O	minecraft:redstone_wire	east=none,north=side,power=11,south=up,west=none	891
O	minecraft:redstone_wire	east=none,north=side,power=11,south=up,west=side	891
O	minecraft:redstone_wire	east=none,north=side,power=11,south=up,west=up	891
O	minecraft:redstone_wire	east=none,north=side,power=12,south=none,west=none	892
O	minecraft:redstone_wire	east=none,north=side,power=12,south=none,west=side	892
O	minecraft:redstone_wire	east=none,north=side,power=12,south=none,west=up	892
O	minecraft:redstone_wire	east=none,north=side,power=12,south=side,west=none	892
O	minecraft:redstone_wire	east=none,north=side,power=12,south=side,west=side	892
O	minecraft:redstone_wire	east=none,north=side,power=12,south=side,west=up	892
O	minecraft:redstone_wire	east=none,north=side,power=12,south=up,west=none	892
O	minecraft:redstone_wire	east=none,north=side,power=12,south=up,west=side	892
O	minecraft:redstone_wire	east=none,north=side,power=12,south=up,west=up	892
O	minecraft:redstone_wire	east=none,north=side,power=13,south=none,west=none	893
O	minecraft:redstone_wire	east=none,north=side,power=13,south=none,west=side	893
O	minecraft:redstone_wire	east=none,north=side,power=13,south=none,west=up	893
O	minecraft:redstone_wire	east=none,north=side,power=13,south=side,west=none	893
O	minecraft:redstone_wire	east=none,north=side,power=13,south=side,west=side	893
O	minecraft:redstone_wire	east=none,north=side,power=13,south=side,west=up	893
O	minecraft:redstone_wire	east=none,north=side,power=13,south=up,west=none	893
O	minecraft:redstone_wire	east=none,north=side,power=13,south=up,west=side	893
O	minecraft:redstone_wire	east=none,north=side,power=13,south=up,west=up	893
O	minecraft:redstone_wire	east=none,north=side,power=14,south=none,west=none	894
O	minecraft:redstone_wire	east=none,north=side,power=14,south=none,west=side	894
O	minecraft:redstone_wire	east=none,north=side,power=14,south=none,west=up	894
O	minecraft:redstone_wire	east=none,north=side,power=14,south=side,west=none	894
O	minecraft:redstone_wire	east=none,north=side,power=14,south=side,west=side	894
O	minecraft:redstone_wire	east=none,north=side,power=14,south=side,west=up	894
O	minecraft:redstone_wire	east=none,north=side,power=14,south=up,west=none	894
O	minecraft:redstone_wire	east=none,north=side,power=14,south=up,west=side	894
O	minecraft:redstone_wire	east=none,north=side,power=14,south=up,west=up	894
O	minecraft:redstone_wire	east=none,north=side,power=15,south=none,west=none	895
O	minecraft:redstone_wire	east=none,north=side,power=15,south=none,west=side	895
O	minecraft:redstone_wire	east=none,north=side,power=15,south=none,west=up	895
O	minecraft:redstone_wire	east=none,north=side,power=15,south=side,west=none	895
O	minecraft:redstone_wire	east=none,north=side,power=15,south=side,west=side	895
O	minecraft:redstone_wire	east=none,north=side,power=15,south=side,west=up	895
O	minecraft:redstone_wire	east=none,north=side,power=15,south=up,west=none	895
O	minecraft:redstone_wire	east=none,north=side,power=15,south=up,west=side	895
O	minecraft:redstone_wire	east=none,north=side,power=15,south=up,west=up	895
O	minecraft:redstone_wire	east=none,north=side,power=2,south=none,west=none	882
O	minecraft:redstone_wire	east=none,north=side,power=2,south=none,west=side	882
O	minecraft:redstone_wire	east=none,north=side,power=2,south=none,west=up	882
O	minecraft:redstone_wire	east=none,north=side,power=2,south=side,west=none	882
O	minecraft:redstone_wire	east=none,north=side,power=2,south=side,west=side	882
O	minecraft:redstone_wire	east=none,north=side,power=2,south=side,west=up	882
O	minecraft:redstone_wire	east=none,north=side,power=2,south=up,west=none	882
O	minecraft:redstone_wire	east=none,north=side,power=2,south=up,west=side	882
O	minecraft:redstone_wire	east=none,north=side,power=2,south=up,west=up	882
O	minecraft:redstone_wire	east=none,north=side,power=3,south=none,west=none	883
O	minecraft:redstone_wire	east=none,north=side,power=3,south=none,west=side	883
O	minecraft:redstone_wire	east=none,north=side,power=3,south=none,west=up	883
O	minecraft:redstone_wire	east=none,north=side,power=3,south=side,west=none	883
O	minecraft:redstone_wire	east=none,north=side,power=3,south=side,west=side	883
O	minecraft:redstone_wire	east=none,north=side,power=3,south=side,west=up	883
O	minecraft:redstone_wire	east=none,north=side,power=3,south=up,west=none	883
O	minecraft:redstone_wire	east=none,north=side,power=3,south=up,west=side	883
O	minecraft:redstone_wire	east=none,north=side,power=3,south=up,west=up	883
O	minecraft:redstone_wire	east=none,north=side,power=4,south=none,west=none	884
O	minecraft:redstone_wire	east=none,north=side,power=4,south=none,west=side	884
O	minecraft:redstone_wire	east=none,north=side,power=4,south=none,west=up	884
O	minecraft:redstone_wire	east=none,north=side,power=4,south=side,west=none	884
O	minecraft:redstone_wire	east=none,north=side,power=4,south=side,west=side	884
O	minecraft:redstone_wire	east=none,north=side,power=4,south=side,west=up	884
O	minecraft:redstone_wire	east=none,north=side,power=4,south=up,west=none	884
O	minecraft:redstone_wire	east=none,north=side,power=4,south=up,west=side	884
O	minecraft:redstone_wire	east=none,north=side,power=4,south=up,west=up	884
O	minecraft:redstone_wire	east=none,north=side,power=5,south=none,west=none	885
O	minecraft:redstone_wire	east=none,north=side,power=5,south=none,west=side	885
O	minecraft:redstone_wire	east=none,north=side,power=5,south=none,west=up	885
O	minecraft:redstone_wire	east=none,north=side,power=5,south=side,west=none	885
O	minecraft:redstone_wire	east=none,north=side,power=5,south=side,west=side	885
O	minecraft:redstone_wire	east=none,north=side,power=5,south=side,west=up	885
O	minecraft:redstone_wire	east=none,north=side,power=5,south=up,west=none	885
O	minecraft:redstone_wire	east=none,north=side,power=5,south=up,west=side	885
O	minecraft:redstone_wire	east=none,north=side,power=5,south=up,west=up	885
O	minecraft:redstone_wire	east=none,north=side,power=6,south=none,west=none	886
O	minecraft:redstone_wire	east=none,north=side,power=6,south=none,west=side	886
O	minecraft:redstone_wire	east=none,north=side,power=6,south=none,west=up	886
O	minecraft:redstone_wire	east=none,north=side,power=6,south=side,west=none	886
O	minecraft:redstone_wire	east=none,north=side,power=6,south=side,west=side	886
O	minecraft:redstone_wire	east=none,north=side,power=6,south=side,west=up	886
O	minecraft:redstone_wire	east=none,north=side,power=6,south=up,west=none	886
O	minecraft:redstone_wire	east=none,north=side,power=6,south=up,west=side	886
O	minecraft:redstone_wire	east=none,north=side,power=6,south=up,west=up	886
O	minecraft:redstone_wire	east=none,north=side,power=7,south=none,west=none	887
O	minecraft:redstone_wire	east=none,north=side,power=7,south=none,west=side	887
O	minecraft:redstone_wire	east=none,north=side,power=7,south=none,west=up	887
O	minecraft:redstone_wire	east=none,north=side,power=7,south=side,west=none	887
O	minecraft:redstone_wire	east=none,north=side,power=7,south=side,west=side	887
O	minecraft:redstone_wire	east=none,north=side,power=7,south=side,west=up	887
O	minecraft:redstone_wire	east=none,north=side,power=7,south=up,west=none	887
O	minecraft:redstone_wire	east=none,north=side,power=7,south=up,west=side	887
O	minecraft:redstone_wire	east=none,north=side,power=7,south=up,west=up	887
O	minecraft:redstone_wire	east=none,north=side,power=8,south=none,west=none	888
O	minecraft:redstone_wire	east=none,north=side,power=8,south=none,west=side	888
O	minecraft:redstone_wire	east=none,north=side,power=8,south=none,west=up	888
O	minecraft:redstone_wire	east=none,north=side,power=8,south=side,west=none	888
O	minecraft:redstone_wire	east=none,north=side,power=8,south=side,west=side	888
O	minecraft:redstone_wire	east=none,north=side,power=8,south=side,west=up	888
O	minecraft:redstone_wire	east=none,north=side,power=8,south=up,west=none	888
O	minecraft:redstone_wire	east=none,north=side,power=8,south=up,west=side	888
O	minecraft:redstone_wire	east=none,north=side,power=8,south=up,west=up	888
O	minecraft:redstone_wire	east=none,north=side,power=9,south=none,west=none	889
O	minecraft:redstone_wire	east=none,north=side,power=9,south=none,west=side	889
O	minecraft:redstone_wire	east=none,north=side,power=9,south=none,west=up	889
O	minecraft:redstone_wire	east=none,north=side,power=9,south=side,west=none	889
O	minecraft:redstone_wire	east=none,north=side,power=9,south=side,west=side	889
O	minecraft:redstone_wire	east=none,north=side,power=9,south=side,west=up	889
O	minecraft:redstone_wire	east=none,north=side,power=9,south=up,west=none	889
O	minecraft:redstone_wire	east=none,north=side,power=9,south=up,west=side	889
O	minecraft:redstone_wire	east=none,north=side,power=9,south=up,west=up	889
O	minecraft:redstone_wire	east=none,north=up,power=0,south=none,west=none	880
O	minecraft:redstone_wire	east=none,north=up,power=0,south=none,west=side	880
O	minecraft:redstone_wire	east=none,north=up,power=0,south=none,west=up	880
O	minecraft:redstone_wire	east=none,north=up,power=0,south=side,west=none	880
O	minecraft:redstone_wire	east=none,north=up,power=0,south=side,west=side	880
O	minecraft:redstone_wire	east=none,north=up,power=0,south=side,west=up	880
O	minecraft:redstone_wire	east=none,north=up,power=0,south=up,west=none	880
O	minecraft:redstone_wire	east=none,north=up,power=0,south=up,west=side	880
O	minecraft:redstone_wire	east=none,north=up,power=0,south=up,west=up	880
O	minecraft:redstone_wire	east=none,north=up,power=1,south=none,west=none	881
O	minecraft:redstone_wire	east=none,north=up,power=1,south=none,west=side	881
O	minecraft:redstone_wire	east=none,north=up,power=1,south=none,west=up	881
O	minecraft:redstone_wire	east=none,north=up,power=1,south=side,west=none	881
O	minecraft:redstone_wire	east=none,north=up,power=1,south=side,west=side	881
O	minecraft:redstone_wire	east=none,north=up,power=1,south=side,west=up	881
O	minecraft:redstone_wire	east=none,north=up,power=1,south=up,west=none	881
O	minecraft:redstone_wire	east=none,north=up,power=1,south=up,west=side	881
O	minecraft:redstone_wire	east=none,north=up,power=1,south=up,west=up	881
O	minecraft:redstone_wire	east=none,north=up,power=10,south=none,west=none	890
O	minecraft:redstone_wire	east=none,north=up,power=10,south=none,west=side	890
O	minecraft:redstone_wire	east=none,north=up,power=10,south=none,west=up	890
O	minecraft:redstone_wire	east=none,north=up,power=10,south=side,west=none	890
O	minecraft:redstone_wire	east=none,north=up,power=10,south=side,west=side	890
O	minecraft:redstone_wire	east=none,north=up,power=10,south=side,west=up	890
O	minecraft:redstone_wire	east=none,north=up,power=10,south=up,west=none	890
O	minecraft:redstone_wire	east=none,north=up,power=10,south=up,west=side	890
O	minecraft:redstone_wire	east=none,north=up,power=10,south=up,west=up	890
O	minecraft:redstone_wire	east=none,north=up,power=11,south=none,west=none	891
O	minecraft:redstone_wire	east=none,north=up,power=11,south=none,west=side	891
O	minecraft:redstone_wire	east=none,north=up,power=11,south=none,west=up	891
O	minecraft:redstone_wire	east=none,north=up,power=11,south=side,west=none	891
O	minecraft:redstone_wire	east=none,north=up,power=11,south=side,west=side	891
O	minecraft:redstone_wire	east=none,north=up,power=11,south=side,west=up	891
O	minecraft:redstone_wire	east=none,north=up,power=11,south=up,west=none	891
O	minecraft:redstone_wire	east=none,north=up,power=11,south=up,west=side	891
O	minecraft:redstone_wire	east=none,north=up,power=11,south=up,west=up	891
O	minecraft:redstone_wire	east=none,north=up,power=12,south=none,west=none	892
O	minecraft:redstone_wire	east=none,north=up,power=12,south=none,west=side	892
O	minecraft:redstone_wire	east=none,north=up,power=12,south=none,west=up	892
O	minecraft:redstone_wire	east=none,north=up,power=12,south=side,west=none	892
O	minecraft:redstone_wire	east=none,north=up,power=12,south=side,west=side	892
O	minecraft:redstone_wire	east=none,north=up,power=12,south=side,west=up	892
O	minecraft:redstone_wire	east=none,north=up,power=12,south=up,west=none	892
O	minecraft:redstone_wire	east=none,north=up,power=12,south=up,west=side	892
O	minecraft:redstone_wire	east=none,north=up,power=12,south=up,west=up	892
O	minecraft:redstone_wire	east=none,north=up,power=13,south=none,west=none	893
O	minecraft:redstone_wire	east=none,north=up,power=13,south=none,west=side	893
O	minecraft:redstone_wire	east=none,north=up,power=13,south=none,west=up	893
O	minecraft:redstone_wire	east=none,north=up,power=13,south=side,west=none	893
O	minecraft:redstone_wire	east=none,north=up,power=13,south=side,west=side	893
O	minecraft:redstone_wire	east=none,north=up,power=13,south=side,west=up	893
O	minecraft:redstone_wire	east=none,north=up,power=13,south=up,west=none	893
O	minecraft:redstone_wire	east=none,north=up,power=13,south=up,west=side	893
O	minecraft:redstone_wire	east=none,north=up,power=13,south=up,west=up	893
O	minecraft:redstone_wire	east=none,north=up,power=14,south=none,west=none	894
O	minecraft:redstone_wire	east=none,north=up,power=14,south=none,west=side	894
O	minecraft:redstone_wire	east=none,north=up,power=14,south=none,west=up	894
O	minecraft:redstone_wire	east=none,north=up,power=14,south=side,west=none	894
O	minecraft:redstone_wire	east=none,north=up,power=14,south=side,west=side	894
O	minecraft:redstone_wire	east=none,north=up,power=14,south=side,west=up	894
O	minecraft:redstone_wire	east=none,north=up,power=14,south=up,west=none	894
O	minecraft:redstone_wire	east=none,north=up,power=14,south=up,west=side	894
O	minecraft:redstone_wire	east=none,north=up,power=14,south=up,west=up	894
O	minecraft:redstone_wire	east=none,north=up,power=15,south=none,west=none	895
O	minecraft:redstone_wire	east=none,north=up,power=15,south=none,west=side	895
O	minecraft:redstone_wire	east=none,north=up,power=15,south=none,west=up	895
O	minecraft:redstone_wire	east=none,north=up,power=15,south=side,west=none	895
O	minecraft:redstone_wire	east=none,north=up,power=15,south=side,west=side	895
O	minecraft:redstone_wire	east=none,north=up,power=15,south=side,west=up	895
O	minecraft:redstone_wire	east=none,north=up,power=15,south=up,west=none	895
O	minecraft:redstone_wire	east=none,north=up,power=15,south=up,west=side	895
O	minecraft:redstone_wire	east=none,north=up,power=15,south=up,west=up	895
O	minecraft:redstone_wire	east=none,north=up,power=2,south=none,west=none	882
O	minecraft:redstone_wire	east=none,north=up,power=2,south=none,west=side	882
O	minecraft:redstone_wire	east=none,north=up,power=2,south=none,west=up	882
O	minecraft:redstone_wire	east=none,north=up,power=2,south=side,west=none	882
O	minecraft:redstone_wire	east=none,north=up,power=2,south=side,west=side	882
O	minecraft:redstone_wire	east=none,north=up,power=2,south=side,west=up	882
O	minecraft:redstone_wire	east=none,north=up,power=2,south=up,west=none	882
O	minecraft:redstone_wire	east=none,north=up,power=2,south=up,west=side	882
O	minecraft:redstone_wire	east=none,north=up,power=2,south=up,west=up	882
O	minecraft:redstone_wire	east=none,north=up,power=3,south=none,west=none	883
O	minecraft:redstone_wire	east=none,north=up,power=3,south=none,west=side	883
O	minecraft:redstone_wire	east=none,north=up,power=3,south=none,west=up	883
O	minecraft:redstone_wire	east=none,north=up,power=3,south=side,west=none	883
O	minecraft:redstone_wire	east=none,north=up,power=3,south=side,west=side	883
O	minecraft:redstone_wire	east=none,north=up,power=3,south=side,west=up	883
O	minecraft:redstone_wire	east=none,north=up,power=3,south=up,west=none	883
O	minecraft:redstone_wire	east=none,north=up,power=3,south=up,west=side	883
O	minecraft:redstone_wire	east=none,north=up,power=3,south=up,west=up	883
O	minecraft:redstone_wire	east=none,north=up,power=4,south=none,west=none	884
O	minecraft:redstone_wire	east=none,north=up,power=4,south=none,west=side	884
O	minecraft:redstone_wire	east=none,north=up,power=4,south=none,west=up	884
O	minecraft:redstone_wire	east=none,north=up,power=4,south=side,west=none	884
O	minecraft:redstone_wire	east=none,north=up,power=4,south=side,west=side	884
O	minecraft:redstone_wire	east=none,north=up,power=4,south=side,west=up	884
O	minecraft:redstone_wire	east=none,north=up,power=4,south=up,west=none	884
O	minecraft:redstone_wire	east=none,north=up,power=4,south=up,west=side	884
O	minecraft:redstone_wire	east=none,north=up,power=4,south=up,west=up	884
O	minecraft:redstone_wire	east=none,north=up,power=5,south=none,west=none	885
O	minecraft:redstone_wire	east=none,north=up,power=5,south=none,west=side	885
O	minecraft:redstone_wire	east=none,north=up,power=5,south=none,west=up	885
O	minecraft:redstone_wire	east=none,north=up,power=5,south=side,west=none	885
O	minecraft:redstone_wire	east=none,north=up,power=5,south=side,west=side	885
O	minecraft:redstone_wire	east=none,north=up,power=5,south=side,west=up	885
O	minecraft:redstone_wire	east=none,north=up,power=5,south=up,west=none	885
O	minecraft:redstone_wire	east=none,north=up,power=5,south=up,west=side	885
O	minecraft:redstone_wire	east=none,north=up,power=5,south=up,west=up	885
O	minecraft:redstone_wire	east=none,north=up,power=6,south=none,west=none	886
O	minecraft:redstone_wire	east=none,north=up,power=6,south=none,west=side	886
O	minecraft:redstone_wire	east=none,north=up,power=6,south=none,west=up	886
O	minecraft:redstone_wire	east=none,north=up,power=6,south=side,west=none	886
O	minecraft:redstone_wire	east=none,north=up,power=6,south=side,west=side	886
O	minecraft:redstone_wire	east=none,north=up,power=6,south=side,west=up	886
O	minecraft:redstone_wire	east=none,north=up,power=6,south=up,west=none	886
O	minecraft:redstone_wire	east=none,north=up,power=6,south=up,west=side	886
O	minecraft:redstone_wire	east=none,north=up,power=6,south=up,west=up	886
O	minecraft:redstone_wire	east=none,north=up,power=7,south=none,west=none	887
O	minecraft:redstone_wire	east=none,north=up,power=7,south=none,west=side	887
O	minecraft:redstone_wire	east=none,north=up,power=7,south=none,west=up	887
O	minecraft:redstone_wire	east=none,north=up,power=7,south=side,west=none	887
O	minecraft:redstone_wire	east=none,north=up,power=7,south=side,west=side	887
O	minecraft:redstone_wire	east=none,north=up,power=7,south=side,west=up	887
O	minecraft:redstone_wire	east=none,north=up,power=7,south=up,west=none	887
O	minecraft:redstone_wire	east=none,north=up,power=7,south=up,west=side	887
O	minecraft:redstone_wire	east=none,north=up,power=7,south=up,west=up	887
O	minecraft:redstone_wire	east=none,north=up,power=8,south=none,west=none	888
O	minecraft:redstone_wire	east=none,north=up,power=8,south=none,west=side	888
O	minecraft:redstone_wire	east=none,north=up,power=8,south=none,west=up	888
O	minecraft:redstone_wire	east=none,north=up,power=8,south=side,west=none	888
O	minecraft:redstone_wire	east=none,north=up,power=8,south=side,west=side	888
O	minecraft:redstone_wire	east=none,north=up,power=8,south=side,west=up	888
O	minecraft:redstone_wire	east=none,north=up,power=8,south=up,west=none	888
O	minecraft:redstone_wire	east=none,north=up,power=8,south=up,west=side	888
O	minecraft:redstone_wire	east=none,north=up,power=8,south=up,west=up	888
O	minecraft:redstone_wire	east=none,north=up,power=9,south=none,west=none	889
O	minecraft:redstone_wire	east=none,north=up,power=9,south=none,west=side	889
O	minecraft:redstone_wire	east=none,north=up,power=9,south=none,west=up	889
O	minecraft:redstone_wire	east=none,north=up,power=9,south=side,west=none	889
O	minecraft:redstone_wire	east=none,north=up,power=9,south=side,west=side	889
O	minecraft:redstone_wire	east=none,north=up,power=9,south=side,west=up	889
O	minecraft:redstone_wire	east=none,north=up,power=9,south=up,west=none	889
O	minecraft:redstone_wire	east=none,north=up,power=9,south=up,west=side	889
O	minecraft:redstone_wire	east=none,north=up,power=9,south=up,west=up	889
O	minecraft:redstone_wire	east=side,north=none,power=0,south=none,west=none	880
O	minecraft:redstone_wire	east=side,north=none,power=0,south=none,west=side	880
O	minecraft:redstone_wire	east=side,north=none,power=0,south=none,west=up	880
O	minecraft:redstone_wire	east=side,north=none,power=0,south=side,west=none	880
O	minecraft:redstone_wire	east=side,north=none,power=0,south=side,west=side	880
O	minecraft:redstone_wire	east=side,north=none,power=0,south=side,west=up	880
O	minecraft:redstone_wire	east=side,north=none,power=0,south=up,west=none	880
O	minecraft:redstone_wire	east=side,north=none,power=0,south=up,west=side	880
O	minecraft:redstone_wire	east=side,north=none,power=0,south=up,west=up	880
O	minecraft:redstone_wire	east=side,north=none,power=1,south=none,west=none	881
O	minecraft:redstone_wire	east=side,north=none,power=1,south=none,west=side	881
O	minecraft:redstone_wire	east=side,north=none,power=1,south=none,west=up	881
O	minecraft:redstone_wire	east=side,north=none,power=1,south=side,west=none	881
O	minecraft:redstone_wire	east=side,north=none,power=1,south=side,west=side	881
O	minecraft:redstone_wire	east=side,north=none,power=1,south=side,west=up	881
O	minecraft:redstone_wire	east=side,north=none,power=1,south=up,west=none	881
O	minecraft:redstone_wire	east=side,north=none,power=1,south=up,west=side	881
O	minecraft:redstone_wire	east=side,north=none,power=1,south=up,west=up	881
O	minecraft:redstone_wire	east=side,north=none,power=10,south=none,west=none	890
O	minecraft:redstone_wire	east=side,north=none,power=10,south=none,west=side	890
O	minecraft:redstone_wire	east=side,north=none,power=10,south=none,west=up	890
O	minecraft:redstone_wire	east=side,north=none,power=10,south=side,west=none	890
O	minecraft:redstone_wire	east=side,north=none,power=10,south=side,west=side	890
O	minecraft:redstone_wire	east=side,north=none,power=10,south=side,west=up	890
O	minecraft:redstone_wire	east=side,north=none,power=10,south=up,west=none	890
O	minecraft:redstone_wire	east=side,north=none,power=10,south=up,west=side	890
O	minecraft:redstone_wire	east=side,north=none,power=10,south=up,west=up	890
O	minecraft:redstone_wire	east=side,north=none,power=11,south=none,west=none	891
O	minecraft:redstone_wire	east=side,north=none,power=11,south=none,west=side	891
O	minecraft:redstone_wire	east=side,north=none,power=11,south=none,west=up	891
O	minecraft:redstone_wire	east=side,north=none,power=11,south=side,west=none	891
O	minecraft:redstone_wire	east=side,north=none,power=11,south=side,west=side	891
O	minecraft:redstone_wire	east=side,north=none,power=11,south=side,west=up	891
O	minecraft:redstone_wire	east=side,north=none,power=11,south=up,west=none	891
O	minecraft:redstone_wire	east=side,north=none,power=11,south=up,west=side	891
O	minecraft:redstone_wire	east=side,north=none,power=11,south=up,west=up	891
O	minecraft:redstone_wire	east=side,north=none,power=12,south=none,west=none	892
O	minecraft:redstone_wire	east=side,north=none,power=12,south=none,west=side	892
O	minecraft:redstone_wire	east=side,north=none,power=12,south=none,west=up	892
O	minecraft:redstone_wire	east=side,north=none,power=12,south=side,west=none	892
O	minecraft:redstone_wire	east=side,north=none,power=12,south=side,west=side	892
O	minecraft:redstone_wire	east=side,north=none,power=12,south=side,west=up	892
O	minecraft:redstone_wire	east=side,north=none,power=12,south=up,west=none	892
O	minecraft:redstone_wire	east=side,north=none,power=12,south=up,west=side	892
O	minecraft:redstone_wire	east=side,north=none,power=12,south=up,west=up	892
O	minecraft:redstone_wire	east=side,north=none,power=13,south=none,west=none	893
O	minecraft:redstone_wire	east=side,north=none,power=13,south=none,west=side	893
O	minecraft:redstone_wire	east=side,north=none,power=13,south=none,west=up	893
O	minecraft:redstone_wire	east=side,north=none,power=13,south=side,west=none	893
O	minecraft:redstone_wire	east=side,north=none,power=13,south=side,west=side	893
O	minecraft:redstone_wire	east=side,north=none,power=13,south=side,west=up	893
O	minecraft:redstone_wire	east=side,north=none,power=13,south=up,west=none	893
O	minecraft:redstone_wire	east=side,north=none,power=13,south=up,west=side	893
O	minecraft:redstone_wire	east=side,north=none,power=13,south=up,west=up	893
O	minecraft:redstone_wire	east=side,north=none,power=14,south=none,west=none	894
O	minecraft:redstone_wire	east=side,north=none,power=14,south=none,west=side	894
O	minecraft:redstone_wire	east=side,north=none,power=14,south=none,west=up	894
O	minecraft:redstone_wire	east=side,north=none,power=14,south=side,west=none	894
O	minecraft:redstone_wire	east=side,north=none,power=14,south=side,west=side	894
O	minecraft:redstone_wire	east=side,north=none,power=14,south=side,west=up	894
O	minecraft:redstone_wire	east=side,north=none,power=14,south=up,west=none	894
O	minecraft:redstone_wire	east=side,north=none,power=14,south=up,west=side	894
O	minecraft:redstone_wire	east=side,north=none,power=14,south=up,west=up	894
O	minecraft:redstone_wire	east=side,north=none,power=15,south=none,west=none	895
O	minecraft:redstone_wire	east=side,north=none,power=15,south=none,west=side	895
O	minecraft:redstone_wire	east=side,north=none,power=15,south=none,west=up	895
O	minecraft:redstone_wire	east=side,north=none,power=15,south=side,west=none	895
O	minecraft:redstone_wire	east=side,north=none,power=15,south=side,west=side	895
O	minecraft:redstone_wire	east=side,north=none,power=15,south=side,west=up	895
O	minecraft:redstone_wire	east=side,north=none,power=15,south=up,west=none	895
O	minecraft:redstone_wire	east=side,north=none,power=15,south=up,west=side	895
O	minecraft:redstone_wire	east=side,north=none,power=15,south=up,west=up	895
O	minecraft:redstone_wire	east=side,north=none,power=2,south=none,west=none	882
O	minecraft:redstone_wire	east=side,north=none,power=2,south=none,west=side	882
O	minecraft:redstone_wire	east=side,north=none,power=2,south=none,west=up	882
O	minecraft:redstone_wire	east=side,north=none,power=2,south=side,west=none	882
O	minecraft:redstone_wire	east=side,north=none,power=2,south=side,west=side	882
O	minecraft:redstone_wire	east=side,north=none,power=2,south=side,west=up	882
O	minecraft:redstone_wire	east=side,north=none,power=2,south=up,west=none	882
O	minecraft:redstone_wire	east=side,north=none,power=2,south=up,west=side	882
O	minecraft:redstone_wire	east=side,north=none,power=2,south=up,west=up	882
O	minecraft:redstone_wire	east=side,north=none,power=3,south=none,west=none	883
O	minecraft:redstone_wire	east=side,north=none,power=3,south=none,west=side	883
O	minecraft:redstone_wire	east=side,north=none,power=3,south=none,west=up	883
O	minecraft:redstone_wire	east=side,north=none,power=3,south=side,west=none	883
O	minecraft:redstone_wire	east=side,north=none,power=3,south=side,west=side	883
O	minecraft:redstone_wire	east=side,north=none,power=3,south=side,west=up	883
O	minecraft:redstone_wire	east=side,north=none,power=3,south=up,west=none	883
O	minecraft:redstone_wire	east=side,north=none,power=3,south=up,west=side	883
O	minecraft:redstone_wire	east=side,north=none,power=3,south=up,west=up	883
O	minecraft:redstone_wire	east=side,north=none,power=4,south=none,west=none	884
O	minecraft:redstone_wire	east=side,north=none,power=4,south=none,west=side	884
O	minecraft:redstone_wire	east=side,north=none,power=4,south=none,west=up	884
O	minecraft:redstone_wire	east=side,north=none,power=4,south=side,west=none	884
O	minecraft:redstone_wire	east=side,north=none,power=4,south=side,west=side	884
O	minecraft:redstone_wire	east=side,north=none,power=4,south=side,west=up	884
O	minecraft:redstone_wire	east=side,north=none,power=4,south=up,west=none	884
O	minecraft:redstone_wire	east=side,north=none,power=4,south=up,west=side	884
O	minecraft:redstone_wire	east=side,north=none,power=4,south=up,west=up	884
O	minecraft:redstone_wire	east=side,north=none,power=5,south=none,west=none	885
O	minecraft:redstone_wire	east=side,north=none,power=5,south=none,west=side	885
O	minecraft:redstone_wire	east=side,north=none,power=5,south=none,west=up	885
O	minecraft:redstone_wire	east=side,north=none,power=5,south=side,west=none	885
O	minecraft:redstone_wire	east=side,north=none,power=5,south=side,west=side	885
O	minecraft:redstone_wire	east=side,north=none,power=5,south=side,west=up	885
O	minecraft:redstone_wire	east=side,north=none,power=5,south=up,west=none	885
O	minecraft:redstone_wire	east=side,north=none,power=5,south=up,west=side	885
O	minecraft:redstone_wire	east=side,north=none,power=5,south=up,west=up	885
O	minecraft:redstone_wire	east=side,north=none,power=6,south=none,west=none	886
O	minecraft:redstone_wire	east=side,north=none,power=6,south=none,west=side	886
O	minecraft:redstone_wire	east=side,north=none,power=6,south=none,west=up	886
O	minecraft:redstone_wire	east=side,north=none,power=6,south=side,west=none	886
O	minecraft:redstone_wire	east=side,north=none,power=6,south=side,west=side	886
O	minecraft:redstone_wire	east=side,north=none,power=6,south=side,west=up	886
O	minecraft:redstone_wire	east=side,north=none,power=6,south=up,west=none	886
O	minecraft:redstone_wire	east=side,north=none,power=6,south=up,west=side	886
O	minecraft:redstone_wire	east=side,north=none,power=6,south=up,west=up	886
O	minecraft:redstone_wire	east=side,north=none,power=7,south=none,west=none	887
O	minecraft:redstone_wire	east=side,north=none,power=7,south=none,west=side	887
O	minecraft:redstone_wire	east=side,north=none,power=7,south=none,west=up	887
O	minecraft:redstone_wire	east=side,north=none,power=7,south=side,west=none	887
O	minecraft:redstone_wire	east=side,north=none,power=7,south=side,west=side	887
O	minecraft:redstone_wire	east=side,north=none,power=7,south=side,west=up	887
O	minecraft:redstone_wire	east=side,north=none,power=7,south=up,west=none	887
O	minecraft:redstone_wire	east=side,north=none,power=7,south=up,west=side	887
O	minecraft:redstone_wire	east=side,north=none,power=7,south=up,west=up	887
O	minecraft:redstone_wire	east=side,north=none,power=8,south=none,west=none	888
O	minecraft:redstone_wire	east=side,north=none,power=8,south=none,west=side	888
O	minecraft:redstone_wire	east=side,north=none,power=8,south=none,west=up	888
O	minecraft:redstone_wire	east=side,north=none,power=8,south=side,west=none	888
O	minecraft:redstone_wire	east=side,north=none,power=8,south=side,west=side	888
O	minecraft:redstone_wire	east=side,north=none,power=8,south=side,west=up	888
O	minecraft:redstone_wire	east=side,north=none,power=8,south=up,west=none	888
O	minecraft:redstone_wire	east=side,north=none,power=8,south=up,west=side	888
O	minecraft:redstone_wire	east=side,north=none,power=8,south=up,west=up	888
O	minecraft:redstone_wire	east=side,north=none,power=9,south=none,west=none	889
O	minecraft:redstone_wire	east=side,north=none,power=9,south=none,west=side	889
O	minecraft:redstone_wire	east=side,north=none,power=9,south=none,west=up	889
O	minecraft:redstone_wire	east=side,north=none,power=9,south=side,west=none	889
O	minecraft:redstone_wire	east=side,north=none,power=9,south=side,west=side	889
O	minecraft:redstone_wire	east=side,north=none,power=9,south=side,west=up	889
O	minecraft:redstone_wire	east=side,north=none,power=9,south=up,west=none	889
O	minecraft:redstone_wire	east=side,north=none,power=9,south=up,west=side	889
O	minecraft:redstone_wire	east=side,north=none,power=9,south=up,west=up	889
O	minecraft:redstone_wire	east=side,north=side,power=0,south=none,west=none	880
O	minecraft:redstone_wire	east=side,north=side,power=0,south=none,west=side	880
O	minecraft:redstone_wire	east=side,north=side,power=0,south=none,west=up	880
O	minecraft:redstone_wire	east=side,north=side,power=0,south=side,west=none	880
O	minecraft:redstone_wire	east=side,north=side,power=0,south=side,west=side	880
O	minecraft:redstone_wire	east=side,north=side,power=0,south=side,west=up	880
O	minecraft:redstone_wire	east=side,north=side,power=0,south=up,west=none	880
O	minecraft:redstone_wire	east=side,north=side,power=0,south=up,west=side	880
O	minecraft:redstone_wire	east=side,north=side,power=0,south=up,west=up	880
O	minecraft:redstone_wire	east=side,north=side,power=1,south=none,west=none	881
O	minecraft:redstone_wire	east=side,north=side,power=1,south=none,west=side	881
O	minecraft:redstone_wire	east=side,north=side,power=1,south=none,west=up	881
O	minecraft:redstone_wire	east=side,north=side,power=1,south=side,west=none	881
O	minecraft:redstone_wire	east=side,north=side,power=1,south=side,west=side	881
O	minecraft:redstone_wire	east=side,north=side,power=1,south=side,west=up	881
O	minecraft:redstone_wire	east=side,north=side,power=1,south=up,west=none	881
O	minecraft:redstone_wire	east=side,north=side,power=1,south=up,west=side	881
O	minecraft:redstone_wire	east=side,north=side,power=1,south=up,west=up	881
O	minecraft:redstone_wire	east=side,north=side,power=10,south=none,west=none	890
O	minecraft:redstone_wire	east=side,north=side,power=10,south=none,west=side	890
O	minecraft:redstone_wire	east=side,north=side,power=10,south=none,west=up	890
O	minecraft:redstone_wire	east=side,north=side,power=10,south=side,west=none	890
O	minecraft:redstone_wire	east=side,north=side,power=10,south=side,west=side	890
O	minecraft:redstone_wire	east=side,north=side,power=10,south=side,west=up	890
O	minecraft:redstone_wire	east=side,north=side,power=10,south=up,west=none	890
O	minecraft:redstone_wire	east=side,north=side,power=10,south=up,west=side	890
O	minecraft:redstone_wire	east=side,north=side,power=10,south=up,west=up	890
O	minecraft:redstone_wire	east=side,north=side,power=11,south=none,west=none	891
O	minecraft:redstone_wire	east=side,north=side,power=11,south=none,west=side	891
O	minecraft:redstone_wire	east=side,north=side,power=11,south=none,west=up	891
O	minecraft:redstone_wire	east=side,north=side,power=11,south=side,west=none	891
O	minecraft:redstone_wire	east=side,north=side,power=11,south=side,west=side	891
O	minecraft:redstone_wire	east=side,north=side,power=11,south=side,west=up	891
O	minecraft:redstone_wire	east=side,north=side,power=11,south=up,west=none	891
O	minecraft:redstone_wire	east=side,north=side,power=11,south=up,west=side	891
O	minecraft:redstone_wire	east=side,north=side,power=11,south=up,west=up	891
O	minecraft:redstone_wire	east=side,north=side,power=12,south=none,west=none	892
O	minecraft:redstone_wire	east=side,north=side,power=12,south=none,west=side	892
O	minecraft:redstone_wire	east=side,north=side,power=12,south=none,west=up	892
O	minecraft:redstone_wire	east=side,north=side,power=12,south=side,west=none	892
O	minecraft:redstone_wire	east=side,north=side,power=12,south=side,west=side	892
O	minecraft:redstone_wire	east=side,north=side,power=12,south=side,west=up	892
O	minecraft:redstone_wire	east=side,north=side,power=12,south=up,west=none	892
O	minecraft:redstone_wire	east=side,north=side,power=12,south=up,west=side	892
O	minecraft:redstone_wire	east=side,north=side,power=12,south=up,west=up	892
O	minecraft:redstone_wire	east=side,north=side,power=13,south=none,west=none	893
O	minecraft:redstone_wire	east=side,north=side,power=13,south=none,west=side	893
O	minecraft:redstone_wire	east=side,north=side,power=13,south=none,west=up	893
O	minecraft:redstone_wire	east=side,north=side,power=13,south=side,west=none	893
O	minecraft:redstone_wire	east=side,north=side,power=13,south=side,west=side	893
O	minecraft:redstone_wire	east=side,north=side,power=13,south=side,west=up	893
O	minecraft:redstone_wire	east=side,north=side,power=13,south=up,west=none	893
O	minecraft:redstone_wire	east=side,north=side,power=13,south=up,west=side	893
O	minecraft:redstone_wire	east=side,north=side,power=13,south=up,west=up	893
O	minecraft:redstone_wire	east=side,north=side,power=14,south=none,west=none	894
O	minecraft:redstone_wire	east=side,north=side,power=14,south=none,west=side	894
O	minecraft:redstone_wire	east=side,north=side,power=14,south=none,west=up	894
O	minecraft:redstone_wire	east=side,north=side,power=14,south=side,west=none	894
O	minecraft:redstone_wire	east=side,north=side,power=14,south=side,west=side	894
O	minecraft:redstone_wire	east=side,north=side,power=14,south=side,west=up	894
O	minecraft:redstone_wire	east=side,north=side,power=14,south=up,west=none	894
O	minecraft:redstone_wire	east=side,north=side,power=14,south=up,west=side	894
O	minecraft:redstone_wire	east=side,north=side,power=14,south=up,west=up	894
O	minecraft:redstone_wire	east=side,north=side,power=15,south=none,west=none	895
O	minecraft:redstone_wire	east=side,north=side,power=15,south=none,west=side	895
O	minecraft:redstone_wire	east=side,north=side,power=15,south=none,west=up	895
O	minecraft:redstone_wire	east=side,north=side,power=15,south=side,west=none	895
O	minecraft:redstone_wire	east=side,north=side,power=15,south=side,west=side	895
O	minecraft:redstone_wire	east=side,north=side,power=15,south=side,west=up	895
O	minecraft:redstone_wire	east=side,north=side,power=15,south=up,west=none	895
O	minecraft:redstone_wire	east=side,north=side,power=15,south=up,west=side	895
O	minecraft:redstone_wire	east=side,north=side,power=15,south=up,west=up	895
O	minecraft:redstone_wire	east=side,north=side,power=2,south=none,west=none	882
O	minecraft:redstone_wire	east=side,north=side,power=2,south=none,west=side	882
O	minecraft:redstone_wire	east=side,north=side,power=2,south=none,west=up	882
O	minecraft:redstone_wire	east=side,north=side,power=2,south=side,west=none	882
O	minecraft:redstone_wire	east=side,north=side,power=2,south=side,west=side	882
O	minecraft:redstone_wire	east=side,north=side,power=2,south=side,west=up	882
O	minecraft:redstone_wire	east=side,north=side,power=2,south=up,west=none	882
O	minecraft:redstone_wire	east=side,north=side,power=2,south=up,west=side	882
O	minecraft:redstone_wire	east=side,north=side,power=2,south=up,west=up	882
O	minecraft:redstone_wire	east=side,north=side,power=3,south=none,west=none	883
O	minecraft:redstone_wire	east=side,north=side,power=3,south=none,west=side	883
O	minecraft:redstone_wire	east=side,north=side,power=3,south=none,west=up	883
O	minecraft:redstone_wire	east=side,north=side,power=3,south=side,west=none	883
O	minecraft:redstone_wire	east=side,north=side,power=3,south=side,west=side	883
O	minecraft:redstone_wire	east=side,north=side,power=3,south=side,west=up	883
O	minecraft:redstone_wire	east=side,north=side,power=3,south=up,west=none	883
O	minecraft:redstone_wire	east=side,north=side,power=3,south=up,west=side	883
O	minecraft:redstone_wire	east=side,north=side,power=3,south=up,west=up	883
O	minecraft:redstone_wire	east=side,north=side,power=4,south=none,west=none	884
O	minecraft:redstone_wire	east=side,north=side,power=4,south=none,west=side	884
O	minecraft:redstone_wire	east=side,north=side,power=4,south=none,west=up	884
O	minecraft:redstone_wire	east=side,north=side,power=4,south=side,west=none	884
O	minecraft:redstone_wire	east=side,north=side,power=4,south=side,west=side	884
O	minecraft:redstone_wire	east=side,north=side,power=4,south=side,west=up	884
O	minecraft:redstone_wire	east=side,north=side,power=4,south=up,west=none	884
O	minecraft:redstone_wire	east=side,north=side,power=4,south=up,west=side	884
O	minecraft:redstone_wire	east=side,north=side,power=4,south=up,west=up	884
O	minecraft:redstone_wire	east=side,north=side,power=5,south=none,west=none	885
O	minecraft:redstone_wire	east=side,north=side,power=5,south=none,west=side	885
O	minecraft:redstone_wire	east=side,north=side,power=5,south=none,west=up	885
O	minecraft:redstone_wire	east=side,north=side,power=5,south=side,west=none	885
O	minecraft:redstone_wire	east=side,north=side,power=5,south=side,west=side	885
O	minecraft:redstone_wire	east=side,north=side,power=5,south=side,west=up	885
O	minecraft:redstone_wire	east=side,north=side,power=5,south=up,west=none	885
O	minecraft:redstone_wire	east=side,north=side,power=5,south=up,west=side	885
O	minecraft:redstone_wire	east=side,north=side,power=5,south=up,west=up	885
O	minecraft:redstone_wire	east=side,north=side,power=6,south=none,west=none	886
O	minecraft:redstone_wire	east=side,north=side,power=6,south=none,west=side	886
O	minecraft:redstone_wire	east=side,north=side,power=6,south=none,west=up	886
O	minecraft:redstone_wire	east=side,north=side,power=6,south=side,west=none	886
O	minecraft:redstone_wire	east=side,north=side,power=6,south=side,west=side	886
O	minecraft:redstone_wire	east=side,north=side,power=6,south=side,west=up	886
O	minecraft:redstone_wire	east=side,north=side,power=6,south=up,west=none	886
O	minecraft:redstone_wire	east=side,north=side,power=6,south=up,west=side	886
O	minecraft:redstone_wire	east=side,north=side,power=6,south=up,west=up	886
O	minecraft:redstone_wire	east=side,north=side,power=7,south=none,west=none	887
O	minecraft:redstone_wire	east=side,north=side,power=7,south=none,west=side	887
O	minecraft:redstone_wire	east=side,north=side,power=7,south=none,west=up	887
O	minecraft:redstone_wire	east=side,north=side,power=7,south=side,west=none	887
O	minecraft:redstone_wire	east=side,north=side,power=7,south=side,west=side	887
O	minecraft:redstone_wire	east=side,north=side,power=7,south=side,west=up	887
O	minecraft:redstone_wire	east=side,north=side,power=7,south=up,west=none	887
O	minecraft:redstone_wire	east=side,north=side,power=7,south=up,west=side	887
O	minecraft:redstone_wire	east=side,north=side,power=7,south=up,west=up	887
O	minecraft:redstone_wire	east=side,north=side,power=8,south=none,west=none	888
O	minecraft:redstone_wire	east=side,north=side,power=8,south=none,west=side	888
O	minecraft:redstone_wire	east=side,north=side,power=8,south=none,west=up	888
O	minecraft:redstone_wire	east=side,north=side,power=8,south=side,west=none	888
O	minecraft:redstone_wire	east=side,north=side,power=8,south=side,west=side	888
O	minecraft:redstone_wire	east=side,north=side,power=8,south=side,west=up	888
O	minecraft:redstone_wire	east=side,north=side,power=8,south=up,west=none	888
O	minecraft:redstone_wire	east=side,north=side,power=8,south=up,west=side	888
O	minecraft:redstone_wire	east=side,north=side,power=8,south=up,west=up	888
O	minecraft:redstone_wire	east=side,north=side,power=9,south=none,west=none	889
O	minecraft:redstone_wire	east=side,north=side,power=9,south=none,west=side	889
O	minecraft:redstone_wire	east=side,north=side,power=9,south=none,west=up	889
O	minecraft:redstone_wire	east=side,north=side,power=9,south=side,west=none	889
O	minecraft:redstone_wire	east=side,north=side,power=9,south=side,west=side	889
O	minecraft:redstone_wire	east=side,north=side,power=9,south=side,west=up	889
O	minecraft:redstone_wire	east=side,north=side,power=9,south=up,west=none	889
O	minecraft:redstone_wire	east=side,north=side,power=9,south=up,west=side	889
O	minecraft:redstone_wire	east=side,north=side,power=9,south=up,west=up	889
O	minecraft:redstone_wire	east=side,north=up,power=0,south=none,west=none	880
O	minecraft:redstone_wire	east=side,north=up,power=0,south=none,west=side	880
O	minecraft:redstone_wire	east=side,north=up,power=0,south=none,west=up	880
O	minecraft:redstone_wire	east=side,north=up,power=0,south=side,west=none	880
O	minecraft:redstone_wire	east=side,north=up,power=0,south=side,west=side	880
O	minecraft:redstone_wire	east=side,north=up,power=0,south=side,west=up	880
O	minecraft:redstone_wire	east=side,north=up,power=0,south=up,west=none	880
O	minecraft:redstone_wire	east=side,north=up,power=0,south=up,west=side	880
O	minecraft:redstone_wire	east=side,north=up,power=0,south=up,west=up	880
O	minecraft:redstone_wire	east=side,north=up,power=1,south=none,west=none	881
O	minecraft:redstone_wire	east=side,north=up,power=1,south=none,west=side	881
O	minecraft:redstone_wire	east=side,north=up,power=1,south=none,west=up	881
O	minecraft:redstone_wire	east=side,north=up,power=1,south=side,west=none	881
O	minecraft:redstone_wire	east=side,north=up,power=1,south=side,west=side	881
O	minecraft:redstone_wire	east=side,north=up,power=1,south=side,west=up	881
O	minecraft:redstone_wire	east=side,north=up,power=1,south=up,west=none	881
O	minecraft:redstone_wire	east=side,north=up,power=1,south=up,west=side	881
O	minecraft:redstone_wire	east=side,north=up,power=1,south=up,west=up	881
O	minecraft:redstone_wire	east=side,north=up,power=10,south=none,west=none	890
O	minecraft:redstone_wire	east=side,north=up,power=10,south=none,west=side	890
O	minecraft:redstone_wire	east=side,north=up,power=10,south=none,west=up	890
O	minecraft:redstone_wire	east=side,north=up,power=10,south=side,west=none	890
O	minecraft:redstone_wire	east=side,north=up,power=10,south=side,west=side	890
O	minecraft:redstone_wire	east=side,north=up,power=10,south=side,west=up	890
O	minecraft:redstone_wire	east=side,north=up,power=10,south=up,west=none	890
O	minecraft:redstone_wire	east=side,north=up,power=10,south=up,west=side	890
O	minecraft:redstone_wire	east=side,north=up,power=10,south=up,west=up	890
O	minecraft:redstone_wire	east=side,north=up,power=11,south=none,west=none	891
O	minecraft:redstone_wire	east=side,north=up,power=11,south=none,west=side	891
O	minecraft:redstone_wire	east=side,north=up,power=11,south=none,west=up	891
O	minecraft:redstone_wire	east=side,north=up,power=11,south=side,west=none	891
O	minecraft:redstone_wire	east=side,north=up,power=11,south=side,west=side	891
O	minecraft:redstone_wire	east=side,north=up,power=11,south=side,west=up	891
O	minecraft:redstone_wire	east=side,north=up,power=11,south=up,west=none	891
O	minecraft:redstone_wire	east=side,north=up,power=11,south=up,west=side	891
O	minecraft:redstone_wire	east=side,north=up,power=11,south=up,west=up	891
O	minecraft:redstone_wire	east=side,north=up,power=12,south=none,west=none	892
O	minecraft:redstone_wire	east=side,north=up,power=12,south=none,west=side	892
O	minecraft:redstone_wire	east=side,north=up,power=12,south=none,west=up	892
O	minecraft:redstone_wire	east=side,north=up,power=12,south=side,west=none	892
O	minecraft:redstone_wire	east=side,north=up,power=12,south=side,west=side	892
O	minecraft:redstone_wire	east=side,north=up,power=12,south=side,west=up	892
O	minecraft:redstone_wire	east=side,north=up,power=12,south=up,west=none	892
O	minecraft:redstone_wire	east=side,north=up,power=12,south=up,west=side	892
O	minecraft:redstone_wire	east=side,north=up,power=12,south=up,west=up	892
O	minecraft:redstone_wire	east=side,north=up,power=13,south=none,west=none	893
O	minecraft:redstone_wire	east=side,north=up,power=13,south=none,west=side	893
O	minecraft:redstone_wire	east=side,north=up,power=13,south=none,west=up	893
O	minecraft:redstone_wire	east=side,north=up,power=13,south=side,west=none	893
O	minecraft:redstone_wire	east=side,north=up,power=13,south=side,west=side	893
O	minecraft:redstone_wire	east=side,north=up,power=13,south=side,west=up	893
O	minecraft:redstone_wire	east=side,north=up,power=13,south=up,west=none	893
O	minecraft:redstone_wire	east=side,north=up,power=13,south=up,west=side	893
O	minecraft:redstone_wire	east=side,north=up,power=13,south=up,west=up	893
O	minecraft:redstone_wire	east=side,north=up,power=14,south=none,west=none	894
O	minecraft:redstone_wire	east=side,north=up,power=14,south=none,west=side	894
O	minecraft:redstone_wire	east=side,north=up,power=14,south=none,west=up	894
O	minecraft:redstone_wire	east=side,north=up,power=14,south=side,west=none	894
O	minecraft:redstone_wire	east=side,north=up,power=14,south=side,west=side	894
O	minecraft:redstone_wire	east=side,north=up,power=14,south=side,west=up	894
O	minecraft:redstone_wire	east=side,north=up,power=14,south=up,west=none	894
O	minecraft:redstone_wire	east=side,north=up,power=14,south=up,west=side	894
O	minecraft:redstone_wire	east=side,north=up,power=14,south=up,west=up	894
O	minecraft:redstone_wire	east=side,north=up,power=15,south=none,west=none	895
O	minecraft:redstone_wire	east=side,north=up,power=15,south=none,west=side	895
O	minecraft:redstone_wire	east=side,north=up,power=15,south=none,west=up	895
O	minecraft:redstone_wire	east=side,north=up,power=15,south=side,west=none	895
O	minecraft:redstone_wire	east=side,north=up,power=15,south=side,west=side	895
O	minecraft:redstone_wire	east=side,north=up,power=15,south=side,west=up	895
O	minecraft:redstone_wire	east=side,north=up,power=15,south=up,west=none	895
O	minecraft:redstone_wire	east=side,north=up,power=15,south=up,west=side	895
O	minecraft:redstone_wire	east=side,north=up,power=15,south=up,west=up	895
O	minecraft:redstone_wire	east=side,north=up,power=2,south=none,west=none	882
O	minecraft:redstone_wire	east=side,north=up,power=2,south=none,west=side	882
O	minecraft:redstone_wire	east=side,north=up,power=2,south=none,west=up	882
O	minecraft:redstone_wire	east=side,north=up,power=2,south=side,west=none	882
O	minecraft:redstone_wire	east=side,north=up,power=2,south=side,west=side	882
O	minecraft:redstone_wire	east=side,north=up,power=2,south=side,west=up	882
O	minecraft:redstone_wire	east=side,north=up,power=2,south=up,west=none	882
O	minecraft:redstone_wire	east=side,north=up,power=2,south=up,west=side	882
O	minecraft:redstone_wire	east=side,north=up,power=2,south=up,west=up	882
O	minecraft:redstone_wire	east=side,north=up,power=3,south=none,west=none	883
O	minecraft:redstone_wire	east=side,north=up,power=3,south=none,west=side	883
O	minecraft:redstone_wire	east=side,north=up,power=3,south=none,west=up	883
O	minecraft:redstone_wire	east=side,north=up,power=3,south=side,west=none	883
O	minecraft:redstone_wire	east=side,north=up,power=3,south=side,west=side	883
O	minecraft:redstone_wire	east=side,north=up,power=3,south=side,west=up	883
O	minecraft:redstone_wire	east=side,north=up,power=3,south=up,west=none	883
O	minecraft:redstone_wire	east=side,north=up,power=3,south=up,west=side	883
O	minecraft:redstone_wire	east=side,north=up,power=3,south=up,west=up	883
O	minecraft:redstone_wire	east=side,north=up,power=4,south=none,west=none	884
O	minecraft:redstone_wire	east=side,north=up,power=4,south=none,west=side	884
O	minecraft:redstone_wire	east=side,north=up,power=4,south=none,west=up	884
O	minecraft:redstone_wire	east=side,north=up,power=4,south=side,west=none	884
O	minecraft:redstone_wire	east=side,north=up,power=4,south=side,west=side	884
O	minecraft:redstone_wire	east=side,north=up,power=4,south=side,west=up	884
O	minecraft:redstone_wire	east=side,north=up,power=4,south=up,west=none	884
O	minecraft:redstone_wire	east=side,north=up,power=4,south=up,west=side	884
O	minecraft:redstone_wire	east=side,north=up,power=4,south=up,west=up	884
O	minecraft:redstone_wire	east=side,north=up,power=5,south=none,west=none	885
O	minecraft:redstone_wire	east=side,north=up,power=5,south=none,west=side	885
O	minecraft:redstone_wire	east=side,north=up,power=5,south=none,west=up	885
O	minecraft:redstone_wire	east=side,north=up,power=5,south=side,west=none	885
O	minecraft:redstone_wire	east=side,north=up,power=5,south=side,west=side	885
O	minecraft:redstone_wire	east=side,north=up,power=5,south=side,west=up	885
O	minecraft:redstone_wire	east=side,north=up,power=5,south=up,west=none	885
O	minecraft:redstone_wire	east=side,north=up,power=5,south=up,west=side	885
O	minecraft:redstone_wire	east=side,north=up,power=5,south=up,west=up	885
O	minecraft:redstone_wire	east=side,north=up,power=6,south=none,west=none	886
O	minecraft:redstone_wire	east=side,north=up,power=6,south=none,west=side	886
O	minecraft:redstone_wire	east=side,north=up,power=6,south=none,west=up	886
O	minecraft:redstone_wire	east=side,north=up,power=6,south=side,west=none	886
O	minecraft:redstone_wire	east=side,north=up,power=6,south=side,west=side	886
O	minecraft:redstone_wire	east=side,north=up,power=6,south=side,west=up	886
O	minecraft:redstone_wire	east=side,north=up,power=6,south=up,west=none	886
O	minecraft:redstone_wire	east=side,north=up,power=6,south=up,west=side	886
O	minecraft:redstone_wire	east=side,north=up,power=6,south=up,west=up	886
O	minecraft:redstone_wire	east=side,north=up,power=7,south=none,west=none	887
O	minecraft:redstone_wire	east=side,north=up,power=7,south=none,west=side	887
O	minecraft:redstone_wire	east=side,north=up,power=7,south=none,west=up	887
O	minecraft:redstone_wire	east=side,north=up,power=7,south=side,west=none	887
O	minecraft:redstone_wire	east=side,north=up,power=7,south=side,west=side	887
O	minecraft:redstone_wire	east=side,north=up,power=7,south=side,west=up	887
O	minecraft:redstone_wire	east=side,north=up,power=7,south=up,west=none	887
O	minecraft:redstone_wire	east=side,north=up,power=7,south=up,west=side	887
O	minecraft:redstone_wire	east=side,north=up,power=7,south=up,west=up	887
O	minecraft:redstone_wire	east=side,north=up,power=8,south=none,west=none	888
O	minecraft:redstone_wire	east=side,north=up,power=8,south=none,west=side	888
O	minecraft:redstone_wire	east=side,north=up,power=8,south=none,west=up	888
O	minecraft:redstone_wire	east=side,north=up,power=8,south=side,west=none	888
O	minecraft:redstone_wire	east=side,north=up,power=8,south=side,west=side	888
O	minecraft:redstone_wire	east=side,north=up,power=8,south=side,west=up	888
O	minecraft:redstone_wire	east=side,north=up,power=8,south=up,west=none	888
O	minecraft:redstone_wire	east=side,north=up,power=8,south=up,west=side	888
O	minecraft:redstone_wire	east=side,north=up,power=8,south=up,west=up	888
O	minecraft:redstone_wire	east=side,north=up,power=9,south=none,west=none	889
O	minecraft:redstone_wire	east=side,north=up,power=9,south=none,west=side	889
O	minecraft:redstone_wire	east=side,north=up,power=9,south=none,west=up	889
O	minecraft:redstone_wire	east=side,north=up,power=9,south=side,west=none	889
O	minecraft:redstone_wire	east=side,north=up,power=9,south=side,west=side	889
O	minecraft:redstone_wire	east=side,north=up,power=9,south=side,west=up	889
O	minecraft:redstone_wire	east=side,north=up,power=9,south=up,west=none	889
O	minecraft:redstone_wire	east=side,north=up,power=9,south=up,west=side	889
O	minecraft:redstone_wire	east=side,north=up,power=9,south=up,west=up	889
O	minecraft:redstone_wire	east=up,north=none,power=0,south=none,west=none	880
O	minecraft:redstone_wire	east=up,north=none,power=0,south=none,west=side	880
O	minecraft:redstone_wire	east=up,north=none,power=0,south=none,west=up	880
O	minecraft:redstone_wire	east=up,north=none,power=0,south=side,west=none	880
O	minecraft:redstone_wire	east=up,north=none,power=0,south=side,west=side	880
O	minecraft:redstone_wire	east=up,north=none,power=0,south=side,west=up	880
O	minecraft:redstone_wire	east=up,north=none,power=0,south=up,west=none	880
O	minecraft:redstone_wire	east=up,north=none,power=0,south=up,west=side	880
O	minecraft:redstone_wire	east=up,north=none,power=0,south=up,west=up	880
O	minecraft:redstone_wire	east=up,north=none,power=1,south=none,west=none	881
O	minecraft:redstone_wire	east=up,north=none,power=1,south=none,west=side	881
O	minecraft:redstone_wire	east=up,north=none,power=1,south=none,west=up	881
O	minecraft:redstone_wire	east=up,north=none,power=1,south=side,west=none	881
O	minecraft:redstone_wire	east=up,north=none,power=1,south=side,west=side	881
O	minecraft:redstone_wire	east=up,north=none,power=1,south=side,west=up	881
O	minecraft:redstone_wire	east=up,north=none,power=1,south=up,west=none	881
O	minecraft:redstone_wire	east=up,north=none,power=1,south=up,west=side	881
O	minecraft:redstone_wire	east=up,north=none,power=1,south=up,west=up	881
O	minecraft:redstone_wire	east=up,north=none,power=10,south=none,west=none	890
O	minecraft:redstone_wire	east=up,north=none,power=10,south=none,west=side	890
O	minecraft:redstone_wire	east=up,north=none,power=10,south=none,west=up	890
O	minecraft:redstone_wire	east=up,north=none,power=10,south=side,west=none	890
O	minecraft:redstone_wire	east=up,north=none,power=10,south=side,west=side	890
O	minecraft:redstone_wire	east=up,north=none,power=10,south=side,west=up	890
O	minecraft:redstone_wire	east=up,north=none,power=10,south=up,west=none	890
O	minecraft:redstone_wire	east=up,north=none,power=10,south=up,west=side	890
O	minecraft:redstone_wire	east=up,north=none,power=10,south=up,west=up	890
O	minecraft:redstone_wire	east=up,north=none,power=11,south=none,west=none	891
O	minecraft:redstone_wire	east=up,north=none,power=11,south=none,west=side	891
O	minecraft:redstone_wire	east=up,north=none,power=11,south=none,west=up	891
O	minecraft:redstone_wire	east=up,north=none,power=11,south=side,west=none	891
O	minecraft:redstone_wire	east=up,north=none,power=11,south=side,west=side	891
O	minecraft:redstone_wire	east=up,north=none,power=11,south=side,west=up	891
O	minecraft:redstone_wire	east=up,north=none,power=11,south=up,west=none	891
O	minecraft:redstone_wire	east=up,north=none,power=11,south=up,west=side	891
O	minecraft:redstone_wire	east=up,north=none,power=11,south=up,west=up	891
O	minecraft:redstone_wire	east=up,north=none,power=12,south=none,west=none	892
O	minecraft:redstone_wire	east=up,north=none,power=12,south=none,west=side	892
O	minecraft:redstone_wire	east=up,north=none,power=12,south=none,west=up	892
O	minecraft:redstone_wire	east=up,north=none,power=12,south=side,west=none	892
O	minecraft:redstone_wire	east=up,north=none,power=12,south=side,west=side	892
O	minecraft:redstone_wire	east=up,north=none,power=12,south=side,west=up	892
O	minecraft:redstone_wire	east=up,north=none,power=12,south=up,west=none	892
O	minecraft:redstone_wire	east=up,north=none,power=12,south=up,west=side	892
O	minecraft:redstone_wire	east=up,north=none,power=12,south=up,west=up	892
O	minecraft:redstone_wire	east=up,north=none,power=13,south=none,west=none	893
O	minecraft:redstone_wire	east=up,north=none,power=13,south=none,west=side	893
O	minecraft:redstone_wire	east=up,north=none,power=13,south=none,west=up	893
O	minecraft:redstone_wire	east=up,north=none,power=13,south=side,west=none	893
O	minecraft:redstone_wire	east=up,north=none,power=13,south=side,west=side	893
O	minecraft:redstone_wire	east=up,north=none,power=13,south=side,west=up	893
O	minecraft:redstone_wire	east=up,north=none,power=13,south=up,west=none	893
O	minecraft:redstone_wire	east=up,north=none,power=13,south=up,west=side	893
O	minecraft:redstone_wire	east=up,north=none,power=13,south=up,west=up	893
O	minecraft:redstone_wire	east=up,north=none,power=14,south=none,west=none	894
O	minecraft:redstone_wire	east=up,north=none,power=14,south=none,west=side	894
O	minecraft:redstone_wire	east=up,north=none,power=14,south=none,west=up	894
O	minecraft:redstone_wire	east=up,north=none,power=14,south=side,west=none	894
O	minecraft:redstone_wire	east=up,north=none,power=14,south=side,west=side	894
O	minecraft:redstone_wire	east=up,north=none,power=14,south=side,west=up	894
O	minecraft:redstone_wire	east=up,north=none,power=14,south=up,west=none	894
O	minecraft:redstone_wire	east=up,north=none,power=14,south=up,west=side	894
O	minecraft:redstone_wire	east=up,north=none,power=14,south=up,west=up	894
O	minecraft:redstone_wire	east=up,north=none,power=15,south=none,west=none	895
O	minecraft:redstone_wire	east=up,north=none,power=15,south=none,west=side	895
O	minecraft:redstone_wire	east=up,north=none,power=15,south=none,west=up	895
O	minecraft:redstone_wire	east=up,north=none,power=15,south=side,west=none	895
O	minecraft:redstone_wire	east=up,north=none,power=15,south=side,west=side	895
O	minecraft:redstone_wire	east=up,north=none,power=15,south=side,west=up	895
O	minecraft:redstone_wire	east=up,north=none,power=15,south=up,west=none	895
O	minecraft:redstone_wire	east=up,north=none,power=15,south=up,west=side	895
O	minecraft:redstone_wire	east=up,north=none,power=15,south=up,west=up	895
O	minecraft:redstone_wire	east=up,north=none,power=2,south=none,west=none	882
O	minecraft:redstone_wire	east=up,north=none,power=2,south=none,west=side	882
O	minecraft:redstone_wire	east=up,north=none,power=2,south=none,west=up	882
O	minecraft:redstone_wire	east=up,north=none,power=2,south=side,west=none	882
O	minecraft:redstone_wire	east=up,north=none,power=2,south=side,west=side	882
O	minecraft:redstone_wire	east=up,north=none,power=2,south=side,west=up	882
O	minecraft:redstone_wire	east=up,north=none,power=2,south=up,west=none	882
O	minecraft:redstone_wire	east=up,north=none,power=2,south=up,west=side	882
O	minecraft:redstone_wire	east=up,north=none,power=2,south=up,west=up	882
O	minecraft:redstone_wire	east=up,north=none,power=3,south=none,west=none	883
O	minecraft:redstone_wire	east=up,north=none,power=3,south=none,west=side	883
O	minecraft:redstone_wire	east=up,north=none,power=3,south=none,west=up	883
O	minecraft:redstone_wire	east=up,north=none,power=3,south=side,west=none	883
O	minecraft:redstone_wire	east=up,north=none,power=3,south=side,west=side	883
O	minecraft:redstone_wire	east=up,north=none,power=3,south=side,west=up	883
O	minecraft:redstone_wire	east=up,north=none,power=3,south=up,west=none	883
O	minecraft:redstone_wire	east=up,north=none,power=3,south=up,west=side	883
O	minecraft:redstone_wire	east=up,north=none,power=3,south=up,west=up	883
O	minecraft:redstone_wire	east=up,north=none,power=4,south=none,west=none	884
O	minecraft:redstone_wire	east=up,north=none,power=4,south=none,west=side	884
O	minecraft:redstone_wire	east=up,north=none,power=4,south=none,west=up	884
O	minecraft:redstone_wire	east=up,north=none,power=4,south=side,west=none	884
O	minecraft:redstone_wire	east=up,north=none,power=4,south=side,west=side	884
O	minecraft:redstone_wire	east=up,north=none,power=4,south=side,west=up	884
O	minecraft:redstone_wire	east=up,north=none,power=4,south=up,west=none	884
O	minecraft:redstone_wire	east=up,north=none,power=4,south=up,west=side	884
O	minecraft:redstone_wire	east=up,north=none,power=4,south=up,west=up	884
O	minecraft:redstone_wire	east=up,north=none,power=5,south=none,west=none	885
O	minecraft:redstone_wire	east=up,north=none,power=5,south=none,west=side	885
O	minecraft:redstone_wire	east=up,north=none,power=5,south=none,west=up	885
O	minecraft:redstone_wire	east=up,north=none,power=5,south=side,west=none	885
O	minecraft:redstone_wire	east=up,north=none,power=5,south=side,west=side	885
O	minecraft:redstone_wire	east=up,north=none,power=5,south=side,west=up	885
O	minecraft:redstone_wire	east=up,north=none,power=5,south=up,west=none	885
O	minecraft:redstone_wire	east=up,north=none,power=5,south=up,west=side	885
O	minecraft:redstone_wire	east=up,north=none,power=5,south=up,west=up	885
O	minecraft:redstone_wire	east=up,north=none,power=6,south=none,west=none	886
O	minecraft:redstone_wire	east=up,north=none,power=6,south=none,west=side	886
O	minecraft:redstone_wire	east=up,north=none,power=6,south=none,west=up	886
O	minecraft:redstone_wire	east=up,north=none,power=6,south=side,west=none	886
O	minecraft:redstone_wire	east=up,north=none,power=6,south=side,west=side	886
O	minecraft:redstone_wire	east=up,north=none,power=6,south=side,west=up	886
O	minecraft:redstone_wire	east=up,north=none,power=6,south=up,west=none	886
O	minecraft:redstone_wire	east=up,north=none,power=6,south=up,west=side	886
O	minecraft:redstone_wire	east=up,north=none,power=6,south=up,west=up	886
O	minecraft:redstone_wire	east=up,north=none,power=7,south=none,west=none	887
O	minecraft:redstone_wire	east=up,north=none,power=7,south=none,west=side	887
O	minecraft:redstone_wire	east=up,north=none,power=7,south=none,west=up	887
O	minecraft:redstone_wire	east=up,north=none,power=7,south=side,west=none	887
O	minecraft:redstone_wire	east=up,north=none,power=7,south=side,west=side	887
O	minecraft:redstone_wire	east=up,north=none,power=7,south=side,west=up	887
O	minecraft:redstone_wire	east=up,north=none,power=7,south=up,west=none	887
O	minecraft:redstone_wire	east=up,north=none,power=7,south=up,west=side	887
O	minecraft:redstone_wire	east=up,north=none,power=7,south=up,west=up	887
O	minecraft:redstone_wire	east=up,north=none,power=8,south=none,west=none	888
O	minecraft:redstone_wire	east=up,north=none,power=8,south=none,west=side	888
O	minecraft:redstone_wire	east=up,north=none,power=8,south=none,west=up	888
O	minecraft:redstone_wire	east=up,north=none,power=8,south=side,west=none	888
O	minecraft:redstone_wire	east=up,north=none,power=8,south=side,west=side	888
O	minecraft:redstone_wire	east=up,north=none,power=8,south=side,west=up	888
O	minecraft:redstone_wire	east=up,north=none,power=8,south=up,west=none	888
O	minecraft:redstone_wire	east=up,north=none,power=8,south=up,west=side	888
O	minecraft:redstone_wire	east=up,north=none,power=8,south=up,west=up	888
O	minecraft:redstone_wire	east=up,north=none,power=9,south=none,west=none	889
O	minecraft:redstone_wire	east=up,north=none,power=9,south=none,west=side	889
O	minecraft:redstone_wire	east=up,north=none,power=9,south=none,west=up	889
O	minecraft:redstone_wire	east=up,north=none,power=9,south=side,west=none	889
O	minecraft:redstone_wire	east=up,north=none,power=9,south=side,west=side	889
O	minecraft:redstone_wire	east=up,north=none,power=9,south=side,west=up	889
O	minecraft:redstone_wire	east=up,north=none,power=9,south=up,west=none	889
O	minecraft:redstone_wire	east=up,north=none,power=9,south=up,west=side	889
O	minecraft:redstone_wire	east=up,north=none,power=9,south=up,west=up	889
O	minecraft:redstone_wire	east=up,north=side,power=0,south=none,west=none	880
O	minecraft:redstone_wire	east=up,north=side,power=0,south=none,west=side	880
O	minecraft:redstone_wire	east=up,north=side,power=0,south=none,west=up	880
O	minecraft:redstone_wire	east=up,north=side,power=0,south=side,west=none	880
O	minecraft:redstone_wire	east=up,north=side,power=0,south=side,west=side	880
O	minecraft:redstone_wire	east=up,north=side,power=0,south=side,west=up	880
O	minecraft:redstone_wire	east=up,north=side,power=0,south=up,west=none	880
O	minecraft:redstone_wire	east=up,north=side,power=0,south=up,west=side	880
O	minecraft:redstone_wire	east=up,north=side,power=0,south=up,west=up	880
O	minecraft:redstone_wire	east=up,north=side,power=1,south=none,west=none	881
O	minecraft:redstone_wire	east=up,north=side,power=1,south=none,west=side	881
O	minecraft:redstone_wire	east=up,north=side,power=1,south=none,west=up	881
O	minecraft:redstone_wire	east=up,north=side,power=1,south=side,west=none	881
O	minecraft:redstone_wire	east=up,north=side,power=1,south=side,west=side	881
O	minecraft:redstone_wire	east=up,north=side,power=1,south=side,west=up	881
O	minecraft:redstone_wire	east=up,north=side,power=1,south=up,west=none	881
O	minecraft:redstone_wire	east=up,north=side,power=1,south=up,west=side	881
O	minecraft:redstone_wire	east=up,north=side,power=1,south=up,west=up	881
O	minecraft:redstone_wire	east=up,north=side,power=10,south=none,west=none	890
O	minecraft:redstone_wire	east=up,north=side,power=10,south=none,west=side	890
O	minecraft:redstone_wire	east=up,north=side,power=10,south=none,west=up	890
O	minecraft:redstone_wire	east=up,north=side,power=10,south=side,west=none	890
O	minecraft:redstone_wire	east=up,north=side,power=10,south=side,west=side	890
O	minecraft:redstone_wire	east=up,north=side,power=10,south=side,west=up	890
O	minecraft:redstone_wire	east=up,north=side,power=10,south=up,west=none	890
O	minecraft:redstone_wire	east=up,north=side,power=10,south=up,west=side	890
O	minecraft:redstone_wire	east=up,north=side,power=10,south=up,west=up	890
O	minecraft:redstone_wire	east=up,north=side,power=11,south=none,west=none	891
O	minecraft:redstone_wire	east=up,north=side,power=11,south=none,west=side	891
O	minecraft:redstone_wire	east=up,north=side,power=11,south=none,west=up	891
O	minecraft:redstone_wire	east=up,north=side,power=11,south=side,west=none	891
O	minecraft:redstone_wire	east=up,north=side,power=11,south=side,west=side	891
O	minecraft:redstone_wire	east=up,north=side,power=11,south=side,west=up	891
O	minecraft:redstone_wire	east=up,north=side,power=11,south=up,west=none	891
O	minecraft:redstone_wire	east=up,north=side,power=11,south=up,west=side	891
O	minecraft:redstone_wire	east=up,north=side,power=11,south=up,west=up	891
O	minecraft:redstone_wire	east=up,north=side,power=12,south=none,west=none	892
O	minecraft:redstone_wire	east=up,north=side,power=12,south=none,west=side	892
O	minecraft:redstone_wire	east=up,north=side,power=12,south=none,west=up	892
O	minecraft:redstone_wire	east=up,north=side,power=12,south=side,west=none	892
O	minecraft:redstone_wire	east=up,north=side,power=12,south=side,west=side	892
O	minecraft:redstone_wire	east=up,north=side,power=12,south=side,west=up	892
O	minecraft:redstone_wire	east=up,north=side,power=12,south=up,west=none	892
O	minecraft:redstone_wire	east=up,north=side,power=12,south=up,west=side	892
O	minecraft:redstone_wire	east=up,north=side,power=12,south=up,west=up	892
O	minecraft:redstone_wire	east=up,north=side,power=13,south=none,west=none	893
O	minecraft:redstone_wire	east=up,north=side,power=13,south=none,west=side	893
O	minecraft:redstone_wire	east=up,north=side,power=13,south=none,west=up	893
O	minecraft:redstone_wire	east=up,north=side,power=13,south=side,west=none	893
O	minecraft:redstone_wire	east=up,north=side,power=13,south=side,west=side	893
O	minecraft:redstone_wire	east=up,north=side,power=13,south=side,west=up	893
O	minecraft:redstone_wire	east=up,north=side,power=13,south=up,west=none	893
O	minecraft:redstone_wire	east=up,north=side,power=13,south=up,west=side	893
O	minecraft:redstone_wire	east=up,north=side,power=13,south=up,west=up	893
O	minecraft:redstone_wire	east=up,north=side,power=14,south=none,west=none	894
O	minecraft:redstone_wire	east=up,north=side,power=14,south=none,west=side	894
O	minecraft:redstone_wire	east=up,north=side,power=14,south=none,west=up	894
O	minecraft:redstone_wire	east=up,north=side,power=14,south=side,west=none	894
O	minecraft:redstone_wire	east=up,north=side,power=14,south=side,west=side	894
O	minecraft:redstone_wire	east=up,north=side,power=14,south=side,west=up	894
O	minecraft:redstone_wire	east=up,north=side,power=14,south=up,west=none	894
O	minecraft:redstone_wire	east=up,north=side,power=14,south=up,west=side	894
O	minecraft:redstone_wire	east=up,north=side,power=14,south=up,west=up	894
O	minecraft:redstone_wire	east=up,north=side,power=15,south=none,west=none	895
O	minecraft:redstone_wire	east=up,north=side,power=15,south=none,west=side	895
O	minecraft:redstone_wire	east=up,north=side,power=15,south=none,west=up	895
O	minecraft:redstone_wire	east=up,north=side,power=15,south=side,west=none	895
O	minecraft:redstone_wire	east=up,north=side,power=15,south=side,west=side	895
O	minecraft:redstone_wire	east=up,north=side,power=15,south=side,west=up	895
O	minecraft:redstone_wire	east=up,north=side,power=15,south=up,west=none	895
O	minecraft:redstone_wire	east=up,north=side,power=15,south=up,west=side	895
O	minecraft:redstone_wire	east=up,north=side,power=15,south=up,west=up	895
O	minecraft:redstone_wire	east=up,north=side,power=2,south=none,west=none	882
O	minecraft:redstone_wire	east=up,north=side,power=2,south=none,west=side	882
O	minecraft:redstone_wire	east=up,north=side,power=2,south=none,west=up	882
O	minecraft:redstone_wire	east=up,north=side,power=2,south=side,west=none	882
O	minecraft:redstone_wire	east=up,north=side,power=2,south=side,west=side	882
O	minecraft:redstone_wire	east=up,north=side,power=2,south=side,west=up	882
O	minecraft:redstone_wire	east=up,north=side,power=2,south=up,west=none	882
O	minecraft:redstone_wire	east=up,north=side,power=2,south=up,west=side	882
O	minecraft:redstone_wire	east=up,north=side,power=2,south=up,west=up	882
O	minecraft:redstone_wire	east=up,north=side,power=3,south=none,west=none	883
O	minecraft:redstone_wire	east=up,north=side,power=3,south=none,west=side	883
O	minecraft:redstone_wire	east=up,north=side,power=3,south=none,west=up	883
O	minecraft:redstone_wire	east=up,north=side,power=3,south=side,west=none	883
O	minecraft:redstone_wire	east=up,north=side,power=3,south=side,west=side	883
O	minecraft:redstone_wire	east=up,north=side,power=3,south=side,west=up	883
O	minecraft:redstone_wire	east=up,north=side,power=3,south=up,west=none	883
O	minecraft:redstone_wire	east=up,north=side,power=3,south=up,west=side	883
O	minecraft:redstone_wire	east=up,north=side,power=3,south=up,west=up	883
O	minecraft:redstone_wire	east=up,north=side,power=4,south=none,west=none	884
O	minecraft:redstone_wire	east=up,north=side,power=4,south=none,west=side	884
O	minecraft:redstone_wire	east=up,north=side,power=4,south=none,west=up	884
O	minecraft:redstone_wire	east=up,north=side,power=4,south=side,west=none	884
O	minecraft:redstone_wire	east=up,north=side,power=4,south=side,west=side	884
O	minecraft:redstone_wire	east=up,north=side,power=4,south=side,west=up	884
O	minecraft:redstone_wire	east=up,north=side,power=4,south=up,west=none	884
O	minecraft:redstone_wire	east=up,north=side,power=4,south=up,west=side	884
O	minecraft:redstone_wire	east=up,north=side,power=4,south=up,west=up	884
O	minecraft:redstone_wire	east=up,north=side,power=5,south=none,west=none	885
O	minecraft:redstone_wire	east=up,north=side,power=5,south=none,west=side	885
O	minecraft:redstone_wire	east=up,north=side,power=5,south=none,west=up	885
O	minecraft:redstone_wire	east=up,north=side,power=5,south=side,west=none	885
O	minecraft:redstone_wire	east=up,north=side,power=5,south=side,west=side	885
O	minecraft:redstone_wire	east=up,north=side,power=5,south=side,west=up	885
O	minecraft:redstone_wire	east=up,north=side,power=5,south=up,west=none	885
O	minecraft:redstone_wire	east=up,north=side,power=5,south=up,west=side	885
O	minecraft:redstone_wire	east=up,north=side,power=5,south=up,west=up	885
O	minecraft:redstone_wire	east=up,north=side,power=6,south=none,west=none	886
O	minecraft:redstone_wire	east=up,north=side,power=6,south=none,west=side	886
O	minecraft:redstone_wire	east=up,north=side,power=6,south=none,west=up	886
O	minecraft:redstone_wire	east=up,north=side,power=6,south=side,west=none	886
O	minecraft:redstone_wire	east=up,north=side,power=6,south=side,west=side	886
O	minecraft:redstone_wire	east=up,north=side,power=6,south=side,west=up	886
O	minecraft:redstone_wire	east=up,north=side,power=6,south=up,west=none	886
O	minecraft:redstone_wire	east=up,north=side,power=6,south=up,west=side	886
O	minecraft:redstone_wire	east=up,north=side,power=6,south=up,west=up	886
O	minecraft:redstone_wire	east=up,north=side,power=7,south=none,west=none	887
O	minecraft:redstone_wire	east=up,north=side,power=7,south=none,west=side	887
O	minecraft:redstone_wire	east=up,north=side,power=7,south=none,west=up	887
O	minecraft:redstone_wire	east=up,north=side,power=7,south=side,west=none	887
O	minecraft:redstone_wire	east=up,north=side,power=7,south=side,west=side	887
O	minecraft:redstone_wire	east=up,north=side,power=7,south=side,west=up	887
O	minecraft:redstone_wire	east=up,north=side,power=7,south=up,west=none	887
O	minecraft:redstone_wire	east=up,north=side,power=7,south=up,west=side	887
O	minecraft:redstone_wire	east=up,north=side,power=7,south=up,west=up	887
O	minecraft:redstone_wire	east=up,north=side,power=8,south=none,west=none	888
O	minecraft:redstone_wire	east=up,north=side,power=8,south=none,west=side	888
O	minecraft:redstone_wire	east=up,north=side,power=8,south=none,west=up	888
O	minecraft:redstone_wire	east=up,north=side,power=8,south=side,west=none	888
O	minecraft:redstone_wire	east=up,north=side,power=8,south=side,west=side	888
O	minecraft:redstone_wire	east=up,north=side,power=8,south=side,west=up	888
O	minecraft:redstone_wire	east=up,north=side,power=8,south=up,west=none	888
O	minecraft:redstone_wire	east=up,north=side,power=8,south=up,west=side	888
O	minecraft:redstone_wire	east=up,north=side,power=8,south=up,west=up	888
O	minecraft:redstone_wire	east=up,north=side,power=9,south=none,west=none	889
O	minecraft:redstone_wire	east=up,north=side,power=9,south=none,west=side	889
O	minecraft:redstone_wire	east=up,north=side,power=9,south=none,west=up	889
O	minecraft:redstone_wire	east=up,north=side,power=9,south=side,west=none	889
O	minecraft:redstone_wire	east=up,north=side,power=9,south=side,west=side	889
O	minecraft:redstone_wire	east=up,north=side,power=9,south=side,west=up	889
O	minecraft:redstone_wire	east=up,north=side,power=9,south=up,west=none	889
O	minecraft:redstone_wire	east=up,north=side,power=9,south=up,west=side	889
O	minecraft:redstone_wire	east=up,north=side,power=9,south=up,west=up	889
O	minecraft:redstone_wire	east=up,north=up,power=0,south=none,west=none	880
O	minecraft:redstone_wire	east=up,north=up,power=0,south=none,west=side	880
O	minecraft:redstone_wire	east=up,north=up,power=0,south=none,west=up	880
O	minecraft:redstone_wire	east=up,north=up,power=0,south=side,west=none	880
O	minecraft:redstone_wire	east=up,north=up,power=0,south=side,west=side	880
O	minecraft:redstone_wire	east=up,north=up,power=0,south=side,west=up	880
O	minecraft:redstone_wire	east=up,north=up,power=0,south=up,west=none	880
O	minecraft:redstone_wire	east=up,north=up,power=0,south=up,west=side	880
O	minecraft:redstone_wire	east=up,north=up,power=0,south=up,west=up	880
O	minecraft:redstone_wire	east=up,north=up,power=1,south=none,west=none	881
O	minecraft:redstone_wire	east=up,north=up,power=1,south=none,west=side	881
O	minecraft:redstone_wire	east=up,north=up,power=1,south=none,west=up	881
O	minecraft:redstone_wire	east=up,north=up,power=1,south=side,west=none	881
O	minecraft:redstone_wire	east=up,north=up,power=1,south=side,west=side	881
O	minecraft:redstone_wire	east=up,north=up,power=1,south=side,west=up	881
O	minecraft:redstone_wire	east=up,north=up,power=1,south=up,west=none	881
O	minecraft:redstone_wire	east=up,north=up,power=1,south=up,west=side	881
O	minecraft:redstone_wire	east=up,north=up,power=1,south=up,west=up	881
O	minecraft:redstone_wire	east=up,north=up,power=10,south=none,west=none	890
O	minecraft:redstone_wire	east=up,north=up,power=10,south=none,west=side	890
O	minecraft:redstone_wire	east=up,north=up,power=10,south=none,west=up	890
O	minecraft:redstone_wire	east=up,north=up,power=10,south=side,west=none	890
O	minecraft:redstone_wire	east=up,north=up,power=10,south=side,west=side	890
O	minecraft:redstone_wire	east=up,north=up,power=10,south=side,west=up	890
O	minecraft:redstone_wire	east=up,north=up,power=10,south=up,west=none	890
O	minecraft:redstone_wire	east=up,north=up,power=10,south=up,west=side	890
O	minecraft:redstone_wire	east=up,north=up,power=10,south=up,west=up	890
O	minecraft:redstone_wire	east=up,north=up,power=11,south=none,west=none	891
O	minecraft:redstone_wire	east=up,north=up,power=11,south=none,west=side	891
O	minecraft:redstone_wire	east=up,north=up,power=11,south=none,west=up	891
O	minecraft:redstone_wire	east=up,north=up,power=11,south=side,west=none	891
O	minecraft:redstone_wire	east=up,north=up,power=11,south=side,west=side	891
O	minecraft:redstone_wire	east=up,north=up,power=11,south=side,west=up	891
O	minecraft:redstone_wire	east=up,north=up,power=11,south=up,west=none	891
O	minecraft:redstone_wire	east=up,north=up,power=11,south=up,west=side	891
O	minecraft:redstone_wire	east=up,north=up,power=11,south=up,west=up	891
O	minecraft:redstone_wire	east=up,north=up,power=12,south=none,west=none	892
O	minecraft:redstone_wire	east=up,north=up,power=12,south=none,west=side	892
O	minecraft:redstone_wire	east=up,north=up,power=12,south=none,west=up	892
O	minecraft:redstone_wire	east=up,north=up,power=12,south=side,west=none	892
O	minecraft:redstone_wire	east=up,north=up,power=12,south=side,west=side	892
O	minecraft:redstone_wire	east=up,north=up,power=12,south=side,west=up	892
O	minecraft:redstone_wire	east=up,north=up,power=12,south=up,west=none	892
O	minecraft:redstone_wire	east=up,north=up,power=12,south=up,west=side	892
O	minecraft:redstone_wire	east=up,north=up,power=12,south=up,west=up	892
O	minecraft:redstone_wire	east=up,north=up,power=13,south=none,west=none	893
O	minecraft:redstone_wire	east=up,north=up,power=13,south=none,west=side	893
O	minecraft:redstone_wire	east=up,north=up,power=13,south=none,west=up	893
O	minecraft:redstone_wire	east=up,north=up,power=13,south=side,west=none	893
O	minecraft:redstone_wire	east=up,north=up,power=13,south=side,west=side	893
O	minecraft:redstone_wire	east=up,north=up,power=13,south=side,west=up	893
O	minecraft:redstone_wire	east=up,north=up,power=13,south=up,west=none	893
O	minecraft:redstone_wire	east=up,north=up,power=13,south=up,west=side	893
O	minecraft:redstone_wire	east=up,north=up,power=13,south=up,west=up	893
O	minecraft:redstone_wire	east=up,north=up,power=14,south=none,west=none	894
O	minecraft:redstone_wire	east=up,north=up,power=14,south=none,west=side	894
O	minecraft:redstone_wire	east=up,north=up,power=14,south=none,west=up	894
O	minecraft:redstone_wire	east=up,north=up,power=14,south=side,west=none	894
O	minecraft:redstone_wire	east=up,north=up,power=14,south=side,west=side	894
O	minecraft:redstone_wire	east=up,north=up,power=14,south=side,west=up	894
O	minecraft:redstone_wire	east=up,north=up,power=14,south=up,west=none	894
O	minecraft:redstone_wire	east=up,north=up,power=14,south=up,west=side	894
O	minecraft:redstone_wire	east=up,north=up,power=14,south=up,west=up	894
O	minecraft:redstone_wire	east=up,north=up,power=15,south=none,west=none	895
O	minecraft:redstone_wire	east=up,north=up,power=15,south=none,west=side	895
O	minecraft:redstone_wire	east=up,north=up,power=15,south=none,west=up	895
O	minecraft:redstone_wire	east=up,north=up,power=15,south=side,west=none	895
O	minecraft:redstone_wire	east=up,north=up,power=15,south=side,west=side	895
O	minecraft:redstone_wire	east=up,north=up,power=15,south=side,west=up	895
O	minecraft:redstone_wire	east=up,north=up,power=15,south=up,west=none	895
O	minecraft:redstone_wire	east=up,north=up,power=15,south=up,west=side	895
O	minecraft:redstone_wire	east=up,north=up,power=15,south=up,west=up	895
O	minecraft:redstone_wire	east=up,north=up,power=2,south=none,west=none	882
O	minecraft:redstone_wire	east=up,north=up,power=2,south=none,west=side	882
O	minecraft:redstone_wire	east=up,north=up,power=2,south=none,west=up	882
O	minecraft:redstone_wire	east=up,north=up,power=2,south=side,west=none	882
O	minecraft:redstone_wire	east=up,north=up,power=2,south=side,west=side	882
O	minecraft:redstone_wire	east=up,north=up,power=2,south=side,west=up	882
O	minecraft:redstone_wire	east=up,north=up,power=2,south=up,west=none	882
O	minecraft:redstone_wire	east=up,north=up,power=2,south=up,west=side	882
O	minecraft:redstone_wire	east=up,north=up,power=2,south=up,west=up	882
O	minecraft:redstone_wire	east=up,north=up,power=3,south=none,west=none	883
O	minecraft:redstone_wire	east=up,north=up,power=3,south=none,west=side	883
O	minecraft:redstone_wire	east=up,north=up,power=3,south=none,west=up	883
O	minecraft:redstone_wire	east=up,north=up,power=3,south=side,west=none	883
O	minecraft:redstone_wire	east=up,north=up,power=3,south=side,west=side	883
O	minecraft:redstone_wire	east=up,north=up,power=3,south=side,west=up	883
O	minecraft:redstone_wire	east=up,north=up,power=3,south=up,west=none	883
O	minecraft:redstone_wire	east=up,north=up,power=3,south=up,west=side	883
O	minecraft:redstone_wire	east=up,north=up,power=3,south=up,west=up	883
O	minecraft:redstone_wire	east=up,north=up,power=4,south=none,west=none	884
O	minecraft:redstone_wire	east=up,north=up,power=4,south=none,west=side	884
O	minecraft:redstone_wire	east=up,north=up,power=4,south=none,west=up	884
O	minecraft:redstone_wire	east=up,north=up,power=4,south=side,west=none	884
O	minecraft:redstone_wire	east=up,north=up,power=4,south=side,west=side	884
O	minecraft:redstone_wire	east=up,north=up,power=4,south=side,west=up	884
O	minecraft:redstone_wire	east=up,north=up,power=4,south=up,west=none	884
O	minecraft:redstone_wire	east=up,north=up,power=4,south=up,west=side	884
O	minecraft:redstone_wire	east=up,north=up,power=4,south=up,west=up	884
O	minecraft:redstone_wire	east=up,north=up,power=5,south=none,west=none	885
O	minecraft:redstone_wire	east=up,north=up,power=5,south=none,west=side	885
O	minecraft:redstone_wire	east=up,north=up,power=5,south=none,west=up	885
O	minecraft:redstone_wire	east=up,north=up,power=5,south=side,west=none	885
O	minecraft:redstone_wire	east=up,north=up,power=5,south=side,west=side	885
O	minecraft:redstone_wire	east=up,north=up,power=5,south=side,west=up	885
O	minecraft:redstone_wire	east=up,north=up,power=5,south=up,west=none	885
O	minecraft:redstone_wire	east=up,north=up,power=5,south=up,west=side	885
O	minecraft:redstone_wire	east=up,north=up,power=5,south=up,west=up	885
O	minecraft:redstone_wire	east=up,north=up,power=6,south=none,west=none	886
O	minecraft:redstone_wire	east=up,north=up,power=6,south=none,west=side	886
O	minecraft:redstone_wire	east=up,north=up,power=6,south=none,west=up	886
O	minecraft:redstone_wire	east=up,north=up,power=6,south=side,west=none	886
O	minecraft:redstone_wire	east=up,north=up,power=6,south=side,west=side	886
O	minecraft:redstone_wire	east=up,north=up,power=6,south=side,west=up	886
O	minecraft:redstone_wire	east=up,north=up,power=6,south=up,west=none	886
O	minecraft:redstone_wire	east=up,north=up,power=6,south=up,west=side	886
O	minecraft:redstone_wire	east=up,north=up,power=6,south=up,west=up	886
O	minecraft:redstone_wire	east=up,north=up,power=7,south=none,west=none	887
O	minecraft:redstone_wire	east=up,north=up,power=7,south=none,west=side	887
O	minecraft:redstone_wire	east=up,north=up,power=7,south=none,west=up	887
O	minecraft:redstone_wire	east=up,north=up,power=7,south=side,west=none	887
O	minecraft:redstone_wire	east=up,north=up,power=7,south=side,west=side	887
O	minecraft:redstone_wire	east=up,north=up,power=7,south=side,west=up	887
O	minecraft:redstone_wire	east=up,north=up,power=7,south=up,west=none	887
O	minecraft:redstone_wire	east=up,north=up,power=7,south=up,west=side	887
O	minecraft:redstone_wire	east=up,north=up,power=7,south=up,west=up	887
O	minecraft:redstone_wire	east=up,north=up,power=8,south=none,west=none	888
O	minecraft:redstone_wire	east=up,north=up,power=8,south=none,west=side	888
O	minecraft:redstone_wire	east=up,north=up,power=8,south=none,west=up	888
O	minecraft:redstone_wire	east=up,north=up,power=8,south=side,west=none	888
O	minecraft:redstone_wire	east=up,north=up,power=8,south=side,west=side	888
O	minecraft:redstone_wire	east=up,north=up,power=8,south=side,west=up	888
O	minecraft:redstone_wire	east=up,north=up,power=8,south=up,west=none	888
O	minecraft:redstone_wire	east=up,north=up,power=8,south=up,west=side	888
O	minecraft:redstone_wire	east=up,north=up,power=8,south=up,west=up	888
O	minecraft:redstone_wire	east=up,north=up,power=9,south=none,west=none	889
O	minecraft:redstone_wire	east=up,north=up,power=9,south=none,west=side	889
O	minecraft:redstone_wire	east=up,north=up,power=9,south=none,west=up	889
O	minecraft:redstone_wire	east=up,north=up,power=9,south=side,west=none	889
O	minecraft:redstone_wire	east=up,north=up,power=9,south=side,west=side	889
O	minecraft:redstone_wire	east=up,north=up,power=9,south=side,west=up	889
O	minecraft:redstone_wire	east=up,north=up,power=9,south=up,west=none	889
O	minecraft:redstone_wire	east=up,north=up,power=9,south=up,west=side	889
O	minecraft:redstone_wire	east=up,north=up,power=9,south=up,west=up	889
O	minecraft:reeds	age=0	1328
O	minecraft:reeds	age=1	1329
O	minecraft:reeds	age=10	1338
O	minecraft:reeds	age=11	1339
O	minecraft:reeds	age=12	1340
O	minecraft:reeds	age=13	1341
O	minecraft:reeds	age=14	1342
O	minecraft:reeds	age=15	1343
O	minecraft:reeds	age=2	1330
O	minecraft:reeds	age=3	1331
O	minecraft:reeds	age=4	1332
O	minecraft:reeds	age=5	1333
O	minecraft:reeds	age=6	1334
O	minecraft:reeds	age=7	1335
O	minecraft:reeds	age=8	1336
O	minecraft:reeds	age=9	1337
O	minecraft:repeating_command_block	conditional=false,facing=down	3360
O	minecraft:repeating_command_block	conditional=false,facing=east	3365
O	minecraft:repeating_command_block	conditional=false,facing=north	3362
O	minecraft:repeating_command_block	conditional=false,facing=south	3363
O	minecraft:repeating_command_block	conditional=false,facing=up	3361
O	minecraft:repeating_command_block	conditional=false,facing=west	3364
O	minecraft:repeating_command_block	conditional=true,facing=down	3368
O	minecraft:repeating_command_block	conditional=true,facing=east	3373
O	minecraft:repeating_command_block	conditional=true,facing=north	3370
O	minecraft:repeating_command_block	conditional=true,facing=south	3371
O	minecraft:repeating_command_block	conditional=true,facing=up	3369
O	minecraft:repeating_command_block	conditional=true,facing=west	3372
O	minecraft:sand	variant=red_sand	193
O	minecraft:sand	variant=sand	192
O	minecraft:sandstone	type=chiseled_sandstone	385
O	minecraft:sandstone	type=sandstone	384
O	minecraft:sandstone	type=smooth_sandstone	386
O	minecraft:sandstone_stairs	facing=east,half=bottom,shape=inner_left	2048
O	minecraft:sandstone_stairs	facing=east,half=bottom,shape=inner_right	2048
O	minecraft:sandstone_stairs	facing=east,half=bottom,shape=outer_left	2048
O	minecraft:sandstone_stairs	facing=east,half=bottom,shape=outer_right	2048
O	minecraft:sandstone_stairs	facing=east,half=bottom,shape=straight	2048
O	minecraft:sandstone_stairs	facing=east,half=top,shape=inner_left	2052
O	minecraft:sandstone_stairs	facing=east,half=top,shape=inner_right	2052
O	minecraft:sandstone_stairs	facing=east,half=top,shape=outer_left	2052
O	minecraft:sandstone_stairs	facing=east,half=top,shape=outer_right	2052
O	minecraft:sandstone_stairs	facing=east,half=top,shape=straight	2052
O	minecraft:sandstone_stairs	facing=north,half=bottom,shape=inner_left	2051
O	minecraft:sandstone_stairs	facing=north,half=bottom,shape=inner_right	2051
O	minecraft:sandstone_stairs	facing=north,half=bottom,shape=outer_left	2051
O	minecraft:sandstone_stairs	facing=north,half=bottom,shape=outer_right	2051
O	minecraft:sandstone_stairs	facing=north,half=bottom,shape=straight	2051
O	minecraft:sandstone_stairs	facing=north,half=top,shape=inner_left	2055
O	minecraft:sandstone_stairs	facing=north,half=top,shape=inner_right	2055
O	minecraft:sandstone_stairs	facing=north,half=top,shape=outer_left	2055
O	minecraft:sandstone_stairs	facing=north,half=top,shape=outer_right	2055
O	minecraft:sandstone_stairs	facing=north,half=top,shape=straight	2055
O	minecraft:sandstone_stairs	facing=south,half=bottom,shape=inner_left	2050
O	minecraft:sandstone_stairs	facing=south,half=bottom,shape=inner_right	2050
O	minecraft:sandstone_stairs	facing=south,half=bottom,shape=outer_left	2050
O	minecraft:sandstone_stairs	facing=south,half=bottom,shape=outer_right	2050
O	minecraft:sandstone_stairs	facing=south,half=bottom,shape=straight	2050
O	minecraft:sandstone_stairs	facing=south,half=top,shape=inner_left	2054
O	minecraft:sandstone_stairs	facing=south,half=top,shape=inner_right	2054
O	minecraft:sandstone_stairs	facing=south,half=top,shape=outer_left	2054
O	minecraft:sandstone_stairs	facing=south,half=top,shape=outer_right	2054
O	minecraft:sandstone_stairs	facing=south,half=top,shape=straight	2054
O	minecraft:sandstone_stairs	facing=west,half=bottom,shape=inner_left	2049
O	minecraft:sandstone_stairs	facing=west,half=bottom,shape=inner_right	2049
O	minecraft:sandstone_stairs	facing=west,half=bottom,shape=outer_left	2049
O	minecraft:sandstone_stairs	facing=west,half=bottom,shape=outer_right	2049
O	minecraft:sandstone_stairs	facing=west,half=bottom,shape=straight	2049
O	minecraft:sandstone_stairs	facing=west,half=top,shape=inner_left	2053
O	minecraft:sandstone_stairs	facing=west,half=top,shape=inner_right	2053
O	minecraft:sandstone_stairs	facing=west,half=top,shape=outer_left	2053
O	minecraft:sandstone_stairs	facing=west,half=top,shape=outer_right	2053
O	minecraft:sandstone_stairs	facing=west,half=top,shape=straight	2053
O	minecraft:sapling	stage=0,type=acacia	100
O	minecraft:sapling	stage=0,type=birch	98
O	minecraft:sapling	stage=0,type=dark_oak	101
O	minecraft:sapling	stage=0,type=jungle	99
O	minecraft:sapling	stage=0,type=oak	96
O	minecraft:sapling	stage=0,type=spruce	97
O	minecraft:sapling	stage=1,type=acacia	108
O	minecraft:sapling	stage=1,type=birch	106
O	minecraft:sapling	stage=1,type=dark_oak	109
O	minecraft:sapling	stage=1,type=jungle	107
O	minecraft:sapling	stage=1,type=oak	104
O	minecraft:sapling	stage=1,type=spruce	105
O	minecraft:sea_lantern		2704
O	minecraft:silver_glazed_terracotta	facing=east	3891
O	minecraft:silver_glazed_terracotta	facing=north	3890
O	minecraft:silver_glazed_terracotta	facing=south	3888
O	minecraft:silver_glazed_terracotta	facing=west	3889
O	minecraft:silver_shulker_box	facing=down	3632
O	minecraft:silver_shulker_box	facing=east	3637
O	minecraft:silver_shulker_box	facing=north	3634
O	minecraft:silver_shulker_box	facing=south	3635
O	minecraft:silver_shulker_box	facing=up	3633
O	minecraft:silver_shulker_box	facing=west	3636
O	minecraft:skull	facing=down,nodrop=false	2304
O	minecraft:skull	facing=down,nodrop=true	2312
O	minecraft:skull	facing=east,nodrop=false	2309
O	minecraft:skull	facing=east,nodrop=true	2317
O	minecraft:skull	facing=north,nodrop=false	2306
O	minecraft:skull	facing=north,nodrop=true	2314
O	minecraft:skull	facing=south,nodrop=false	2307
O	minecraft:skull	facing=south,nodrop=true	2315
O	minecraft:skull	facing=up,nodrop=false	2305
O	minecraft:skull	facing=up,nodrop=true	2313
O	minecraft:skull	facing=west,nodrop=false	2308
O	minecraft:skull	facing=west,nodrop=true	2316
O	minecraft:slime		2640
O	minecraft:snow		1280
O	minecraft:snow_layer	layers=1	1248
O	minecraft:snow_layer	layers=2	1249
O	minecraft:snow_layer	layers=3	1250
O	minecraft:snow_layer	layers=4	1251
O	minecraft:snow_layer	layers=5	1252
O	minecraft:snow_layer	layers=6	1253
O	minecraft:snow_layer	layers=7	1254
O	minecraft:snow_layer	layers=8	1255
O	minecraft:soul_sand		1408
O	minecraft:sponge	wet=false	304
O	minecraft:sponge	wet=true	305
O	minecraft:spruce_door	facing=east,half=lower,hinge=left,open=false,powered=false	3088
O	minecraft:spruce_door	facing=east,half=lower,hinge=left,open=false,powered=true	3088
O	minecraft:spruce_door	facing=east,half=lower,hinge=left,open=true,powered=false	3092
O	minecraft:spruce_door	facing=east,half=lower,hinge=left,open=true,powered=true	3092
O	minecraft:spruce_door	facing=east,half=lower,hinge=right,open=false,powered=false	3088
O	minecraft:spruce_door	facing=east,half=lower,hinge=right,open=false,powered=true	3088
O	minecraft:spruce_door	facing=east,half=lower,hinge=right,open=true,powered=false	3092
O	minecraft:spruce_door	facing=east,half=lower,hinge=right,open=true,powered=true	3092
O	minecraft:spruce_door	facing=east,half=upper,hinge=left,open=false,powered=false	3096
O	minecraft:spruce_door	facing=east,half=upper,hinge=left,open=false,powered=true	3098
O	minecraft:spruce_door	facing=east,half=upper,hinge=left,open=true,powered=false	3096
O	minecraft:spruce_door	facing=east,half=upper,hinge=left,open=true,powered=true	3098
O	minecraft:spruce_door	facing=east,half=upper,hinge=right,open=false,powered=false	3097
O	minecraft:spruce_door	facing=east,half=upper,hinge=right,open=false,powered=true	3099
O	minecraft:spruce_door	facing=east,half=upper,hinge=right,open=true,powered=false	3097
O	minecraft:spruce_door	facing=east,half=upper,hinge=right,open=true,powered=true	3099
O	minecraft:spruce_door	facing=north,half=lower,hinge=left,open=false,powered=false	3091
O	minecraft:spruce_door	facing=north,half=lower,hinge=left,open=false,powered=true	3091
O	minecraft:spruce_door	facing=north,half=lower,hinge=left,open=true,powered=false	3095
O	minecraft:spruce_door	facing=north,half=lower,hinge=left,open=true,powered=true	3095
O	minecraft:spruce_door	facing=north,half=lower,hinge=right,open=false,powered=false	3091
O	minecraft:spruce_door	facing=north,half=lower,hinge=right,open=false,powered=true	3091
O	minecraft:spruce_door	facing=north,half=lower,hinge=right,open=true,powered=false	3095
O	minecraft:spruce_door	facing=north,half=lower,hinge=right,open=true,powered=true	3095
O	minecraft:spruce_door	facing=north,half=upper,hinge=left,open=false,powered=false	3096
O	minecraft:spruce_door	facing=north,half=upper,hinge=left,open=false,powered=true	3098
O	minecraft:spruce_door	facing=north,half=upper,hinge=left,open=true,powered=false	3096
O	minecraft:spruce_door	facing=north,half=upper,hinge=left,open=true,powered=true	3098
O	minecraft:spruce_door	facing=north,half=upper,hinge=right,open=false,powered=false	3097
O	minecraft:spruce_door	facing=north,half=upper,hinge=right,open=false,powered=true	3099
O	minecraft:spruce_door	facing=north,half=upper,hinge=right,open=true,powered=false	3097
O	minecraft:spruce_door	facing=north,half=upper,hinge=right,open=true,powered=true	3099
O	minecraft:spruce_door	facing=south,half=lower,hinge=left,open=false,powered=false	3089
O	minecraft:spruce_door	facing=south,half=lower,hinge=left,open=false,powered=true	3089
O	minecraft:spruce_door	facing=south,half=lower,hinge=left,open=true,powered=false	3093
O	minecraft:spruce_door	facing=south,half=lower,hinge=left,open=true,powered=true	3093
O	minecraft:spruce_door	facing=south,half=lower,hinge=right,open=false,powered=false	3089
O	minecraft:spruce_door	facing=south,half=lower,hinge=right,open=false,powered=true	3089
O	minecraft:spruce_door	facing=south,half=lower,hinge=right,open=true,powered=false	3093
O	minecraft:spruce_door	facing=south,half=lower,hinge=right,open=true,powered=true	3093
O	minecraft:spruce_door	facing=south,half=upper,hinge=left,open=false,powered=false	3096
O	minecraft:spruce_door	facing=south,half=upper,hinge=left,open=false,powered=true	3098
O	minecraft:spruce_door	facing=south,half=upper,hinge=left,open=true,powered=false	3096
O	minecraft:spruce_door	facing=south,half=upper,hinge=left,open=true,powered=true	3098
O	minecraft:spruce_door	facing=south,half=upper,hinge=right,open=false,powered=false	3097
O	minecraft:spruce_door	facing=south,half=upper,hinge=right,open=false,powered=true	3099
O	minecraft:spruce_door	facing=south,half=upper,hinge=right,open=true,powered=false	3097
O	minecraft:spruce_door	facing=south,half=upper,hinge=right,open=true,powered=true	3099
O	minecraft:spruce_door	facing=west,half=lower,hinge=left,open=false,powered=false	3090
O	minecraft:spruce_door	facing=west,half=lower,hinge=left,open=false,powered=true	3090
O	minecraft:spruce_door	facing=west,half=lower,hinge=left,open=true,powered=false	3094
O	minecraft:spruce_door	facing=west,half=lower,hinge=left,open=true,powered=true	3094
O	minecraft:spruce_door	facing=west,half=lower,hinge=right,open=false,powered=false	3090
O	minecraft:spruce_door	facing=west,half=lower,hinge=right,open=false,powered=true	3090
O	minecraft:spruce_door	facing=west,half=lower,hinge=right,open=true,powered=false	3094
O	minecraft:spruce_door	facing=west,half=lower,hinge=right,open=true,powered=true	3094
O	minecraft:spruce_door	facing=west,half=upper,hinge=left,open=false,powered=false	3096
O	minecraft:spruce_door	facing=west,half=upper,hinge=left,open=false,powered=true	3098
O	minecraft:spruce_door	facing=west,half=upper,hinge=left,open=true,powered=false	3096
O	minecraft:spruce_door	facing=west,half=upper,hinge=left,open=true,powered=true	3098
O	minecraft:spruce_door	facing=west,half=upper,hinge=right,open=false,powered=false	3097
O	minecraft:spruce_door	facing=west,half=upper,hinge=right,open=false,powered=true	3099
O	minecraft:spruce_door	facing=west,half=upper,hinge=right,open=true,powered=false	3097
O	minecraft:spruce_door	facing=west,half=upper,hinge=right,open=true,powered=true	3099
O	minecraft:spruce_fence	east=false,north=false,south=false,west=false	3008
O	minecraft:spruce_fence	east=false,north=false,south=false,west=true	3008
O	minecraft:spruce_fence	east=false,north=false,south=true,west=false	3008
O	minecraft:spruce_fence	east=false,north=false,south=true,west=true	3008
O	minecraft:spruce_fence	east=false,north=true,south=false,west=false	3008
O	minecraft:spruce_fence	east=false,north=true,south=false,west=true	3008
O	minecraft:spruce_fence	east=false,north=true,south=true,west=false	3008
O	minecraft:spruce_fence	east=false,north=true,south=true,west=true	3008
O	minecraft:spruce_fence	east=true,north=false,south=false,west=false	3008
O	minecraft:spruce_fence	east=true,north=false,south=false,west=true	3008
O	minecraft:spruce_fence	east=true,north=false,south=true,west=false	3008
O	minecraft:spruce_fence	east=true,north=false,south=true,west=true	3008
O	minecraft:spruce_fence	east=true,north=true,south=false,west=false	3008
O	minecraft:spruce_fence	east=true,north=true,south=false,west=true	3008
O	minecraft:spruce_fence	east=true,north=true,south=true,west=false	3008
O	minecraft:spruce_fence	east=true,north=true,south=true,west=true	3008
O	minecraft:spruce_fence_gate	facing=east,in_wall=false,open=false,powered=false	2931
O	minecraft:spruce_fence_gate	facing=east,in_wall=false,open=false,powered=true	2939
O	minecraft:spruce_fence_gate	facing=east,in_wall=false,open=true,powered=false	2935
O	minecraft:spruce_fence_gate	facing=east,in_wall=false,open=true,powered=true	2943
O	minecraft:spruce_fence_gate	facing=east,in_wall=true,open=false,powered=false	2931
O	minecraft:spruce_fence_gate	facing=east,in_wall=true,open=false,powered=true	2939
O	minecraft:spruce_fence_gate	facing=east,in_wall=true,open=true,powered=false	2935
O	minecraft:spruce_fence_gate	facing=east,in_wall=true,open=true,powered=true	2943
O	minecraft:spruce_fence_gate	facing=north,in_wall=false,open=false,powered=false	2930
O	minecraft:spruce_fence_gate	facing=north,in_wall=false,open=false,powered=true	2938
O	minecraft:spruce_fence_gate	facing=north,in_wall=false,open=true,powered=false	2934
O	minecraft:spruce_fence_gate	facing=north,in_wall=false,open=true,powered=true	2942
O	minecraft:spruce_fence_gate	facing=north,in_wall=true,open=false,powered=false	2930
O	minecraft:spruce_fence_gate	facing=north,in_wall=true,open=false,powered=true	2938
O	minecraft:spruce_fence_gate	facing=north,in_wall=true,open=true,powered=false	2934
O	minecraft:spruce_fence_gate	facing=north,in_wall=true,open=true,powered=true	2942
O	minecraft:spruce_fence_gate	facing=south,in_wall=false,open=false,powered=false	2928
O	minecraft:spruce_fence_gate	facing=south,in_wall=false,open=false,powered=true	2936
O	minecraft:spruce_fence_gate	facing=south,in_wall=false,open=true,powered=false	2932
O	minecraft:spruce_fence_gate	facing=south,in_wall=false,open=true,powered=true	2940
O	minecraft:spruce_fence_gate	facing=south,in_wall=true,open=false,powered=false	2928
O	minecraft:spruce_fence_gate	facing=south,in_wall=true,open=false,powered=true	2936
O	minecraft:spruce_fence_gate	facing=south,in_wall=true,open=true,powered=false	2932
O	minecraft:spruce_fence_gate	facing=south,in_wall=true,open=true,powered=true	2940
O	minecraft:spruce_fence_gate	facing=west,in_wall=false,open=false,powered=false	2929
O	minecraft:spruce_fence_gate	facing=west,in_wall=false,open=false,powered=true	2937
O	minecraft:spruce_fence_gate	facing=west,in_wall=false,open=true,powered=false	2933
O	minecraft:spruce_fence_gate	facing=west,in_wall=false,open=true,powered=true	2941
O	minecraft:spruce_fence_gate	facing=west,in_wall=true,open=false,powered=false	2929
O	minecraft:spruce_fence_gate	facing=west,in_wall=true,open=false,powered=true	2937
O	minecraft:spruce_fence_gate	facing=west,in_wall=true,open=true,powered=false	2933
O	minecraft:spruce_fence_gate	facing=west,in_wall=true,open=true,powered=true	2941
O	minecraft:spruce_stairs	facing=east,half=bottom,shape=inner_left	2144
O	minecraft:spruce_stairs	facing=east,half=bottom,shape=inner_right	2144
O	minecraft:spruce_stairs	facing=east,half=bottom,shape=outer_left	2144
O	minecraft:spruce_stairs	facing=east,half=bottom,shape=outer_right	2144
O	minecraft:spruce_stairs	facing=east,half=bottom,shape=straight	2144
O	minecraft:spruce_stairs	facing=east,half=top,shape=inner_left	2148
O	minecraft:spruce_stairs	facing=east,half=top,shape=inner_right	2148
O	minecraft:spruce_stairs	facing=east,half=top,shape=outer_left	2148
O	minecraft:spruce_stairs	facing=east,half=top,shape=outer_right	2148
O	minecraft:spruce_stairs	facing=east,half=top,shape=straight	2148
O	minecraft:spruce_stairs	facing=north,half=bottom,shape=inner_left	2147
O	minecraft:spruce_stairs	facing=north,half=bottom,shape=inner_right	2147
O	minecraft:spruce_stairs	facing=north,half=bottom,shape=outer_left	2147
O	minecraft:spruce_stairs	facing=north,half=bottom,shape=outer_right	2147
O	minecraft:spruce_stairs	facing=north,half=bottom,shape=straight	2147
O	minecraft:spruce_stairs	facing=north,half=top,shape=inner_left	2151
O	minecraft:spruce_stairs	facing=north,half=top,shape=inner_right	2151
O	minecraft:spruce_stairs	facing=north,half=top,shape=outer_left	2151
O	minecraft:spruce_stairs	facing=north,half=top,shape=outer_right	2151
O	minecraft:spruce_stairs	facing=north,half=top,shape=straight	2151
O	minecraft:spruce_stairs	facing=south,half=bottom,shape=inner_left	2146
O	minecraft:spruce_stairs	facing=south,half=bottom,shape=inner_right	2146
O	minecraft:spruce_stairs	facing=south,half=bottom,shape=outer_left	2146
O	minecraft:spruce_stairs	facing=south,half=bottom,shape=outer_right	2146
O	minecraft:spruce_stairs	facing=south,half=bottom,shape=straight	2146
O	minecraft:spruce_stairs	facing=south,half=top,shape=inner_left	2150
O	minecraft:spruce_stairs	facing=south,half=top,shape=inner_right	2150
O	minecraft:spruce_stairs	facing=south,half=top,shape=outer_left	2150
O	minecraft:spruce_stairs	facing=south,half=top,shape=outer_right	2150
O	minecraft:spruce_stairs	facing=south,half=top,shape=straight	2150
O	minecraft:spruce_stairs	facing=west,half=bottom,shape=inner_left	2145
O	minecraft:spruce_stairs	facing=west,half=bottom,shape=inner_right	2145
O	minecraft:spruce_stairs	facing=west,half=bottom,shape=outer_left	2145
O	minecraft:spruce_stairs	facing=west,half=bottom,shape=outer_right	2145
O	minecraft:spruce_stairs	facing=west,half=bottom,shape=straight	2145
O	minecraft:spruce_stairs	facing=west,half=top,shape=inner_left	2149
O	minecraft:spruce_stairs	facing=west,half=top,shape=inner_right	2149
O	minecraft:spruce_stairs	facing=west,half=top,shape=outer_left	2149
O	minecraft:spruce_stairs	facing=west,half=top,shape=outer_right	2149
O	minecraft:spruce_stairs	facing=west,half=top,shape=straight	2149
O	minecraft:stained_glass	color=black	1535
O	minecraft:stained_glass	color=blue	1531
O	minecraft:stained_glass	color=brown	1532
O	minecraft:stained_glass	color=cyan	1529
O	minecraft:stained_glass	color=gray	1527
O	minecraft:stained_glass	color=green	1533
O	minecraft:stained_glass	color=light_blue	1523
O	minecraft:stained_glass	color=lime	1525
O	minecraft:stained_glass	color=magenta	1522
O	minecraft:stained_glass	color=orange	1521
O	minecraft:stained_glass	color=pink	1526
O	minecraft:stained_glass	color=purple	1530
O	minecraft:stained_glass	color=red	1534
O	minecraft:stained_glass	color=silver	1528
O	minecraft:stained_glass	color=white	1520
O	minecraft:stained_glass	color=yellow	1524
O	minecraft:stained_glass_pane	color=black,east=false,north=false,south=false,west=false	2575
O	minecraft:stained_glass_pane	color=black,east=false,north=false,south=false,west=true	2575
O	minecraft:stained_glass_pane	color=black,east=false,north=false,south=true,west=false	2575
O	minecraft:stained_glass_pane	color=black,east=false,north=false,south=true,west=true	2575
O	minecraft:stained_glass_pane	color=black,east=false,north=true,south=false,west=false	2575
O	minecraft:stained_glass_pane	color=black,east=false,north=true,south=false,west=true	2575
O	minecraft:stained_glass_pane	color=black,east=false,north=true,south=true,west=false	2575
O	minecraft:stained_glass_pane	color=black,east=false,north=true,south=true,west=true	2575
O	minecraft:stained_glass_pane	color=black,east=true,north=false,south=false,west=false	2575
O	minecraft:stained_glass_pane	color=black,east=true,north=false,south=false,west=true	2575
O	minecraft:stained_glass_pane	color=black,east=true,north=false,south=true,west=false	2575
O	minecraft:stained_glass_pane	color=black,east=true,north=false,south=true,west=true	2575
O	minecraft:stained_glass_pane	color=black,east=true,north=true,south=false,west=false	2575
O	minecraft:stained_glass_pane	color=black,east=true,north=true,south=false,west=true	2575
O	minecraft:stained_glass_pane	color=black,east=true,north=true,south=true,west=false	2575
O	minecraft:stained_glass_pane	color=black,east=true,north=true,south=true,west=true	2575
O	minecraft:stained_glass_pane	color=blue,east=false,north=false,south=false,west=false	2571
O	minecraft:stained_glass_pane	color=blue,east=false,north=false,south=false,west=true	2571
O	minecraft:stained_glass_pane	color=blue,east=false,north=false,south=true,west=false	2571
O	minecraft:stained_glass_pane	color=blue,east=false,north=false,south=true,west=true	2571
O	minecraft:stained_glass_pane	color=blue,east=false,north=true,south=false,west=false	2571
O	minecraft:stained_glass_pane	color=blue,east=false,north=true,south=false,west=true	2571
O	minecraft:stained_glass_pane	color=blue,east=false,north=true,south=true,west=false	2571
O	minecraft:stained_glass_pane	color=blue,east=false,north=true,south=true,west=true	2571
O	minecraft:stained_glass_pane	color=blue,east=true,north=false,south=false,west=false	2571
O	minecraft:stained_glass_pane	color=blue,east=true,north=false,south=false,west=true	2571
O	minecraft:stained_glass_pane	color=blue,east=true,north=false,south=true,west=false	2571
O	minecraft:stained_glass_pane	color=blue,east=true,north=false,south=true,west=true	2571
O	minecraft:stained_glass_pane	color=blue,east=true,north=true,south=false,west=false	2571
O	minecraft:stained_glass_pane	color=blue,east=true,north=true,south=false,west=true	2571
O	minecraft:stained_glass_pane	color=blue,east=true,north=true,south=true,west=false	2571
O	minecraft:stained_glass_pane	color=blue,east=true,north=true,south=true,west=true	2571
O	minecraft:stained_glass_pane	color=brown,east=false,north=false,south=false,west=false	2572
O	minecraft:stained_glass_pane	color=brown,east=false,north=false,south=false,west=true	2572
O	minecraft:stained_glass_pane	color=brown,east=false,north=false,south=true,west=false	2572
O	minecraft:stained_glass_pane	color=brown,east=false,north=false,south=true,west=true	2572
O	minecraft:stained_glass_pane	color=brown,east=false,north=true,south=false,west=false	2572
O	minecraft:stained_glass_pane	color=brown,east=false,north=true,south=false,west=true	2572
O	minecraft:stained_glass_pane	color=brown,east=false,north=true,south=true,west=false	2572
O	minecraft:stained_glass_pane	color=brown,east=false,north=true,south=true,west=true	2572
O	minecraft:stained_glass_pane	color=brown,east=true,north=false,south=false,west=false	2572
O	minecraft:stained_glass_pane	color=brown,east=true,north=false,south=false,west=true	2572
O	minecraft:stained_glass_pane	color=brown,east=true,north=false,south=true,west=false	2572
O	minecraft:stained_glass_pane	color=brown,east=true,north=false,south=true,west=true	2572
O	minecraft:stained_glass_pane	color=brown,east=true,north=true,south=false,west=false	2572
O	minecraft:stained_glass_pane	color=brown,east=true,north=true,south=false,west=true	2572
O	minecraft:stained_glass_pane	color=brown,east=true,north=true,south=true,west=false	2572
O	minecraft:stained_glass_pane	color=brown,east=true,north=true,south=true,west=true	2572
O	minecraft:stained_glass_pane	color=cyan,east=false,north=false,south=false,west=false	2569
O	minecraft:stained_glass_pane	color=cyan,east=false,north=false,south=false,west=true	2569
O	minecraft:stained_glass_pane	color=cyan,east=false,north=false,south=true,west=false	2569
O	minecraft:stained_glass_pane	color=cyan,east=false,north=false,south=true,west=true	2569
O	minecraft:stained_glass_pane	color=cyan,east=false,north=true,south=false,west=false	2569
O	minecraft:stained_glass_pane	color=cyan,east=false,north=true,south=false,west=true	2569
O	minecraft:stained_glass_pane	color=cyan,east=false,north=true,south=true,west=false	2569
O	minecraft:stained_glass_pane	color=cyan,east=false,north=true,south=true,west=true	2569
O	minecraft:stained_glass_pane	color=cyan,east=true,north=false,south=false,west=false	2569
O	minecraft:stained_glass_pane	color=cyan,east=true,north=false,south=false,west=true	2569
O	minecraft:stained_glass_pane	color=cyan,east=true,north=false,south=true,west=false	2569
O	minecraft:stained_glass_pane	color=cyan,east=true,north=false,south=true,west=true	2569
O	minecraft:stained_glass_pane	color=cyan,east=true,north=true,south=false,west=false	2569
O	minecraft:stained_glass_pane	color=cyan,east=true,north=true,south=false,west=true	2569
O	minecraft:stained_glass_pane	color=cyan,east=true,north=true,south=true,west=false	2569
O	minecraft:stained_glass_pane	color=cyan,east=true,north=true,south=true,west=true	2569
O	minecraft:stained_glass_pane	color=gray,east=false,north=false,south=false,west=false	2567
O	minecraft:stained_glass_pane	color=gray,east=false,north=false,south=false,west=true	2567
O	minecraft:stained_glass_pane	color=gray,east=false,north=false,south=true,west=false	2567
O	minecraft:stained_glass_pane	color=gray,east=false,north=false,south=true,west=true	2567
O	minecraft:stained_glass_pane	color=gray,east=false,north=true,south=false,west=false	2567
O	minecraft:stained_glass_pane	color=gray,east=false,north=true,south=false,west=true	2567
O	minecraft:stained_glass_pane	color=gray,east=false,north=true,south=true,west=false	2567
O	minecraft:stained_glass_pane	color=gray,east=false,north=true,south=true,west=true	2567
O	minecraft:stained_glass_pane	color=gray,east=true,north=false,south=false,west=false	2567
O	minecraft:stained_glass_pane	color=gray,east=true,north=false,south=false,west=true	2567
O	minecraft:stained_glass_pane	color=gray,east=true,north=false,south=true,west=false	2567
O	minecraft:stained_glass_pane	color=gray,east=true,north=false,south=true,west=true	2567
O	minecraft:stained_glass_pane	color=gray,east=true,north=true,south=false,west=false	2567
O	minecraft:stained_glass_pane	color=gray,east=true,north=true,south=false,west=true	2567
O	minecraft:stained_glass_pane	color=gray,east=true,north=true,south=true,west=false	2567
O	minecraft:stained_glass_pane	color=gray,east=true,north=true,south=true,west=true	2567
O	minecraft:stained_glass_pane	color=green,east=false,north=false,south=false,west=false	2573
O	minecraft:stained_glass_pane	color=green,east=false,north=false,south=false,west=true	2573
O	minecraft:stained_glass_pane	color=green,east=false,north=false,south=true,west=false	2573
O	minecraft:stained_glass_pane	color=green,east=false,north=false,south=true,west=true	2573
O	minecraft:stained_glass_pane	color=green,east=false,north=true,south=false,west=false	2573
O	minecraft:stained_glass_pane	color=green,east=false,north=true,south=false,west=true	2573
O	minecraft:stained_glass_pane	color=green,east=false,north=true,south=true,west=false	2573
O	minecraft:stained_glass_pane	color=green,east=false,north=true,south=true,west=true	2573
O	minecraft:stained_glass_pane	color=green,east=true,north=false,south=false,west=false	2573
O	minecraft:stained_glass_pane	color=green,east=true,north=false,south=false,west=true	2573
O	minecraft:stained_glass_pane	color=green,east=true,north=false,south=true,west=false	2573
O	minecraft:stained_glass_pane	color=green,east=true,north=false,south=true,west=true	2573
O	minecraft:stained_glass_pane	color=green,east=true,north=true,south=false,west=false	2573
O	minecraft:stained_glass_pane	color=green,east=true,north=true,south=false,west=true	2573
O	minecraft:stained_glass_pane	color=green,east=true,north=true,south=true,west=false	2573
O	minecraft:stained_glass_pane	color=green,east=true,north=true,south=true,west=true	2573
O	minecraft:stained_glass_pane	color=light_blue,east=false,north=false,south=false,west=false	2563
O	minecraft:stained_glass_pane	color=light_blue,east=false,north=false,south=false,west=true	2563
O	minecraft:stained_glass_pane	color=light_blue,east=false,north=false,south=true,west=false	2563
O	minecraft:stained_glass_pane	color=light_blue,east=false,north=false,south=true,west=true	2563
O	minecraft:stained_glass_pane	color=light_blue,east=false,north=true,south=false,west=false	2563
O	minecraft:stained_glass_pane	color=light_blue,east=false,north=true,south=false,west=true	2563
O	minecraft:stained_glass_pane	color=light_blue,east=false,north=true,south=true,west=false	2563
O	minecraft:stained_glass_pane	color=light_blue,east=false,north=true,south=true,west=true	2563
O	minecraft:stained_glass_pane	color=light_blue,east=true,north=false,south=false,west=false	2563
O	minecraft:stained_glass_pane	color=light_blue,east=true,north=false,south=false,west=true	2563
O	minecraft:stained_glass_pane	color=light_blue,east=true,north=false,south=true,west=false	2563
O	minecraft:stained_glass_pane	color=light_blue,east=true,north=false,south=true,west=true	2563
O	minecraft:stained_glass_pane	color=light_blue,east=true,north=true,south=false,west=false	2563
O	minecraft:stained_glass_pane	color=light_blue,east=true,north=true,south=false,west=true	2563
O	minecraft:stained_glass_pane	color=light_blue,east=true,north=true,south=true,west=false	2563
O	minecraft:stained_glass_pane	color=light_blue,east=true,north=true,south=true,west=true	2563
O	minecraft:stained_glass_pane	color=lime,east=false,north=false,south=false,west=false	2565
O	minecraft:stained_glass_pane	color=lime,east=false,north=false,south=false,west=true	2565
O	minecraft:stained_glass_pane	color=lime,east=false,north=false,south=true,west=false	2565
O	minecraft:stained_glass_pane	color=lime,east=false,north=false,south=true,west=true	2565
O	minecraft:stained_glass_pane	color=lime,east=false,north=true,south=false,west=false	2565
O	minecraft:stained_glass_pane	color=lime,east=false,north=true,south=false,west=true	2565
O	minecraft:stained_glass_pane	color=lime,east=false,north=true,south=true,west=false	2565
O	minecraft:stained_glass_pane	color=lime,east=false,north=true,south=true,west=true	2565
O	minecraft:stained_glass_pane	color=lime,east=true,north=false,south=false,west=false	2565
O	minecraft:stained_glass_pane	color=lime,east=true,north=false,south=false,west=true	2565
O	minecraft:stained_glass_pane	color=lime,east=true,north=false,south=true,west=false	2565
O	minecraft:stained_glass_pane	color=lime,east=true,north=false,south=true,west=true	2565
O	minecraft:stained_glass_pane	color=lime,east=true,north=true,south=false,west=false	2565
O	minecraft:stained_glass_pane	color=lime,east=true,north=true,south=false,west=true	2565
O	minecraft:stained_glass_pane	color=lime,east=true,north=true,south=true,west=false	2565
O	minecraft:stained_glass_pane	color=lime,east=true,north=true,south=true,west=true	2565
O	minecraft:stained_glass_pane	color=magenta,east=false,north=false,south=false,west=false	2562
O	minecraft:stained_glass_pane	color=magenta,east=false,north=false,south=false,west=true	2562
O	minecraft:stained_glass_pane	color=magenta,east=false,north=false,south=true,west=false	2562
O	minecraft:stained_glass_pane	color=magenta,east=false,north=false,south=true,west=true	2562
O	minecraft:stained_glass_pane	color=magenta,east=false,north=true,south=false,west=false	2562
O	minecraft:stained_glass_pane	color=magenta,east=false,north=true,south=false,west=true	2562
O	minecraft:stained_glass_pane	color=magenta,east=false,north=true,south=true,west=false	2562
O	minecraft:stained_glass_pane	color=magenta,east=false,north=true,south=true,west=true	2562
O	minecraft:stained_glass_pane	color=magenta,east=true,north=false,south=false,west=false	2562
O	minecraft:stained_glass_pane	color=magenta,east=true,north=false,south=false,west=true	2562
O	minecraft:stained_glass_pane	color=magenta,east=true,north=false,south=true,west=false	2562
O	minecraft:stained_glass_pane	color=magenta,east=true,north=false,south=true,west=true	2562
O	minecraft:stained_glass_pane	color=magenta,east=true,north=true,south=false,west=false	2562
O	minecraft:stained_glass_pane	color=magenta,east=true,north=true,south=false,west=true	2562
O	minecraft:stained_glass_pane	color=magenta,east=true,north=true,south=true,west=false	2562
O	minecraft:stained_glass_pane	color=magenta,east=true,north=true,south=true,west=true	2562
O	minecraft:stained_glass_pane	color=orange,east=false,north=false,south=false,west=false	2561
O	minecraft:stained_glass_pane	color=orange,east=false,north=false,south=false,west=true	2561
O	minecraft:stained_glass_pane	color=orange,east=false,north=false,south=true,west=false	2561
O	minecraft:stained_glass_pane	color=orange,east=false,north=false,south=true,west=true	2561
O	minecraft:stained_glass_pane	color=orange,east=false,north=true,south=false,west=false	2561
O	minecraft:stained_glass_pane	color=orange,east=false,north=true,south=false,west=true	2561
O	minecraft:stained_glass_pane	color=orange,east=false,north=true,south=true,west=false	2561
O	minecraft:stained_glass_pane	color=orange,east=false,north=true,south=true,west=true	2561
O	minecraft:stained_glass_pane	color=orange,east=true,north=false,south=false,west=false	2561
O	minecraft:stained_glass_pane	color=orange,east=true,north=false,south=false,west=true	2561
O	minecraft:stained_glass_pane	color=orange,east=true,north=false,south=true,west=false	2561
O	minecraft:stained_glass_pane	color=orange,east=true,north=false,south=true,west=true	2561
O	minecraft:stained_glass_pane	color=orange,east=true,north=true,south=false,west=false	2561
O	minecraft:stained_glass_pane	color=orange,east=true,north=true,south=false,west=true	2561
O	minecraft:stained_glass_pane	color=orange,east=true,north=true,south=true,west=false	2561
O	minecraft:stained_glass_pane	color=orange,east=true,north=true,south=true,west=true	2561
O	minecraft:stained_glass_pane	color=pink,east=false,north=false,south=false,west=false	2566
O	minecraft:stained_glass_pane	color=pink,east=false,north=false,south=false,west=true	2566
O	minecraft:stained_glass_pane	color=pink,east=false,north=false,south=true,west=false	2566
O	minecraft:stained_glass_pane	color=pink,east=false,north=false,south=true,west=true	2566
O	minecraft:stained_glass_pane	color=pink,east=false,north=true,south=false,west=false	2566
O	minecraft:stained_glass_pane	color=pink,east=false,north=true,south=false,west=true	2566
O	minecraft:stained_glass_pane	color=pink,east=false,north=true,south=true,west=false	2566
O	minecraft:stained_glass_pane	color=pink,east=false,north=true,south=true,west=true	2566
O	minecraft:stained_glass_pane	color=pink,east=true,north=false,south=false,west=false	2566
O	minecraft:stained_glass_pane	color=pink,east=true,north=false,south=false,west=true	2566
O	minecraft:stained_glass_pane	color=pink,east=true,north=false,south=true,west=false	2566
O	minecraft:stained_glass_pane	color=pink,east=true,north=false,south=true,west=true	2566
O	minecraft:stained_glass_pane	color=pink,east=true,north=true,south=false,west=false	2566
O	minecraft:stained_glass_pane	color=pink,east=true,north=true,south=false,west=true	2566
O	minecraft:stained_glass_pane	color=pink,east=true,north=true,south=true,west=false	2566
O	minecraft:stained_glass_pane	color=pink,east=true,north=true,south=true,west=true	2566
O	minecraft:stained_glass_pane	color=purple,east=false,north=false,south=false,west=false	2570
O	minecraft:stained_glass_pane	color=purple,east=false,north=false,south=false,west=true	2570
O	minecraft:stained_glass_pane	color=purple,east=false,north=false,south=true,west=false	2570
O	minecraft:stained_glass_pane	color=purple,east=false,north=false,south=true,west=true	2570
O	minecraft:stained_glass_pane	color=purple,east=false,north=true,south=false,west=false	2570
O	minecraft:stained_glass_pane	color=purple,east=false,north=true,south=false,west=true	2570
O	minecraft:stained_glass_pane	color=purple,east=false,north=true,south=true,west=false	2570
O	minecraft:stained_glass_pane	color=purple,east=false,north=true,south=true,west=true	2570
O	minecraft:stained_glass_pane	color=purple,east=true,north=false,south=false,west=false	2570
O	minecraft:stained_glass_pane	color=purple,east=true,north=false,south=false,west=true	2570
O	minecraft:stained_glass_pane	color=purple,east=true,north=false,south=true,west=false	2570
O	minecraft:stained_glass_pane	color=purple,east=true,north=false,south=true,west=true	2570
O	minecraft:stained_glass_pane	color=purple,east=true,north=true,south=false,west=false	2570
O	minecraft:stained_glass_pane	color=purple,east=true,north=true,south=false,west=true	2570
O	minecraft:stained_glass_pane	color=purple,east=true,north=true,south=true,west=false	2570
O	minecraft:stained_glass_pane	color=purple,east=true,north=true,south=true,west=true	2570
O	minecraft:stained_glass_pane	color=red,east=false,north=false,south=false,west=false	2574
O	minecraft:stained_glass_pane	color=red,east=false,north=false,south=false,west=true	2574
O	minecraft:stained_glass_pane	color=red,east=false,north=false,south=true,west=false	2574
O	minecraft:stained_glass_pane	color=red,east=false,north=false,south=true,west=true	2574
O	minecraft:stained_glass_pane	color=red,east=false,north=true,south=false,west=false	2574
O	minecraft:stained_glass_pane	color=red,east=false,north=true,south=false,west=true	2574
O	minecraft:stained_glass_pane	color=red,east=false,north=true,south=true,west=false	2574
O	minecraft:stained_glass_pane	color=red,east=false,north=true,south=true,west=true	2574
O	minecraft:stained_glass_pane	color=red,east=true,north=false,south=false,west=false	2574
O	minecraft:stained_glass_pane	color=red,east=true,north=false,south=false,west=true	2574
O	minecraft:stained_glass_pane	color=red,east=true,north=false,south=true,west=false	2574
O	minecraft:stained_glass_pane	color=red,east=true,north=false,south=true,west=true	2574
O	minecraft:stained_glass_pane	color=red,east=true,north=true,south=false,west=false	2574
O	minecraft:stained_glass_pane	color=red,east=true,north=true,south=false,west=true	2574
O	minecraft:stained_glass_pane	color=red,east=true,north=true,south=true,west=false	2574
O	minecraft:stained_glass_pane	color=red,east=true,north=true,south=true,west=true	2574
O	minecraft:stained_glass_pane	color=silver,east=false,north=false,south=false,west=false	2568
O	minecraft:stained_glass_pane	color=silver,east=false,north=false,south=false,west=true	2568
O	minecraft:stained_glass_pane	color=silver,east=false,north=false,south=true,west=false	2568
O	minecraft:stained_glass_pane	color=silver,east=false,north=false,south=true,west=true	2568
O	minecraft:stained_glass_pane	color=silver,east=false,north=true,south=false,west=false	2568
O	minecraft:stained_glass_pane	color=silver,east=false,north=true,south=false,west=true	2568
O	minecraft:stained_glass_pane	color=silver,east=false,north=true,south=true,west=false	2568
O	minecraft:stained_glass_pane	color=silver,east=false,north=true,south=true,west=true	2568
O	minecraft:stained_glass_pane	color=silver,east=true,north=false,south=false,west=false	2568
O	minecraft:stained_glass_pane	color=silver,east=true,north=false,south=false,west=true	2568
O	minecraft:stained_glass_pane	color=silver,east=true,north=false,south=true,west=false	2568
O	minecraft:stained_glass_pane	color=silver,east=true,north=false,south=true,west=true	2568
O	minecraft:stained_glass_pane	color=silver,east=true,north=true,south=false,west=false	2568
O	minecraft:stained_glass_pane	color=silver,east=true,north=true,south=false,west=true	2568
O	minecraft:stained_glass_pane	color=silver,east=true,north=true,south=true,west=false	2568
O	minecraft:stained_glass_pane	color=silver,east=true,north=true,south=true,west=true	2568
O	minecraft:stained_glass_pane	color=white,east=false,north=false,south=false,west=false	2560
O	minecraft:stained_glass_pane	color=white,east=false,north=false,south=false,west=true	2560
O	minecraft:stained_glass_pane	color=white,east=false,north=false,south=true,west=false	2560
O	minecraft:stained_glass_pane	color=white,east=false,north=false,south=true,west=true	2560
O	minecraft:stained_glass_pane	color=white,east=false,north=true,south=false,west=false	2560
O	minecraft:stained_glass_pane	color=white,east=false,north=true,south=false,west=true	2560
O	minecraft:stained_glass_pane	color=white,east=false,north=true,south=true,west=false	2560
O	minecraft:stained_glass_pane	color=white,east=false,north=true,south=true,west=true	2560
O	minecraft:stained_glass_pane	color=white,east=true,north=false,south=false,west=false	2560
O	minecraft:stained_glass_pane	color=white,east=true,north=false,south=false,west=true	2560
O	minecraft:stained_glass_pane	color=white,east=true,north=false,south=true,west=false	2560
O	minecraft:stained_glass_pane	color=white,east=true,north=false,south=true,west=true	2560
O	minecraft:stained_glass_pane	color=white,east=true,north=true,south=false,west=false	2560
O	minecraft:stained_glass_pane	color=white,east=true,north=true,south=false,west=true	2560
O	minecraft:stained_glass_pane	color=white,east=true,north=true,south=true,west=false	2560
O	minecraft:stained_glass_pane	color=white,east=true,north=true,south=true,west=true	2560
O	minecraft:stained_glass_pane	color=yellow,east=false,north=false,south=false,west=false	2564
O	minecraft:stained_glass_pane	color=yellow,east=false,north=false,south=false,west=true	2564
O	minecraft:stained_glass_pane	color=yellow,east=false,north=false,south=true,west=false	2564
O	minecraft:stained_glass_pane	color=yellow,east=false,north=false,south=true,west=true	2564
O	minecraft:stained_glass_pane	color=yellow,east=false,north=true,south=false,west=false	2564
O	minecraft:stained_glass_pane	color=yellow,east=false,north=true,south=false,west=true	2564
O	minecraft:stained_glass_pane	color=yellow,east=false,north=true,south=true,west=false	2564
O	minecraft:stained_glass_pane	color=yellow,east=false,north=true,south=true,west=true	2564
O	minecraft:stained_glass_pane	color=yellow,east=true,north=false,south=false,west=false	2564
O	minecraft:stained_glass_pane	color=yellow,east=true,north=false,south=false,west=true	2564
O	minecraft:stained_glass_pane	color=yellow,east=true,north=false,south=true,west=false	2564
O	minecraft:stained_glass_pane	color=yellow,east=true,north=false,south=true,west=true	2564
O	minecraft:stained_glass_pane	color=yellow,east=true,north=true,south=false,west=false	2564
O	minecraft:stained_glass_pane	color=yellow,east=true,north=true,south=false,west=true	2564
O	minecraft:stained_glass_pane	color=yellow,east=true,north=true,south=true,west=false	2564
O	minecraft:stained_glass_pane	color=yellow,east=true,north=true,south=true,west=true	2564
O	minecraft:stained_hardened_clay	color=black	2559
O	minecraft:stained_hardened_clay	color=blue	2555
O	minecraft:stained_hardened_clay	color=brown	2556
O	minecraft:stained_hardened_clay	color=cyan	2553
O	minecraft:stained_hardened_clay	color=gray	2551
O	minecraft:stained_hardened_clay	color=green	2557
O	minecraft:stained_hardened_clay	color=light_blue	2547
O	minecraft:stained_hardened_clay	color=lime	2549
O	minecraft:stained_hardened_clay	color=magenta	2546
O	minecraft:stained_hardened_clay	color=orange	2545
O	minecraft:stained_hardened_clay	color=pink	2550
O	minecraft:stained_hardened_clay	color=purple	2554
O	minecraft:stained_hardened_clay	color=red	2558
O	minecraft:stained_hardened_clay	color=silver	2552
O	minecraft:stained_hardened_clay	color=white	2544
O	minecraft:stained_hardened_clay	color=yellow	2548
O	minecraft:standing_banner	rotation=0	2816
O	minecraft:standing_banner	rotation=1	2817
O	minecraft:standing_banner	rotation=10	2826
O	minecraft:standing_banner	rotation=11	2827
O	minecraft:standing_banner	rotation=12	2828
O	minecraft:standing_banner	rotation=13	2829
O	minecraft:standing_banner	rotation=14	2830
O	minecraft:standing_banner	rotation=15	2831
O	minecraft:standing_banner	rotation=2	2818
O	minecraft:standing_banner	rotation=3	2819
O	minecraft:standing_banner	rotation=4	2820
O	minecraft:standing_banner	rotation=5	2821
O	minecraft:standing_banner	rotation=6	2822
O	minecraft:standing_banner	rotation=7	2823
O	minecraft:standing_banner	rotation=8	2824
O	minecraft:standing_banner	rotation=9	2825
O	minecraft:standing_sign	rotation=0	1008
O	minecraft:standing_sign	rotation=1	1009
O	minecraft:standing_sign	rotation=10	1018
O	minecraft:standing_sign	rotation=11	1019
O	minecraft:standing_sign	rotation=12	1020
O	minecraft:standing_sign	rotation=13	1021
O	minecraft:standing_sign	rotation=14	1022
O	minecraft:standing_sign	rotation=15	1023
O	minecraft:standing_sign	rotation=2	1010
O	minecraft:standing_sign	rotation=3	1011
O	minecraft:standing_sign	rotation=4	1012
O	minecraft:standing_sign	rotation=5	1013
O	minecraft:standing_sign	rotation=6	1014
O	minecraft:standing_sign	rotation=7	1015
O	minecraft:standing_sign	rotation=8	1016
O	minecraft:standing_sign	rotation=9	1017
O	minecraft:sticky_piston	extended=false,facing=down	464
O	minecraft:sticky_piston	extended=false,facing=east	469
O	minecraft:sticky_piston	extended=false,facing=north	466
O	minecraft:sticky_piston	extended=false,facing=south	467
O	minecraft:sticky_piston	extended=false,facing=up	465
O	minecraft:sticky_piston	extended=false,facing=west	468
O	minecraft:sticky_piston	extended=true,facing=down	472
O	minecraft:sticky_piston	extended=true,facing=east	477
O	minecraft:sticky_piston	extended=true,facing=north	474
O	minecraft:sticky_piston	extended=true,facing=south	475
O	minecraft:sticky_piston	extended=true,facing=up	473
O	minecraft:sticky_piston	extended=true,facing=west	476
O	minecraft:stone	variant=andesite	21
O	minecraft:stone	variant=diorite	19
O	minecraft:stone	variant=granite	17
O	minecraft:stone	variant=smooth_andesite	22
O	minecraft:stone	variant=smooth_diorite	20
O	minecraft:stone	variant=smooth_granite	18
O	minecraft:stone	variant=stone	16
O	minecraft:stone_brick_stairs	facing=east,half=bottom,shape=inner_left	1744
O	minecraft:stone_brick_stairs	facing=east,half=bottom,shape=inner_right	1744
O	minecraft:stone_brick_stairs	facing=east,half=bottom,shape=outer_left	1744
O	minecraft:stone_brick_stairs	facing=east,half=bottom,shape=outer_right	1744
O	minecraft:stone_brick_stairs	facing=east,half=bottom,shape=straight	1744
O	minecraft:stone_brick_stairs	facing=east,half=top,shape=inner_left	1748
O	minecraft:stone_brick_stairs	facing=east,half=top,shape=inner_right	1748
O	minecraft:stone_brick_stairs	facing=east,half=top,shape=outer_left	1748
O	minecraft:stone_brick_stairs	facing=east,half=top,shape=outer_right	1748
O	minecraft:stone_brick_stairs	facing=east,half=top,shape=straight	1748
O	minecraft:stone_brick_stairs	facing=north,half=bottom,shape=inner_left	1747
O	minecraft:stone_brick_stairs	facing=north,half=bottom,shape=inner_right	1747
O	minecraft:stone_brick_stairs	facing=north,half=bottom,shape=outer_left	1747
O	minecraft:stone_brick_stairs	facing=north,half=bottom,shape=outer_right	1747
O	minecraft:stone_brick_stairs	facing=north,half=bottom,shape=straight	1747
O	minecraft:stone_brick_stairs	facing=north,half=top,shape=inner_left	1751
O	minecraft:stone_brick_stairs	facing=north,half=top,shape=inner_right	1751
O	minecraft:stone_brick_stairs	facing=north,half=top,shape=outer_left	1751
O	minecraft:stone_brick_stairs	facing=north,half=top,shape=outer_right	1751
O	minecraft:stone_brick_stairs	facing=north,half=top,shape=straight	1751
O	minecraft:stone_brick_stairs	facing=south,half=bottom,shape=inner_left	1746
O	minecraft:stone_brick_stairs	facing=south,half=bottom,shape=inner_right	1746
O	minecraft:stone_brick_stairs	facing=south,half=bottom,shape=outer_left	1746
O	minecraft:stone_brick_stairs	facing=south,half=bottom,shape=outer_right	1746
O	minecraft:stone_brick_stairs	facing=south,half=bottom,shape=straight	1746
O	minecraft:stone_brick_stairs	facing=south,half=top,shape=inner_left	1750
O	minecraft:stone_brick_stairs	facing=south,half=top,shape=inner_right	1750
O	minecraft:stone_brick_stairs	facing=south,half=top,shape=outer_left	1750
O	minecraft:stone_brick_stairs	facing=south,half=top,shape=outer_right	1750
O	minecraft:stone_brick_stairs	facing=south,half=top,shape=straight	1750
O	minecraft:stone_brick_stairs	facing=west,half=bottom,shape=inner_left	1745
O	minecraft:stone_brick_stairs	facing=west,half=bottom,shape=inner_right	1745
O	minecraft:stone_brick_stairs	facing=west,half=bottom,shape=outer_left	1745
O	minecraft:stone_brick_stairs	facing=west,half=bottom,shape=outer_right	1745
O	minecraft:stone_brick_stairs	facing=west,half=bottom,shape=straight	1745
O	minecraft:stone_brick_stairs	facing=west,half=top,shape=inner_left	1749
O	minecraft:stone_brick_stairs	facing=west,half=top,shape=inner_right	1749
O	minecraft:stone_brick_stairs	facing=west,half=top,shape=outer_left	1749
O	minecraft:stone_brick_stairs	facing=west,half=top,shape=outer_right	1749
O	minecraft:stone_brick_stairs	facing=west,half=top,shape=straight	1749
O	minecraft:stone_button	facing=down,powered=false	1232
O	minecraft:stone_button	facing=down,powered=true	1240
O	minecraft:stone_button	facing=east,powered=false	1233
O	minecraft:stone_button	facing=east,powered=true	1241
O	minecraft:stone_button	facing=north,powered=false	1236
O	minecraft:stone_button	facing=north,powered=true	1244
O	minecraft:stone_button	facing=south,powered=false	1235
O	minecraft:stone_button	facing=south,powered=true	1243
O	minecraft:stone_button	facing=up,powered=false	1237
O	minecraft:stone_button	facing=up,powered=true	1245
O	minecraft:stone_button	facing=west,powered=false	1234
O	minecraft:stone_button	facing=west,powered=true	1242
O	minecraft:stone_pressure_plate	powered=false	1120
O	minecraft:stone_pressure_plate	powered=true	1121
O	minecraft:stone_slab	half=bottom,variant=brick	708
O	minecraft:stone_slab	half=bottom,variant=cobblestone	707
O	minecraft:stone_slab	half=bottom,variant=nether_brick	710
O	minecraft:stone_slab	half=bottom,variant=quartz	711
O	minecraft:stone_slab	half=bottom,variant=sandstone	705
O	minecraft:stone_slab	half=bottom,variant=stone	704
O	minecraft:stone_slab	half=bottom,variant=stone_brick	709
O	minecraft:stone_slab	half=bottom,variant=wood_old	706
O	minecraft:stone_slab	half=top,variant=brick	716
O	minecraft:stone_slab	half=top,variant=cobblestone	715
O	minecraft:stone_slab	half=top,variant=nether_brick	718
O	minecraft:stone_slab	half=top,variant=quartz	719
O	minecraft:stone_slab	half=top,variant=sandstone	713
O	minecraft:stone_slab	half=top,variant=stone	712
O	minecraft:stone_slab	half=top,variant=stone_brick	717
O	minecraft:stone_slab	half=top,variant=wood_old	714
O	minecraft:stone_slab2	half=bottom,variant=red_sandstone	2912
O	minecraft:stone_slab2	half=top,variant=red_sandstone	2920
O	minecraft:stone_stairs	facing=east,half=bottom,shape=inner_left	1072
O	minecraft:stone_stairs	facing=east,half=bottom,shape=inner_right	1072
O	minecraft:stone_stairs	facing=east,half=bottom,shape=outer_left	1072
O	minecraft:stone_stairs	facing=east,half=bottom,shape=outer_right	1072
O	minecraft:stone_stairs	facing=east,half=bottom,shape=straight	1072
O	minecraft:stone_stairs	facing=east,half=top,shape=inner_left	1076
O	minecraft:stone_stairs	facing=east,half=top,shape=inner_right	1076
O	minecraft:stone_stairs	facing=east,half=top,shape=outer_left	1076
O	minecraft:stone_stairs	facing=east,half=top,shape=outer_right	1076
O	minecraft:stone_stairs	facing=east,half=top,shape=straight	1076
O	minecraft:stone_stairs	facing=north,half=bottom,shape=inner_left	1075
O	minecraft:stone_stairs	facing=north,half=bottom,shape=inner_right	1075
O	minecraft:stone_stairs	facing=north,half=bottom,shape=outer_left	1075
O	minecraft:stone_stairs	facing=north,half=bottom,shape=outer_right	1075
O	minecraft:stone_stairs	facing=north,half=bottom,shape=straight	1075
O	minecraft:stone_stairs	facing=north,half=top,shape=inner_left	1079
O	minecraft:stone_stairs	facing=north,half=top,shape=inner_right	1079
O	minecraft:stone_stairs	facing=north,half=top,shape=outer_left	1079
O	minecraft:stone_stairs	facing=north,half=top,shape=outer_right	1079
O	minecraft:stone_stairs	facing=north,half=top,shape=straight	1079
O	minecraft:stone_stairs	facing=south,half=bottom,shape=inner_left	1074
O	minecraft:stone_stairs	facing=south,half=bottom,shape=inner_right	1074
O	minecraft:stone_stairs	facing=south,half=bottom,shape=outer_left	1074
O	minecraft:stone_stairs	facing=south,half=bottom,shape=outer_right	1074
O	minecraft:stone_stairs	facing=south,half=bottom,shape=straight	1074
O	minecraft:stone_stairs	facing=south,half=top,shape=inner_left	1078
O	minecraft:stone_stairs	facing=south,half=top,shape=inner_right	1078
O	minecraft:stone_stairs	facing=south,half=top,shape=outer_left	1078
O	minecraft:stone_stairs	facing=south,half=top,shape=outer_right	1078
O	minecraft:stone_stairs	facing=south,half=top,shape=straight	1078
O	minecraft:stone_stairs	facing=west,half=bottom,shape=inner_left	1073
O	minecraft:stone_stairs	facing=west,half=bottom,shape=inner_right	1073
O	minecraft:stone_stairs	facing=west,half=bottom,shape=outer_left	1073
O	minecraft:stone_stairs	facing=west,half=bottom,shape=outer_right	1073
O	minecraft:stone_stairs	facing=west,half=bottom,shape=straight	1073
O	minecraft:stone_stairs	facing=west,half=top,shape=inner_left	1077
O	minecraft:stone_stairs	facing=west,half=top,shape=inner_right	1077
O	minecraft:stone_stairs	facing=west,half=top,shape=outer_left	1077
O	minecraft:stone_stairs	facing=west,half=top,shape=outer_right	1077
O	minecraft:stone_stairs	facing=west,half=top,shape=straight	1077
O	minecraft:stonebrick	variant=chiseled_stonebrick	1571
O	minecraft:stonebrick	variant=cracked_stonebrick	1570
O	minecraft:stonebrick	variant=mossy_stonebrick	1569
O	minecraft:stonebrick	variant=stonebrick	1568
O	minecraft:structure_block	mode=corner	4082
O	minecraft:structure_block	mode=data	4083
O	minecraft:structure_block	mode=load	4081
O	minecraft:structure_block	mode=save	4080
O	minecraft:structure_void		3472
O	minecraft:tallgrass	type=dead_bush	496
O	minecraft:tallgrass	type=fern	498
O	minecraft:tallgrass	type=tall_grass	497
O	minecraft:tnt	explode=false	736
O	minecraft:tnt	explode=true	737
O	minecraft:torch	facing=east	801
O	minecraft:torch	facing=north	804
O	minecraft:torch	facing=south	803
O	minecraft:torch	facing=up	805
O	minecraft:torch	facing=west	802
O	minecraft:trapdoor	facing=east,half=bottom,open=false	1539
O	minecraft:trapdoor	facing=east,half=bottom,open=true	1543
O	minecraft:trapdoor	facing=east,half=top,open=false	1547
O	minecraft:trapdoor	facing=east,half=top,open=true	1551
O	minecraft:trapdoor	facing=north,half=bottom,open=false	1536
O	minecraft:trapdoor	facing=north,half=bottom,open=true	1540
O	minecraft:trapdoor	facing=north,half=top,open=false	1544
O	minecraft:trapdoor	facing=north,half=top,open=true	1548
O	minecraft:trapdoor	facing=south,half=bottom,open=false	1537
O	minecraft:trapdoor	facing=south,half=bottom,open=true	1541
O	minecraft:trapdoor	facing=south,half=top,open=false	1545
O	minecraft:trapdoor	facing=south,half=top,open=true	1549
O	minecraft:trapdoor	facing=west,half=bottom,open=false	1538
O	minecraft:trapdoor	facing=west,half=bottom,open=true	1542
O	minecraft:trapdoor	facing=west,half=top,open=false	1546
O	minecraft:trapdoor	facing=west,half=top,open=true	1550
O	minecraft:trapped_chest	facing=east	2341
O	minecraft:trapped_chest	facing=north	2338
O	minecraft:trapped_chest	facing=south	2339
O	minecraft:trapped_chest	facing=west	2340
O	minecraft:tripwire	attached=false,disarmed=false,east=false,north=false,powered=false,south=false,west=false	2112
O	minecraft:tripwire	attached=false,disarmed=false,east=false,north=false,powered=false,south=false,west=true	2112
O	minecraft:tripwire	attached=false,disarmed=false,east=false,north=false,powered=false,south=true,west=false	2112
O	minecraft:tripwire	attached=false,disarmed=false,east=false,north=false,powered=false,south=true,west=true	2112
O	minecraft:tripwire	attached=false,disarmed=false,east=false,north=false,powered=true,south=false,west=false	2113
O	minecraft:tripwire	attached=false,disarmed=false,east=false,north=false,powered=true,south=false,west=true	2113
O	minecraft:tripwire	attached=false,disarmed=false,east=false,north=false,powered=true,south=true,west=false	2113
O	minecraft:tripwire	attached=false,disarmed=false,east=false,north=false,powered=true,south=true,west=true	2113
O	minecraft:tripwire	attached=false,disarmed=false,east=false,north=true,powered=false,south=false,west=false	2112
O	minecraft:tripwire	attached=false,disarmed=false,east=false,north=true,powered=false,south=false,west=true	2112
O	minecraft:tripwire	attached=false,disarmed=false,east=false,north=true,powered=false,south=true,west=false	2112
O	minecraft:tripwire	attached=false,disarmed=false,east=false,north=true,powered=false,south=true,west=true	2112
O	minecraft:tripwire	attached=false,disarmed=false,east=false,north=true,powered=true,south=false,west=false	2113
O	minecraft:tripwire	attached=false,disarmed=false,east=false,north=true,powered=true,south=false,west=true	2113
O	minecraft:tripwire	attached=false,disarmed=false,east=false,north=true,powered=true,south=true,west=false	2113
O	minecraft:tripwire	attached=false,disarmed=false,east=false,north=true,powered=true,south=true,west=true	2113
O	minecraft:tripwire	attached=false,disarmed=false,east=true,north=false,powered=false,south=false,west=false	2112
O	minecraft:tripwire	attached=false,disarmed=false,east=true,north=false,powered=false,south=false,west=true	2112
O	minecraft:tripwire	attached=false,disarmed=false,east=true,north=false,powered=false,south=true,west=false	2112
O	minecraft:tripwire	attached=false,disarmed=false,east=true,north=false,powered=false,south=true,west=true	2112
O	minecraft:tripwire	attached=false,disarmed=false,east=true,north=false,powered=true,south=false,west=false	2113
O	minecraft:tripwire	attached=false,disarmed=false,east=true,north=false,powered=true,south=false,west=true	2113
O	minecraft:tripwire	attached=false,disarmed=false,east=true,north=false,powered=true,south=true,west=false	2113
O	minecraft:tripwire	attached=false,disarmed=false,east=true,north=false,powered=true,south=true,west=true	2113
O	minecraft:tripwire	attached=false,disarmed=false,east=true,north=true,powered=false,south=false,west=false	2112
O	minecraft:tripwire	attached=false,disarmed=false,east=true,north=true,powered=false,south=false,west=true	2112
O	minecraft:tripwire	attached=false,disarmed=false,east=true,north=true,powered=false,south=true,west=false	2112
O	minecraft:tripwire	attached=false,disarmed=false,east=true,north=true,powered=false,south=true,west=true	2112
O	minecraft:tripwire	attached=false,disarmed=false,east=true,north=true,powered=true,south=false,west=false	2113
O	minecraft:tripwire	attached=false,disarmed=false,east=true,north=true,powered=true,south=false,west=true	2113
O	minecraft:tripwire	attached=false,disarmed=false,east=true,north=true,powered=true,south=true,west=false	2113
O	minecraft:tripwire	attached=false,disarmed=false,east=true,north=true,powered=true,south=true,west=true	2113
O	minecraft:tripwire	attached=false,disarmed=true,east=false,north=false,powered=false,south=false,west=false	2120
O	minecraft:tripwire	attached=false,disarmed=true,east=false,north=false,powered=false,south=false,west=true	2120
O	minecraft:tripwire	attached=false,disarmed=true,east=false,north=false,powered=false,south=true,west=false	2120
O	minecraft:tripwire	attached=false,disarmed=true,east=false,north=false,powered=false,south=true,west=true	2120
O	minecraft:tripwire	attached=false,disarmed=true,east=false,north=false,powered=true,south=false,west=false	2121
O	minecraft:tripwire	attached=false,disarmed=true,east=false,north=false,powered=true,south=false,west=true	2121
O	minecraft:tripwire	attached=false,disarmed=true,east=false,north=false,powered=true,south=true,west=false	2121
O	minecraft:tripwire	attached=false,disarmed=true,east=false,north=false,powered=true,south=true,west=true	2121
O	minecraft:tripwire	attached=false,disarmed=true,east=false,north=true,powered=false,south=false,west=false	2120
O	minecraft:tripwire	attached=false,disarmed=true,east=false,north=true,powered=false,south=false,west=true	2120
O	minecraft:tripwire	attached=false,disarmed=true,east=false,north=true,powered=false,south=true,west=false	2120
O	minecraft:tripwire	attached=false,disarmed=true,east=false,north=true,powered=false,south=true,west=true	2120
O	minecraft:tripwire	attached=false,disarmed=true,east=false,north=true,powered=true,south=false,west=false	2121
O	minecraft:tripwire	attached=false,disarmed=true,east=false,north=true,powered=true,south=false,west=true	2121
O	minecraft:tripwire	attached=false,disarmed=true,east=false,north=true,powered=true,south=true,west=false	2121
O	minecraft:tripwire	attached=false,disarmed=true,east=false,north=true,powered=true,south=true,west=true	2121
O	minecraft:tripwire	attached=false,disarmed=true,east=true,north=false,powered=false,south=false,west=false	2120
O	minecraft:tripwire	attached=false,disarmed=true,east=true,north=false,powered=false,south=false,west=true	2120
O	minecraft:tripwire	attached=false,disarmed=true,east=true,north=false,powered=false,south=true,west=false	2120
O	minecraft:tripwire	attached=false,disarmed=true,east=true,north=false,powered=false,south=true,west=true	2120
O	minecraft:tripwire	attached=false,disarmed=true,east=true,north=false,powered=true,south=false,west=false	2121
O	minecraft:tripwire	attached=false,disarmed=true,east=true,north=false,powered=true,south=false,west=true	2121
O	minecraft:tripwire	attached=false,disarmed=true,east=true,north=false,powered=true,south=true,west=false	2121
O	minecraft:tripwire	attached=false,disarmed=true,east=true,north=false,powered=true,south=true,west=true	2121
O	minecraft:tripwire	attached=false,disarmed=true,east=true,north=true,powered=false,south=false,west=false	2120
O	minecraft:tripwire	attached=false,disarmed=true,east=true,north=true,powered=false,south=false,west=true	2120
O	minecraft:tripwire	attached=false,disarmed=true,east=true,north=true,powered=false,south=true,west=false	2120
O	minecraft:tripwire	attached=false,disarmed=true,east=true,north=true,powered=false,south=true,west=true	2120
O	minecraft:tripwire	attached=false,disarmed=true,east=true,north=true,powered=true,south=false,west=false	2121
O	minecraft:tripwire	attached=false,disarmed=true,east=true,north=true,powered=true,south=false,west=true	2121
O	minecraft:tripwire	attached=false,disarmed=true,east=true,north=true,powered=true,south=true,west=false	2121
O	minecraft:tripwire	attached=false,disarmed=true,east=true,north=true,powered=true,south=true,west=true	2121
O	minecraft:tripwire	attached=true,disarmed=false,east=false,north=false,powered=false,south=false,west=false	2116
O	minecraft:tripwire	attached=true,disarmed=false,east=false,north=false,powered=false,south=false,west=true	2116
O	minecraft:tripwire	attached=true,disarmed=false,east=false,north=false,powered=false,south=true,west=false	2116
O	minecraft:tripwire	attached=true,disarmed=false,east=false,north=false,powered=false,south=true,west=true	2116
O	minecraft:tripwire	attached=true,disarmed=false,east=false,north=false,powered=true,south=false,west=false	2117
O	minecraft:tripwire	attached=true,disarmed=false,east=false,north=false,powered=true,south=false,west=true	2117
O	minecraft:tripwire	attached=true,disarmed=false,east=false,north=false,powered=true,south=true,west=false	2117
O	minecraft:tripwire	attached=true,disarmed=false,east=false,north=false,powered=true,south=true,west=true	2117
O	minecraft:tripwire	attached=true,disarmed=false,east=false,north=true,powered=false,south=false,west=false	2116
O	minecraft:tripwire	attached=true,disarmed=false,east=false,north=true,powered=false,south=false,west=true	2116
O	minecraft:tripwire	attached=true,disarmed=false,east=false,north=true,powered=false,south=true,west=false	2116
O	minecraft:tripwire	attached=true,disarmed=false,east=false,north=true,powered=false,south=true,west=true	2116
O	minecraft:tripwire	attached=true,disarmed=false,east=false,north=true,powered=true,south=false,west=false	2117
O	minecraft:tripwire	attached=true,disarmed=false,east=false,north=true,powered=true,south=false,west=true	2117
O	minecraft:tripwire	attached=true,disarmed=false,east=false,north=true,powered=true,south=true,west=false	2117
O	minecraft:tripwire	attached=true,disarmed=false,east=false,north=true,powered=true,south=true,west=true	2117
O	minecraft:tripwire	attached=true,disarmed=false,east=true,north=false,powered=false,south=false,west=false	2116
O	minecraft:tripwire	attached=true,disarmed=false,east=true,north=false,powered=false,south=false,west=true	2116
O	minecraft:tripwire	attached=true,disarmed=false,east=true,north=false,powered=false,south=true,west=false	2116
O	minecraft:tripwire	attached=true,disarmed=false,east=true,north=false,powered=false,south=true,west=true	2116
O	minecraft:tripwire	attached=true,disarmed=false,east=true,north=false,powered=true,south=false,west=false	2117
O	minecraft:tripwire	attached=true,disarmed=false,east=true,north=false,powered=true,south=false,west=true	2117
O	minecraft:tripwire	attached=true,disarmed=false,east=true,north=false,powered=true,south=true,west=false	2117
O	minecraft:tripwire	attached=true,disarmed=false,east=true,north=false,powered=true,south=true,west=true	2117
O	minecraft:tripwire	attached=true,disarmed=false,east=true,north=true,powered=false,south=false,west=false	2116
O	minecraft:tripwire	attached=true,disarmed=false,east=true,north=true,powered=false,south=false,west=true	2116
O	minecraft:tripwire	attached=true,disarmed=false,east=true,north=true,powered=false,south=true,west=false	2116
O	minecraft:tripwire	attached=true,disarmed=false,east=true,north=true,powered=false,south=true,west=true	2116
O	minecraft:tripwire	attached=true,disarmed=false,east=true,north=true,powered=true,south=false,west=false	2117
O	minecraft:tripwire	attached=true,disarmed=false,east=true,north=true,powered=true,south=false,west=true	2117
O	minecraft:tripwire	attached=true,disarmed=false,east=true,north=true,powered=true,south=true,west=false	2117
O	minecraft:tripwire	attached=true,disarmed=false,east=true,north=true,powered=true,south=true,west=true	2117
O	minecraft:tripwire	attached=true,disarmed=true,east=false,north=false,powered=false,south=false,west=false	2124
O	minecraft:tripwire	attached=true,disarmed=true,east=false,north=false,powered=false,south=false,west=true	2124
O	minecraft:tripwire	attached=true,disarmed=true,east=false,north=false,powered=false,south=true,west=false	2124
O	minecraft:tripwire	attached=true,disarmed=true,east=false,north=false,powered=false,south=true,west=true	2124
O	minecraft:tripwire	attached=true,disarmed=true,east=false,north=false,powered=true,south=false,west=false	2125
O	minecraft:tripwire	attached=true,disarmed=true,east=false,north=false,powered=true,south=false,west=true	2125
O	minecraft:tripwire	attached=true,disarmed=true,east=false,north=false,powered=true,south=true,west=false	2125
O	minecraft:tripwire	attached=true,disarmed=true,east=false,north=false,powered=true,south=true,west=true	2125
O	minecraft:tripwire	attached=true,disarmed=true,east=false,north=true,powered=false,south=false,west=false	2124
O	minecraft:tripwire	attached=true,disarmed=true,east=false,north=true,powered=false,south=false,west=true	2124
O	minecraft:tripwire	attached=true,disarmed=true,east=false,north=true,powered=false,south=true,west=false	2124
O	minecraft:tripwire	attached=true,disarmed=true,east=false,north=true,powered=false,south=true,west=true	2124
O	minecraft:tripwire	attached=true,disarmed=true,east=false,north=true,powered=true,south=false,west=false	2125
O	minecraft:tripwire	attached=true,disarmed=true,east=false,north=true,powered=true,south=false,west=true	2125
O	minecraft:tripwire	attached=true,disarmed=true,east=false,north=true,powered=true,south=true,west=false	2125
O	minecraft:tripwire	attached=true,disarmed=true,east=false,north=true,powered=true,south=true,west=true	2125
O	minecraft:tripwire	attached=true,disarmed=true,east=true,north=false,powered=false,south=false,west=false	2124
O	minecraft:tripwire	attached=true,disarmed=true,east=true,north=false,powered=false,south=false,west=true	2124
O	minecraft:tripwire	attached=true,disarmed=true,east=true,north=false,powered=false,south=true,west=false	2124
O	minecraft:tripwire	attached=true,disarmed=true,east=true,north=false,powered=false,south=true,west=true	2124
O	minecraft:tripwire	attached=true,disarmed=true,east=true,north=false,powered=true,south=false,west=false	2125
O	minecraft:tripwire	attached=true,disarmed=true,east=true,north=false,powered=true,south=false,west=true	2125
O	minecraft:tripwire	attached=true,disarmed=true,east=true,north=false,powered=true,south=true,west=false	2125
O	minecraft:tripwire	attached=true,disarmed=true,east=true,north=false,powered=true,south=true,west=true	2125
O	minecraft:tripwire	attached=true,disarmed=true,east=true,north=true,powered=false,south=false,west=false	2124
O	minecraft:tripwire	attached=true,disarmed=true,east=true,north=true,powered=false,south=false,west=true	2124
O	minecraft:tripwire	attached=true,disarmed=true,east=true,north=true,powered=false,south=true,west=false	2124
O	minecraft:tripwire	attached=true,disarmed=true,east=true,north=true,powered=false,south=true,west=true	2124
O	minecraft:tripwire	attached=true,disarmed=true,east=true,north=true,powered=true,south=false,west=false	2125
O	minecraft:tripwire	attached=true,disarmed=true,east=true,north=true,powered=true,south=false,west=true	2125
O	minecraft:tripwire	attached=true,disarmed=true,east=true,north=true,powered=true,south=true,west=false	2125
O	minecraft:tripwire	attached=true,disarmed=true,east=true,north=true,powered=true,south=true,west=true	2125
O	minecraft:tripwire_hook	attached=false,facing=east,powered=false	2099
O	minecraft:tripwire_hook	attached=false,facing=east,powered=true	2107
O	minecraft:tripwire_hook	attached=false,facing=north,powered=false	2098
O	minecraft:tripwire_hook	attached=false,facing=north,powered=true	2106
O	minecraft:tripwire_hook	attached=false,facing=south,powered=false	2096
O	minecraft:tripwire_hook	attached=false,facing=south,powered=true	2104
O	minecraft:tripwire_hook	attached=false,facing=west,powered=false	2097
O	minecraft:tripwire_hook	attached=false,facing=west,powered=true	2105
O	minecraft:tripwire_hook	attached=true,facing=east,powered=false	2103
O	minecraft:tripwire_hook	attached=true,facing=east,powered=true	2111
O	minecraft:tripwire_hook	attached=true,facing=north,powered=false	2102
O	minecraft:tripwire_hook	attached=true,facing=north,powered=true	2110
O	minecraft:tripwire_hook	attached=true,facing=south,powered=false	2100
O	minecraft:tripwire_hook	attached=true,facing=south,powered=true	2108
O	minecraft:tripwire_hook	attached=true,facing=west,powered=false	2101
O	minecraft:tripwire_hook	attached=true,facing=west,powered=true	2109
O	minecraft:unlit_redstone_torch	facing=east	1201
O	minecraft:unlit_redstone_torch	facing=north	1204
O	minecraft:unlit_redstone_torch	facing=south	1203
O	minecraft:unlit_redstone_torch	facing=up	1205
O	minecraft:unlit_redstone_torch	facing=west	1202
O	minecraft:unpowered_comparator	facing=east,mode=compare,powered=false	2387
O	minecraft:unpowered_comparator	facing=east,mode=compare,powered=true	2395
O	minecraft:unpowered_comparator	facing=east,mode=subtract,powered=false	2391
O	minecraft:unpowered_comparator	facing=east,mode=subtract,powered=true	2399
O	minecraft:unpowered_comparator	facing=north,mode=compare,powered=false	2386
O	minecraft:unpowered_comparator	facing=north,mode=compare,powered=true	2394
O	minecraft:unpowered_comparator	facing=north,mode=subtract,powered=false	2390
O	minecraft:unpowered_comparator	facing=north,mode=subtract,powered=true	2398
O	minecraft:unpowered_comparator	facing=south,mode=compare,powered=false	2384
O	minecraft:unpowered_comparator	facing=south,mode=compare,powered=true	2392
O	minecraft:unpowered_comparator	facing=south,mode=subtract,powered=false	2388
O	minecraft:unpowered_comparator	facing=south,mode=subtract,powered=true	2396
O	minecraft:unpowered_comparator	facing=west,mode=compare,powered=false	2385
O	minecraft:unpowered_comparator	facing=west,mode=compare,powered=true	2393
O	minecraft:unpowered_comparator	facing=west,mode=subtract,powered=false	2389
O	minecraft:unpowered_comparator	facing=west,mode=subtract,powered=true	2397
O	minecraft:unpowered_repeater	delay=1,facing=east,locked=false	1491
O	minecraft:unpowered_repeater	delay=1,facing=east,locked=true	1491
O	minecraft:unpowered_repeater	delay=1,facing=north,locked=false	1490
O	minecraft:unpowered_repeater	delay=1,facing=north,locked=true	1490
O	minecraft:unpowered_repeater	delay=1,facing=south,locked=false	1488
O	minecraft:unpowered_repeater	delay=1,facing=south,locked=true	1488
O	minecraft:unpowered_repeater	delay=1,facing=west,locked=false	1489
O	minecraft:unpowered_repeater	delay=1,facing=west,locked=true	1489
O	minecraft:unpowered_repeater	delay=2,facing=east,locked=false	1495
O	minecraft:unpowered_repeater	delay=2,facing=east,locked=true	1495
O	minecraft:unpowered_repeater	delay=2,facing=north,locked=false	1494
O	minecraft:unpowered_repeater	delay=2,facing=north,locked=true	1494
O	minecraft:unpowered_repeater	delay=2,facing=south,locked=false	1492
O	minecraft:unpowered_repeater	delay=2,facing=south,locked=true	1492
O	minecraft:unpowered_repeater	delay=2,facing=west,locked=false	1493
O	minecraft:unpowered_repeater	delay=2,facing=west,locked=true	1493
O	minecraft:unpowered_repeater	delay=3,facing=east,locked=false	1499
O	minecraft:unpowered_repeater	delay=3,facing=east,locked=true	1499
O	minecraft:unpowered_repeater	delay=3,facing=north,locked=false	1498
O	minecraft:unpowered_repeater	delay=3,facing=north,locked=true	1498
O	minecraft:unpowered_repeater	delay=3,facing=south,locked=false	1496
O	minecraft:unpowered_repeater	delay=3,facing=south,locked=true	1496
O	minecraft:unpowered_repeater	delay=3,facing=west,locked=false	1497
O	minecraft:unpowered_repeater	delay=3,facing=west,locked=true	1497
O	minecraft:unpowered_repeater	delay=4,facing=east,locked=false	1503
O	minecraft:unpowered_repeater	delay=4,facing=east,locked=true	1503
O	minecraft:unpowered_repeater	delay=4,facing=north,locked=false	1502
O	minecraft:unpowered_repeater	delay=4,facing=north,locked=true	1502
O	minecraft:unpowered_repeater	delay=4,facing=south,locked=false	1500
O	minecraft:unpowered_repeater	delay=4,facing=south,locked=true	1500
O	minecraft:unpowered_repeater	delay=4,facing=west,locked=false	1501
O	minecraft:unpowered_repeater	delay=4,facing=west,locked=true	1501
O	minecraft:vine	east=false,north=false,south=false,up=false,west=false	1696
O	minecraft:vine	east=false,north=false,south=false,up=false,west=true	1698
O	minecraft:vine	east=false,north=false,south=false,up=true,west=false	1696
O	minecraft:vine	east=false,north=false,south=false,up=true,west=true	1698
O	minecraft:vine	east=false,north=false,south=true,up=false,west=false	1697
O	minecraft:vine	east=false,north=false,south=true,up=false,west=true	1699
O	minecraft:vine	east=false,north=false,south=true,up=true,west=false	1697
O	minecraft:vine	east=false,north=false,south=true,up=true,west=true	1699
O	minecraft:vine	east=false,north=true,south=false,up=false,west=false	1700
O	minecraft:vine	east=false,north=true,south=false,up=false,west=true	1702
O	minecraft:vine	east=false,north=true,south=false,up=true,west=false	1700
O	minecraft:vine	east=false,north=true,south=false,up=true,west=true	1702
O	minecraft:vine	east=false,north=true,south=true,up=false,west=false	1701
O	minecraft:vine	east=false,north=true,south=true,up=false,west=true	1703
O	minecraft:vine	east=false,north=true,south=true,up=true,west=false	1701
O	minecraft:vine	east=false,north=true,south=true,up=true,west=true	1703
O	minecraft:vine	east=true,north=false,south=false,up=false,west=false	1704
O	minecraft:vine	east=true,north=false,south=false,up=false,west=true	1706
O	minecraft:vine	east=true,north=false,south=false,up=true,west=false	1704
O	minecraft:vine	east=true,north=false,south=false,up=true,west=true	1706
O	minecraft:vine	east=true,north=false,south=true,up=false,west=false	1705
O	minecraft:vine	east=true,north=false,south=true,up=false,west=true	1707
O	minecraft:vine	east=true,north=false,south=true,up=true,west=false	1705
O	minecraft:vine	east=true,north=false,south=true,up=true,west=true	1707
O	minecraft:vine	east=true,north=true,south=false,up=false,west=false	1708
O	minecraft:vine	east=true,north=true,south=false,up=false,west=true	1710
O	minecraft:vine	east=true,north=true,south=false,up=true,west=false	1708
O	minecraft:vine	east=true,north=true,south=false,up=true,west=true	1710
O	minecraft:vine	east=true,north=true,south=true,up=false,west=false	1709
O	minecraft:vine	east=true,north=true,south=true,up=false,west=true	1711
O	minecraft:vine	east=true,north=true,south=true,up=true,west=false	1709
O	minecraft:vine	east=true,north=true,south=true,up=true,west=true	1711
O	minecraft:wall_banner	facing=east	2837
O	minecraft:wall_banner	facing=north	2834
O	minecraft:wall_banner	facing=south	2835
O	minecraft:wall_banner	facing=west	2836
O	minecraft:wall_sign	facing=east	1093
O	minecraft:wall_sign	facing=north	1090
O	minecraft:wall_sign	facing=south	1091
O	minecraft:wall_sign	facing=west	1092
O	minecraft:water	level=0	144
O	minecraft:water	level=1	145
O	minecraft:water	level=10	154
O	minecraft:water	level=11	155
O	minecraft:water	level=12	156
O	minecraft:water	level=13	157
O	minecraft:water	level=14	158
O	minecraft:water	level=15	159
O	minecraft:water	level=2	146
O	minecraft:water	level=3	147
O	minecraft:water	level=4	148
O	minecraft:water	level=5	149
O	minecraft:water	level=6	150
O	minecraft:water	level=7	151
O	minecraft:water	level=8	152
O	minecraft:water	level=9	153
O	minecraft:waterlily		1776
O	minecraft:web		480
O	minecraft:wheat	age=0	944
O	minecraft:wheat	age=1	945
O	minecraft:wheat	age=2	946
O	minecraft:wheat	age=3	947
O	minecraft:wheat	age=4	948
O	minecraft:wheat	age=5	949
O	minecraft:wheat	age=6	950
O	minecraft:wheat	age=7	951
O	minecraft:white_glazed_terracotta	facing=east	3763
O	minecraft:white_glazed_terracotta	facing=north	3762
O	minecraft:white_glazed_terracotta	facing=south	3760
O	minecraft:white_glazed_terracotta	facing=west	3761
O	minecraft:white_shulker_box	facing=down	3504
O	minecraft:white_shulker_box	facing=east	3509
O	minecraft:white_shulker_box	facing=north	3506
O	minecraft:white_shulker_box	facing=south	3507
O	minecraft:white_shulker_box	facing=up	3505
O	minecraft:white_shulker_box	facing=west	3508
O	minecraft:wooden_button	facing=down,powered=false	2288
O	minecraft:wooden_button	facing=down,powered=true	2296
O	minecraft:wooden_button	facing=east,powered=false	2289
O	minecraft:wooden_button	facing=east,powered=true	2297
O	minecraft:wooden_button	facing=north,powered=false	2292
O	minecraft:wooden_button	facing=north,powered=true	2300
O	minecraft:wooden_button	facing=south,powered=false	2291
O	minecraft:wooden_button	facing=south,powered=true	2299
O	minecraft:wooden_button	facing=up,powered=false	2293
O	minecraft:wooden_button	facing=up,powered=true	2301
O	minecraft:wooden_button	facing=west,powered=false	2290
O	minecraft:wooden_button	facing=west,powered=true	2298
O	minecraft:wooden_door	facing=east,half=lower,hinge=left,open=false,powered=false	1024
O	minecraft:wooden_door	facing=east,half=lower,hinge=left,open=false,powered=true	1024
O	minecraft:wooden_door	facing=east,half=lower,hinge=left,open=true,powered=false	1028
O	minecraft:wooden_door	facing=east,half=lower,hinge=left,open=true,powered=true	1028
O	minecraft:wooden_door	facing=east,half=lower,hinge=right,open=false,powered=false	1024
O	minecraft:wooden_door	facing=east,half=lower,hinge=right,open=false,powered=true	1024
O	minecraft:wooden_door	facing=east,half=lower,hinge=right,open=true,powered=false	1028
O	minecraft:wooden_door	facing=east,half=lower,hinge=right,open=true,powered=true	1028
O	minecraft:wooden_door	facing=east,half=upper,hinge=left,open=false,powered=false	1032
O	minecraft:wooden_door	facing=east,half=upper,hinge=left,open=false,powered=true	1034
O	minecraft:wooden_door	facing=east,half=upper,hinge=left,open=true,powered=false	1032
O	minecraft:wooden_door	facing=east,half=upper,hinge=left,open=true,powered=true	1034
O	minecraft:wooden_door	facing=east,half=upper,hinge=right,open=false,powered=false	1033
O	minecraft:wooden_door	facing=east,half=upper,hinge=right,open=false,powered=true	1035
O	minecraft:wooden_door	facing=east,half=upper,hinge=right,open=true,powered=false	1033
O	minecraft:wooden_door	facing=east,half=upper,hinge=right,open=true,powered=true	1035
O	minecraft:wooden_door	facing=north,half=lower,hinge=left,open=false,powered=false	1027
O	minecraft:wooden_door	facing=north,half=lower,hinge=left,open=false,powered=true	1027
O	minecraft:wooden_door	facing=north,half=lower,hinge=left,open=true,powered=false	1031
O	minecraft:wooden_door	facing=north,half=lower,hinge=left,open=true,powered=true	1031
O	minecraft:wooden_door	facing=north,half=lower,hinge=right,open=false,powered=false	1027
O	minecraft:wooden_door	facing=north,half=lower,hinge=right,open=false,powered=true	1027
O	minecraft:wooden_door	facing=north,half=lower,hinge=right,open=true,powered=false	1031
O	minecraft:wooden_door	facing=north,half=lower,hinge=right,open=true,powered=true	1031
O	minecraft:wooden_door	facing=north,half=upper,hinge=left,open=false,powered=false	1032
O	minecraft:wooden_door	facing=north,half=upper,hinge=left,open=false,powered=true	1034
O	minecraft:wooden_door	facing=north,half=upper,hinge=left,open=true,powered=false	1032
O	minecraft:wooden_door	facing=north,half=upper,hinge=left,open=true,powered=true	1034
O	minecraft:wooden_door	facing=north,half=upper,hinge=right,open=false,powered=false	1033
O	minecraft:wooden_door	facing=north,half=upper,hinge=right,open=false,powered=true	1035
O	minecraft:wooden_door	facing=north,half=upper,hinge=right,open=true,powered=false	1033
O	minecraft:wooden_door	facing=north,half=upper,hinge=right,open=true,powered=true	1035
O	minecraft:wooden_door	facing=south,half=lower,hinge=left,open=false,powered=false	1025
O	minecraft:wooden_door	facing=south,half=lower,hinge=left,open=false,powered=true	1025
O	minecraft:wooden_door	facing=south,half=lower,hinge=left,open=true,powered=false	1029
O	minecraft:wooden_door	facing=south,half=lower,hinge=left,open=true,powered=true	1029
O	minecraft:wooden_door	facing=south,half=lower,hinge=right,open=false,powered=false	1025
O	minecraft:wooden_door	facing=south,half=lower,hinge=right,open=false,powered=true	1025
O	minecraft:wooden_door	facing=south,half=lower,hinge=right,open=true,powered=false	1029
O	minecraft:wooden_door	facing=south,half=lower,hinge=right,open=true,powered=true	1029
O	minecraft:wooden_door	facing=south,half=upper,hinge=left,open=false,powered=false	1032
O	minecraft:wooden_door	facing=south,half=upper,hinge=left,open=false,powered=true	1034
O	minecraft:wooden_door	facing=south,half=upper,hinge=left,open=true,powered=false	1032
O	minecraft:wooden_door	facing=south,half=upper,hinge=left,open=true,powered=true	1034
O	minecraft:wooden_door	facing=south,half=upper,hinge=right,open=false,powered=false	1033
O	minecraft:wooden_door	facing=south,half=upper,hinge=right,open=false,powered=true	1035
O	minecraft:wooden_door	facing=south,half=upper,hinge=right,open=true,powered=false	1033
O	minecraft:wooden_door	facing=south,half=upper,hinge=right,open=true,powered=true	1035
O	minecraft:wooden_door	facing=west,half=lower,hinge=left,open=false,powered=false	1026
O	minecraft:wooden_door	facing=west,half=lower,hinge=left,open=false,powered=true	1026
O	minecraft:wooden_door	facing=west,half=lower,hinge=left,open=true,powered=false	1030
O	minecraft:wooden_door	facing=west,half=lower,hinge=left,open=true,powered=true	1030
O	minecraft:wooden_door	facing=west,half=lower,hinge=right,open=false,powered=false	1026
O	minecraft:wooden_door	facing=west,half=lower,hinge=right,open=false,powered=true	1026
O	minecraft:wooden_door	facing=west,half=lower,hinge=right,open=true,powered=false	1030
O	minecraft:wooden_door	facing=west,half=lower,hinge=right,open=true,powered=true	1030
O	minecraft:wooden_door	facing=west,half=upper,hinge=left,open=false,powered=false	1032
O	minecraft:wooden_door	facing=west,half=upper,hinge=left,open=false,powered=true	1034
O	minecraft:wooden_door	facing=west,half=upper,hinge=left,open=true,powered=false	1032
O	minecraft:wooden_door	facing=west,half=upper,hinge=left,open=true,powered=true	1034
O	minecraft:wooden_door	facing=west,half=upper,hinge=right,open=false,powered=false	1033
O	minecraft:wooden_door	facing=west,half=upper,hinge=right,open=false,powered=true	1035
O	minecraft:wooden_door	facing=west,half=upper,hinge=right,open=true,powered=false	1033
O	minecraft:wooden_door	facing=west,half=upper,hinge=right,open=true,powered=true	1035
O	minecraft:wooden_pressure_plate	powered=false	1152
O	minecraft:wooden_pressure_plate	powered=true	1153
O	minecraft:wooden_slab	half=bottom,variant=acacia	2020
O	minecraft:wooden_slab	half=bottom,variant=birch	2018
O	minecraft:wooden_slab	half=bottom,variant=dark_oak	2021
O	minecraft:wooden_slab	half=bottom,variant=jungle	2019
O	minecraft:wooden_slab	half=bottom,variant=oak	2016
O	minecraft:wooden_slab	half=bottom,variant=spruce	2017
O	minecraft:wooden_slab	half=top,variant=acacia	2028
O	minecraft:wooden_slab	half=top,variant=birch	2026
O	minecraft:wooden_slab	half=top,variant=dark_oak	2029
O	minecraft:wooden_slab	half=top,variant=jungle	2027
O	minecraft:wooden_slab	half=top,variant=oak	2024
O	minecraft:wooden_slab	half=top,variant=spruce	2025
O	minecraft:wool	color=black	575
O	minecraft:wool	color=blue	571
O	minecraft:wool	color=brown	572
O	minecraft:wool	color=cyan	569
O	minecraft:wool	color=gray	567
O	minecraft:wool	color=green	573
O	minecraft:wool	color=light_blue	563
O	minecraft:wool	color=lime	565
O	minecraft:wool	color=magenta	562
O	minecraft:wool	color=orange	561
O	minecraft:wool	color=pink	566
O	minecraft:wool	color=purple	570
O	minecraft:wool	color=red	574
O	minecraft:wool	color=silver	568
O	minecraft:wool	color=white	560
O	minecraft:wool	color=yellow	564
O	minecraft:yellow_flower	type=dandelion	592
O	minecraft:yellow_glazed_terracotta	facing=east	3827
O	minecraft:yellow_glazed_terracotta	facing=north	3826
O	minecraft:yellow_glazed_terracotta	facing=south	3824
O	minecraft:yellow_glazed_terracotta	facing=west	3825
O	minecraft:yellow_shulker_box	facing=down	3568
O	minecraft:yellow_shulker_box	facing=east	3573
O	minecraft:yellow_shulker_box	facing=north	3570
O	minecraft:yellow_shulker_box	facing=south	3571
O	minecraft:yellow_shulker_box	facing=up	3569
O	minecraft:yellow_shulker_box	facing=west	3572
N	minecraft:acacia_door	3136
N	minecraft:acacia_fence	3072
N	minecraft:acacia_fence_gate	2992
N	minecraft:acacia_stairs	2608
N	minecraft:activator_rail	2512
N	minecraft:air	0
N	minecraft:anvil	2320
N	minecraft:barrier	2656
N	minecraft:beacon	2208
N	minecraft:bed	416
N	minecraft:bedrock	112
N	minecraft:beetroots	3312
N	minecraft:birch_door	3104
N	minecraft:birch_fence	3024
N	minecraft:birch_fence_gate	2944
N	minecraft:birch_stairs	2160
N	minecraft:black_glazed_terracotta	4000
N	minecraft:black_shulker_box	3744
N	minecraft:blue_glazed_terracotta	3936
N	minecraft:blue_shulker_box	3680
N	minecraft:bone_block	3456
N	minecraft:bookshelf	752
N	minecraft:brewing_stand	1872
N	minecraft:brick_block	720
N	minecraft:brick_stairs	1728
N	minecraft:brown_glazed_terracotta	3952
N	minecraft:brown_mushroom	624
N	minecraft:brown_mushroom_block	1584
N	minecraft:brown_shulker_box	3696
N	minecraft:cactus	1296
N	minecraft:cake	1472
N	minecraft:carpet	2736
N	minecraft:carrots	2256
N	minecraft:cauldron	1888
N	minecraft:chain_command_block	3376
N	minecraft:chest	866
N	minecraft:chorus_flower	3200
N	minecraft:chorus_plant	3184
N	minecraft:clay	1312
N	minecraft:coal_block	2768
N	minecraft:coal_ore	256
N	minecraft:cobblestone	64
N	minecraft:cobblestone_wall	2224
N	minecraft:cocoa	2032
N	minecraft:command_block	2192
N	minecraft:concrete	4016
N	minecraft:concrete_powder	4032
N	minecraft:crafting_table	928
N	minecraft:cyan_glazed_terracotta	3904
N	minecraft:cyan_shulker_box	3648
N	minecraft:dark_oak_door	3152
N	minecraft:dark_oak_fence	3056
N	minecraft:dark_oak_fence_gate	2976
N	minecraft:dark_oak_stairs	2624
N	minecraft:daylight_detector	2416
N	minecraft:daylight_detector_inverted	2848
N	minecraft:deadbush	512
N	minecraft:detector_rail	448
N	minecraft:diamond_block	912
N	minecraft:diamond_ore	896
N	minecraft:dirt	48
N	minecraft:dispenser	368
N	minecraft:double_plant	2800
N	minecraft:double_stone_slab	688
N	minecraft:double_stone_slab2	2896
N	minecraft:double_wooden_slab	2000
N	minecraft:dragon_egg	1952
N	minecraft:dropper	2528
N	minecraft:emerald_block	2128
N	minecraft:emerald_ore	2064
N	minecraft:enchanting_table	1856
N	minecraft:end_bricks	3296
N	minecraft:end_gateway	3344
N	minecraft:end_portal	1904
N	minecraft:end_portal_frame	1920
N	minecraft:end_rod	3168
N	minecraft:end_stone	1936
N	minecraft:ender_chest	2082
N	minecraft:farmland	960
N	minecraft:fence	1360
N	minecraft:fence_gate	1712
N	minecraft:fire	816
N	minecraft:flower_pot	2240
N	minecraft:flowing_lava	160
N	minecraft:flowing_water	128
N	minecraft:frosted_ice	3392
N	minecraft:furnace	978
N	minecraft:glass	320
N	minecraft:glass_pane	1632
N	minecraft:glowstone	1424
N	minecraft:gold_block	656
N	minecraft:gold_ore	224
N	minecraft:golden_rail	432
N	minecraft:grass	32
N	minecraft:grass_path	3328
N	minecraft:gravel	208
N	minecraft:gray_glazed_terracotta	3872
N	minecraft:gray_shulker_box	3616
N	minecraft:green_glazed_terracotta	3968
N	minecraft:green_shulker_box	3712
N	minecraft:hardened_clay	2752
N	minecraft:hay_block	2720
N	minecraft:heavy_weighted_pressure_plate	2368
N	minecraft:hopper	2464
N	minecraft:ice	1264
N	minecraft:iron_bars	1616
N	minecraft:iron_block	672
N	minecraft:iron_door	1136
N	minecraft:iron_ore	240
N	minecraft:iron_trapdoor	2672
N	minecraft:jukebox	1344
N	minecraft:jungle_door	3120
N	minecraft:jungle_fence	3040
N	minecraft:jungle_fence_gate	2960
N	minecraft:jungle_stairs	2176
N	minecraft:ladder	1042
N	minecraft:lapis_block	352
N	minecraft:lapis_ore	336
N	minecraft:lava	176
N	minecraft:leaves	288
N	minecraft:leaves2	2576
N	minecraft:lever	1104
N	minecraft:light_blue_glazed_terracotta	3808
N	minecraft:light_blue_shulker_box	3552
N	minecraft:light_weighted_pressure_plate	2352
N	minecraft:lime_glazed_terracotta	3840
N	minecraft:lime_shulker_box	3584
N	minecraft:lit_furnace	994
N	minecraft:lit_pumpkin	1456
N	minecraft:lit_redstone_lamp	1984
N	minecraft:lit_redstone_ore	1184
N	minecraft:log	272
N	minecraft:log2	2592
N	minecraft:magenta_glazed_terracotta	3792
N	minecraft:magenta_shulker_box	3536
N	minecraft:magma	3408
N	minecraft:melon_block	1648
N	minecraft:melon_stem	1680
N	minecraft:mob_spawner	832
N	minecraft:monster_egg	1552
N	minecraft:mossy_cobblestone	768
N	minecraft:mycelium	1760
N	minecraft:nether_brick	1792
N	minecraft:nether_brick_fence	1808
N	minecraft:nether_brick_stairs	1824
N	minecraft:nether_wart	1840
N	minecraft:nether_wart_block	3424
N	minecraft:netherrack	1392
N	minecraft:noteblock	400
N	minecraft:oak_stairs	848
N	minecraft:observer	3488
N	minecraft:obsidian	784
N	minecraft:orange_glazed_terracotta	3776
N	minecraft:orange_shulker_box	3520
N	minecraft:packed_ice	2784
N	minecraft:pink_glazed_terracotta	3856
N	minecraft:pink_shulker_box	3600
N	minecraft:piston	528
N	minecraft:piston_extension	576
N	minecraft:piston_head	544
N	minecraft:planks	80
N	minecraft:portal	1441
N	minecraft:potatoes	2272
N	minecraft:powered_comparator	2400
N	minecraft:powered_repeater	1504
N	minecraft:prismarine	2688
N	minecraft:pumpkin	1376
N	minecraft:pumpkin_stem	1664
N	minecraft:purple_glazed_terracotta	3920
N	minecraft:purple_shulker_box	3664
N	minecraft:purpur_block	3216
N	minecraft:purpur_double_slab	3264
N	minecraft:purpur_pillar	3232
N	minecraft:purpur_slab	3280
N	minecraft:purpur_stairs	3248
N	minecraft:quartz_block	2480
N	minecraft:quartz_ore	2448
N	minecraft:quartz_stairs	2496
N	minecraft:rail	1056
N	minecraft:red_flower	608
N	minecraft:red_glazed_terracotta	3984
N	minecraft:red_mushroom	640
N	minecraft:red_mushroom_block	1600
N	minecraft:red_nether_brick	3440
N	minecraft:red_sandstone	2864
N	minecraft:red_sandstone_stairs	2880
N	minecraft:red_shulker_box	3728
N	minecraft:redstone_block	2432
N	minecraft:redstone_lamp	1968
N	minecraft:redstone_ore	1168
N	minecraft:redstone_torch	1217
N	minecraft:redstone_wire	880
N	minecraft:reeds	1328
N	minecraft:repeating_command_block	3360
N	minecraft:sand	192
N	minecraft:sandstone	384
N	minecraft:sandstone_stairs	2048
N	minecraft:sapling	96
N	minecraft:sea_lantern	2704
N	minecraft:silver_glazed_terracotta	3888
N	minecraft:silver_shulker_box	3632
N	minecraft:skull	2304
N	minecraft:slime	2640
N	minecraft:snow	1280
N	minecraft:snow_layer	1248
N	minecraft:soul_sand	1408
N	minecraft:sponge	304
N	minecraft:spruce_door	3088
N	minecraft:spruce_fence	3008
N	minecraft:spruce_fence_gate	2928
N	minecraft:spruce_stairs	2144
N	minecraft:stained_glass	1520
N	minecraft:stained_glass_pane	2560
N	minecraft:stained_hardened_clay	2544
N	minecraft:standing_banner	2816
N	minecraft:standing_sign	1008
N	minecraft:sticky_piston	464
N	minecraft:stone	16
N	minecraft:stone_brick_stairs	1744
N	minecraft:stone_button	1232
N	minecraft:stone_pressure_plate	1120
N	minecraft:stone_slab	704
N	minecraft:stone_slab2	2912
N	minecraft:stone_stairs	1072
N	minecraft:stonebrick	1568
N	minecraft:structure_block	4080
N	minecraft:structure_void	3472
N	minecraft:tallgrass	496
N	minecraft:tnt	736
N	minecraft:torch	801
N	minecraft:trapdoor	1536
N	minecraft:trapped_chest	2338
N	minecraft:tripwire	2112
N	minecraft:tripwire_hook	2096
N	minecraft:unlit_redstone_torch	1201
N	minecraft:unpowered_comparator	2384
N	minecraft:unpowered_repeater	1488
N	minecraft:vine	1696
N	minecraft:wall_banner	2834
N	minecraft:wall_sign	1090
N	minecraft:water	144
N	minecraft:waterlily	1776
N	minecraft:web	480
N	minecraft:wheat	944
N	minecraft:white_glazed_terracotta	3760
N	minecraft:white_shulker_box	3504
N	minecraft:wooden_button	2288
N	minecraft:wooden_door	1024
N	minecraft:wooden_pressure_plate	1152
N	minecraft:wooden_slab	2016
N	minecraft:wool	560
N	minecraft:yellow_flower	592
N	minecraft:yellow_glazed_terracotta	3824
N	minecraft:yellow_shulker_box	3568
